#games 179550
0 e4 55030 3479 49450
0 d4 23993 1497 19765
0 e3 2414 186 2874
0 c4 2781 175 2361
0 Nf3 2212 141 2047
0 g3 1028 66 1134
0 b3 880 57 870
0 f4 824 39 744
0 d3 705 53 844
0 Nc3 558 40 539
0 b4 408 28 397
0 a3 246 16 240
0 c3 188 10 260
0 g4 144 9 226
0 h4 57 10 113
0 f3 62 5 84
0 h3 43 1 85
0 a4 18 3 64
0 Nh3 2 0 26
0 Na3 2 1 16
20 e5 0 0 9
10 e5 179 12 185
10 d5 137 8 133
10 e6 57 4 57
10 Nf6 52 6 43
10 c5 34 3 30
10 g6 31 1 28
10 c6 17 0 16
10 d6 16 2 13
10 Nc6 15 1 11
10 b6 8 0 13
10 f5 4 1 4
10 a6 3 0 2
5 d5 796 59 719
5 e6 313 25 273
5 c5 227 15 214
5 Nf6 170 8 204
5 Nc6 199 7 172
5 d6 140 6 129
5 g6 93 7 88
5 b6 81 5 79
5 c6 58 2 66
5 e5 65 4 54
5 f5 20 0 25
5 f6 21 1 7
5 b5 7 1 7
5 a6 7 1 7
5 h6 7 0 1
5 h5 4 0 1
19 e5 0 0 11
19 d5 1 0 4
12 e5 86 4 59
12 d5 57 7 65
12 e6 33 2 24
12 c5 9 0 24
12 g6 14 0 13
12 Nf6 10 0 16
12 b6 13 1 12
12 c6 6 0 12
12 d6 9 2 7
18 e5 7 0 23
18 d5 2 0 15
18 e6 4 1 8
18 b6 3 1 4
7 e5 258 20 272
7 d5 196 10 185
7 e6 121 6 108
7 Nf6 53 5 59
7 b6 67 4 44
7 c5 45 5 62
7 d6 40 1 51
7 g6 35 1 34
7 c6 28 1 24
7 Nc6 16 2 14
7 f6 6 0 4
7 f5 2 1 5
7 a5 6 0 1
7 h6 3 0 3
11 e5 177 16 183
11 d5 93 7 67
11 e6 45 1 56
11 Nf6 18 1 17
11 g6 10 0 20
11 c6 9 0 10
11 Nc6 7 2 9
11 d6 11 1 6
11 b6 9 0 8
11 c5 8 0 4
11 b5 4 0 3
11 a5 2 0 5
11 f5 2 0 4
11 g5 5 0 1
13 e5 56 4 107
13 d5 45 2 55
13 e6 26 1 26
13 b6 14 1 16
13 Nf6 9 0 15
13 c5 9 1 14
13 c6 11 0 5
13 g6 6 1 9
13 d6 6 0 6
4 e5 957 66 869
4 e6 423 19 294
4 Nf6 295 25 323
4 c5 304 17 280
4 d5 265 11 157
4 g6 131 7 122
4 d6 118 7 85
4 c6 84 4 93
4 b6 74 8 57
4 Nc6 43 2 33
4 f5 32 6 26
4 a6 16 0 6
4 b5 13 1 6
4 f6 9 0 3
4 h5 5 0 4
4 g5 5 0 2
9 d5 231 18 263
9 e5 183 12 224
9 e6 82 4 118
9 c5 40 4 55
9 b6 40 6 36
9 Nf6 24 1 39
9 g6 21 2 36
9 d6 30 2 26
9 c6 24 2 23
9 Nc6 9 1 11
9 h6 8 0 2
9 f5 2 0 5
9 f6 4 1 1
9 a6 2 0 3
2 d5 11754 729 8873
2 e6 3706 220 2979
2 Nf6 2855 230 3253
2 d6 1025 55 774
2 c5 904 55 837
2 g6 800 51 696
2 b6 695 42 598
2 c6 620 34 564
2 e5 596 26 476
2 f5 395 22 337
2 Nc6 296 13 154
2 b5 104 8 81
2 a6 62 7 48
2 f6 55 3 25
2 a5 42 1 27
2 h6 31 1 19
2 h5 25 0 18
2 g5 15 0 4
2 Na6 9 0 2
3 e5 954 73 1159
3 d5 446 45 525
3 e6 309 24 344
3 c5 220 10 309
3 b6 99 6 122
3 d6 115 8 86
3 Nf6 61 7 105
3 c6 68 4 79
3 g6 58 5 76
3 Nc6 33 2 34
3 f5 11 0 13
3 a6 12 1 9
3 g5 5 0 3
3 a5 6 0 2
3 h6 4 0 3
3 f6 5 0 2
3 h5 4 0 2
1 e5 25387 1559 20754
1 c5 8211 583 9440
1 e6 6427 389 6435
1 d5 4711 309 3807
1 c6 2441 174 2356
1 d6 2198 128 1807
1 b6 1405 82 1280
1 g6 1344 97 1195
1 Nf6 1003 57 1040
1 Nc6 941 59 688
1 a6 290 23 243
1 g5 232 5 177
1 f5 96 4 96
1 f6 78 2 38
1 h6 62 1 35
1 a5 70 4 23
1 h5 67 0 21
1 b5 38 1 9
1 Nh6 17 1 2
1 Na6 12 1 4
16 e5 16 3 23
16 d5 15 1 19
16 e6 8 0 10
16 c5 5 0 8
16 c6 3 0 9
16 g6 6 0 3
16 b6 4 0 3
16 d6 2 1 4
8 d5 308 17 277
8 e6 145 5 124
8 c5 70 4 74
8 e5 39 5 73
8 Nf6 41 0 37
8 g6 40 1 32
8 b6 35 3 30
8 d6 38 0 22
8 c6 38 0 20
8 Nc6 27 2 26
8 f5 23 2 13
8 a6 8 0 6
8 f6 4 0 2
8 b5 2 0 4
8 h6 3 0 2
6 d5 283 22 313
6 e5 270 14 316
6 e6 130 8 126
6 c5 60 5 92
6 c6 50 3 70
6 b6 63 0 49
6 Nf6 47 5 54
6 g6 39 8 46
6 d6 46 1 39
6 Nc6 16 0 18
6 a6 12 0 2
6 f5 2 0 7
6 h5 5 0 0
14 e5 63 0 67
14 d5 40 3 84
14 e6 7 0 20
14 c5 7 1 12
14 d6 8 1 10
14 g6 4 2 6
14 Nc6 1 1 6
14 b6 2 1 4
14 c6 2 0 5
14 g5 2 0 4
14 Nf6 3 0 2
17 e5 12 0 41
17 d5 11 0 11
17 e6 1 1 10
17 c6 3 0 7
17 c5 1 0 4
17 Nc6 2 0 3
15 e5 23 5 53
15 d5 11 1 24
15 e6 10 0 6
15 g6 3 1 7
15 b6 4 1 4
15 c5 0 1 7
15 d6 2 0 3
30 Nf3 6 1 6
30 d4 4 0 1
25 e4 25 4 14
25 d4 13 1 10
25 Nf3 10 1 10
25 d3 3 0 2
31 d4 4 0 4
26 e4 12 1 6
26 Nf3 10 0 7
26 d3 4 1 5
26 d4 5 1 3
26 e3 2 0 4
28 e4 4 0 6
28 Nf3 4 0 6
28 d4 3 0 2
23 e4 63 3 35
23 d4 31 4 37
23 Nf3 15 0 28
23 e3 22 1 15
23 b3 1 0 6
23 Nxd5 1 0 4
29 d4 6 0 7
29 Nf3 5 1 1
29 e4 3 1 2
22 Nf3 64 3 51
22 e4 57 3 49
22 d4 32 2 42
22 e3 8 0 12
22 d3 7 3 9
22 a3 4 0 5
22 b3 3 1 4
24 d4 18 2 16
24 Nf3 17 0 18
24 e4 17 1 11
24 a3 1 1 4
24 e3 2 0 3
27 e4 17 0 2
27 d4 6 1 11
27 Nf3 5 0 12
38 d4 90 5 67
38 g3 38 1 32
38 Nc3 18 1 22
38 e4 14 0 21
38 c4 14 0 6
38 e3 10 0 7
38 Ng5 6 0 6
38 c3 3 0 4
38 b3 5 0 2
37 g3 62 2 74
37 d4 52 2 53
37 c4 29 2 23
37 Nc3 8 0 18
37 e3 4 0 14
37 b3 5 1 7
37 d3 4 0 4
46 g3 4 0 3
41 g3 30 2 24
41 d4 16 1 21
41 e4 20 0 16
41 e3 6 1 6
41 Nc3 4 0 5
36 g3 82 3 69
36 d4 47 3 40
36 c4 41 4 30
36 e4 25 2 26
36 c3 10 1 11
36 e3 9 2 8
36 Nc3 5 0 8
36 d3 4 0 8
36 b3 1 0 4
36 Ne5 2 0 3
42 g3 26 1 23
42 d4 12 0 11
42 c4 6 1 10
42 e4 4 0 7
42 b3 3 0 4
42 e3 4 0 2
42 Nc3 2 0 4
34 d4 309 28 258
34 g3 229 18 208
34 c4 123 5 77
34 e3 41 5 58
34 Nc3 19 0 48
34 b3 25 1 15
34 e4 16 1 16
34 Ng5 11 0 8
34 d3 10 1 5
34 c3 5 0 5
34 Nd4 2 0 7
34 Ne5 3 0 5
39 d4 55 3 47
39 g3 33 1 23
39 e4 14 1 15
39 c4 9 0 8
39 Nc3 6 0 9
39 e3 7 0 7
39 Ng5 9 0 4
39 c3 2 0 5
39 b3 2 1 3
43 Nxe5 28 1 24
43 d4 15 0 12
43 e4 8 1 8
43 g3 5 1 2
43 Nc3 4 0 3
43 d3 3 1 2
35 g3 85 14 97
35 d4 93 5 63
35 c4 42 1 36
35 e4 37 2 18
35 Nc3 15 0 18
35 e3 12 0 18
35 b3 13 2 6
35 Ne5 9 0 9
44 d4 9 0 4
44 g3 2 0 9
44 c4 6 0 4
45 d4 9 1 4
45 e4 5 0 0
40 g3 35 3 24
40 d4 21 3 20
40 e4 10 0 13
40 c4 11 0 6
40 Nc3 5 0 9
40 e3 1 0 5
40 c3 2 0 3
57 c4 6 0 11
57 d3 4 0 3
58 c4 9 1 5
58 d3 3 0 2
55 c4 3 0 13
55 b3 3 0 4
59 c4 5 0 10
53 c4 19 5 30
53 d3 9 1 21
53 b3 17 0 3
53 d4 5 0 3
60 d3 4 0 4
60 c4 4 1 3
52 d3 39 0 21
52 c4 16 2 19
52 b3 13 2 2
52 e4 5 0 7
52 e3 6 0 4
52 b4 2 0 3
54 c4 16 2 12
54 b3 8 0 2
54 d3 5 0 3
56 c4 6 0 6
56 d3 6 0 3
61 h4 4 0 4
61 b3 1 0 5
61 a5 1 0 4
74 Bb2 13 2 13
68 Bb2 51 5 56
77 Bb2 5 0 1
69 Bb2 65 4 43
70 Bb2 43 4 57
73 Bb2 28 1 22
66 Bb2 185 9 170
66 e3 4 1 4
66 d4 4 0 1
71 Bb2 38 1 49
65 Bb2 243 19 241
65 e4 4 0 7
65 e3 1 0 7
65 g3 3 0 2
65 d4 2 0 3
65 c3 2 0 3
67 Bb2 114 5 98
76 Bb2 2 1 5
75 Bb2 5 0 3
72 Bb2 33 1 30
78 Bb2 3 0 2
85 b5 6 1 5
82 Bb2 16 0 10
89 Bb2 2 0 3
87 Bb2 7 0 5
88 bxc5 5 0 2
84 Bb2 9 0 8
80 Bb2 71 5 49
80 b5 6 1 10
80 Nf3 3 1 3
80 d4 4 0 2
80 a3 4 0 1
86 Bb2 9 0 6
79 Bb2 132 7 126
79 b5 37 8 34
79 Ba3 2 1 10
79 a3 4 0 5
81 Bb2 38 1 42
81 b5 3 0 8
91 Bb2 2 0 3
83 Bb2 9 0 18
97 d4 5 0 6
96 d4 7 1 4
98 d4 4 1 6
99 d4 6 0 1
94 d4 16 1 20
94 b4 11 0 8
94 e3 6 0 7
94 Qa4 3 0 6
94 Nf3 4 0 4
94 d3 2 0 5
101 d4 4 0 5
93 b4 27 0 20
93 d4 10 0 28
93 e4 7 2 18
93 e3 4 0 10
93 Nf3 3 0 11
93 d3 2 0 7
93 Qb3 1 1 4
95 d4 9 1 12
95 b4 10 0 1
95 e4 3 0 2
100 d4 2 0 4
111 Nc3 18 2 16
111 d4 11 0 6
111 g3 4 0 2
111 d3 3 0 2
111 e3 3 0 2
104 Nc3 180 15 186
104 d4 28 1 40
104 e3 19 3 29
104 b3 15 1 27
104 g3 18 2 19
104 Nf3 24 2 12
104 d3 8 1 6
113 Nc3 12 0 0
114 cxb5 9 1 5
110 Nc3 37 7 32
110 d4 14 0 5
110 e3 8 0 4
110 e4 8 0 3
110 b3 4 0 5
110 Nf3 1 0 4
105 Nc3 162 9 150
105 Nf3 36 1 33
105 e3 30 4 33
105 b3 22 0 22
105 g3 25 1 17
105 d4 12 1 7
105 d3 8 1 9
105 e4 6 0 6
109 Nc3 38 2 43
109 d4 13 1 18
109 b3 5 0 10
109 e3 8 0 6
109 g3 7 1 4
109 Nf3 5 0 4
109 d3 3 0 2
106 cxd5 156 8 74
106 e3 37 2 25
106 Nc3 35 1 21
106 d4 10 0 11
106 c5 9 0 10
106 b3 3 0 6
106 g3 6 0 3
106 d3 4 0 3
106 Nf3 5 0 1
108 Nc3 73 3 42
108 d4 15 1 12
108 e3 10 1 7
108 g3 7 0 8
108 b3 5 1 8
108 Nf3 5 1 4
102 Nc3 560 43 469
102 e3 101 4 89
102 g3 66 2 61
102 d3 54 5 65
102 b3 61 7 46
102 e4 36 2 53
102 d4 35 1 36
102 Nf3 30 2 21
102 a3 6 0 11
102 b4 2 0 5
103 Nc3 212 9 154
103 d4 57 4 39
103 g3 40 5 20
103 e3 37 0 27
103 b3 28 0 14
103 Nf3 24 1 14
103 d3 11 0 11
103 e4 7 0 6
112 Nc3 15 1 15
112 d4 10 2 6
112 g3 4 0 2
112 e3 1 2 2
115 Nc3 4 0 2
107 Nc3 58 6 56
107 d4 20 0 19
107 b3 17 0 14
107 g3 11 0 10
107 e3 6 1 9
107 d3 8 0 7
107 Nf3 8 0 0
107 e4 3 0 4
116 Nc3 3 0 2
127 e3 3 1 4
127 e4 3 0 3
123 e3 11 0 15
123 e4 5 1 13
123 d4 2 0 3
123 g3 3 0 2
122 e3 15 3 7
122 e4 6 0 15
122 Nf3 2 1 3
122 d4 3 1 1
121 e4 12 2 14
121 e3 13 0 12
121 g3 4 0 8
121 d4 0 1 6
121 c4 4 1 2
121 Nf3 3 0 2
126 e4 10 0 10
126 e3 5 1 4
126 g3 4 0 3
118 e3 94 11 103
118 e4 31 5 40
118 g3 26 0 24
118 Nf3 22 0 25
118 d4 17 1 16
118 c3 9 0 6
118 Bf4 5 1 8
118 Nc3 6 0 6
118 c4 4 0 7
118 h3 5 0 3
118 f4 3 0 4
118 Be3 3 0 3
118 Qd2 1 0 4
125 e3 13 0 10
125 e4 5 2 7
125 d4 5 0 3
119 e3 53 6 63
119 e4 47 1 67
119 g3 36 1 31
119 Nf3 16 1 24
119 d4 9 1 11
119 Be3 3 1 4
119 f3 3 0 3
119 Nc3 2 1 3
120 e3 38 0 33
120 e4 19 1 38
120 Nf3 5 0 8
120 d4 5 1 4
120 g3 6 0 3
120 c4 2 0 5
120 c3 0 0 5
120 Bf4 2 0 3
120 f4 2 0 3
130 e3 3 1 1
124 e4 8 1 14
124 e3 5 0 10
124 g3 3 0 3
142 Nf3 50 4 41
142 c4 54 1 36
142 d5 65 1 18
142 e3 38 2 19
142 e4 19 3 12
142 Bf4 16 1 5
142 c3 5 1 10
142 Nc3 12 0 3
142 f3 12 0 2
142 g3 5 0 2
142 f4 5 0 0
142 a3 3 0 2
142 Bg5 5 0 0
134 c4 1420 114 1459
134 Nf3 493 46 541
134 e3 231 22 353
134 Nc3 213 11 195
134 Bf4 119 10 130
134 Bg5 94 9 141
134 f3 55 2 90
134 g3 40 4 75
134 c3 30 3 61
134 d5 29 3 58
134 a3 41 0 37
134 f4 40 1 32
134 h3 14 1 24
134 e4 12 0 18
134 b3 9 1 10
134 Nd2 6 0 4
134 h4 5 0 2
134 Qd3 1 0 5
134 g4 1 1 4
146 c4 13 0 7
146 e4 6 0 5
146 e3 5 0 5
146 Nf3 6 0 2
146 Bf4 5 0 3
146 f3 3 0 2
144 c4 24 2 16
144 e4 12 2 9
144 e3 8 2 5
144 Nf3 6 0 5
144 Bg5 4 0 2
143 e4 42 1 34
143 e3 16 2 13
143 Nf3 14 3 13
143 c4 15 2 6
143 Bf4 3 0 3
143 f3 4 0 1
138 c4 227 12 162
138 e3 107 8 111
138 e4 93 2 89
138 Nf3 92 7 72
138 Nc3 45 6 19
138 Bf4 31 2 37
138 f3 23 2 32
138 c3 12 2 13
138 g3 16 0 9
138 Bg5 17 0 7
138 d5 12 0 11
138 a3 5 0 5
138 f4 5 1 3
138 h3 3 0 6
138 b3 5 0 2
138 Qd3 0 0 5
138 h4 0 0 5
136 d5 306 14 211
136 dxc5 162 17 182
136 e3 101 6 126
136 Nf3 117 3 92
136 c4 115 6 82
136 c3 42 1 53
136 Bf4 14 2 25
136 f3 6 1 20
136 e4 8 3 14
136 Nc3 7 2 8
136 g3 5 0 8
136 Bg5 11 0 2
136 a3 5 0 5
139 c4 258 15 184
139 e4 82 4 89
139 e3 71 7 83
139 Nf3 82 4 67
139 Bf4 36 1 39
139 Nc3 21 2 19
139 f3 16 0 23
139 g3 15 0 13
139 Bg5 14 0 8
139 a3 8 0 8
139 c3 3 0 11
139 d5 1 0 6
139 f4 6 0 1
139 b3 2 0 4
139 h3 2 0 3
132 c4 4909 310 3197
132 Nf3 1941 140 1434
132 e3 1589 105 1553
132 Nc3 1041 41 546
132 Bf4 784 43 640
132 f3 342 15 283
132 e4 248 12 221
132 g3 182 15 203
132 c3 160 12 188
132 a3 157 8 115
132 Bg5 123 5 92
132 f4 83 6 92
132 h3 69 9 73
132 b3 49 3 55
132 Qd3 31 4 63
132 h4 15 0 24
132 Nd2 9 0 16
132 Be3 6 0 15
132 b4 6 0 13
132 g4 2 0 5
132 Bd2 0 0 7
132 Qd2 3 0 2
132 a4 2 0 3
135 c4 362 26 260
135 e4 170 4 116
135 Nf3 156 9 84
135 e3 121 7 118
135 Bf4 53 3 48
135 Nc3 33 3 22
135 f3 24 0 31
135 Bg5 24 2 17
135 d5 16 1 23
135 c3 17 0 10
135 g3 13 0 12
135 f4 16 0 9
135 a3 8 0 2
135 h3 4 0 6
135 b3 4 0 5
140 dxe5 317 14 220
140 d5 91 2 76
140 e3 53 5 51
140 c4 55 1 45
140 Nf3 39 1 20
140 f3 14 2 19
140 c3 6 0 14
140 e4 6 0 8
140 Nc3 3 0 7
140 g3 1 0 6
140 Bg5 4 0 2
133 c4 1359 89 962
133 Nf3 580 30 428
133 e4 452 30 452
133 e3 391 27 401
133 Bf4 218 16 184
133 a3 261 10 101
133 f3 111 5 89
133 Nc3 92 4 72
133 g3 59 1 56
133 c3 44 3 62
133 d5 34 1 45
133 Bg5 37 1 32
133 f4 24 2 28
133 b3 13 1 16
133 h3 13 0 13
133 h4 7 0 9
133 Qd3 1 0 6
133 Be3 2 0 4
141 c4 156 10 133
141 Nf3 65 4 38
141 e3 37 3 48
141 Bf4 26 3 29
141 Nc3 35 0 20
141 g3 18 1 11
141 e4 13 0 7
141 f3 9 0 9
141 Bg5 11 0 6
141 d5 6 0 7
141 f4 5 0 8
141 c3 6 0 5
141 a3 3 0 3
145 c4 20 3 8
145 Nf3 11 0 7
145 e4 8 0 5
145 e3 6 0 1
145 Bf4 3 0 2
145 Nc3 4 0 1
149 c4 5 0 0
149 Bxg5 4 0 1
137 c4 285 16 211
137 e4 130 7 114
137 Nf3 112 10 85
137 e3 88 6 87
137 Nc3 69 2 28
137 Bf4 35 3 41
137 f3 21 2 30
137 g3 11 2 18
137 c3 9 1 15
137 d5 6 1 15
137 Bg5 9 0 13
137 f4 6 1 10
137 b3 9 0 8
137 a3 7 0 8
148 e4 4 0 7
148 e3 5 0 3
148 c4 3 0 3
148 Nf3 3 0 2
148 Bf4 4 0 1
147 c4 12 0 2
147 e4 5 0 6
147 Nf3 4 1 3
147 e3 4 0 2
160 d4 11 0 7
160 d3 6 0 5
160 b3 3 0 4
160 Nf3 1 0 5
160 Qf3 3 0 2
157 d4 19 2 20
157 b3 7 1 20
157 g3 8 0 11
157 d3 5 1 10
157 Nf3 4 1 4
157 Qf3 2 0 5
157 g4 3 0 4
157 Ne2 0 0 6
157 Qe2 2 0 4
157 Nc3 3 0 3
162 g3 4 0 1
155 d4 18 0 25
155 d3 10 1 23
155 Qf3 19 2 12
155 b3 9 0 8
155 g3 7 0 8
155 Nf3 5 0 9
155 Bc4 6 0 6
155 Qe2 6 0 3
155 Nc3 4 1 3
155 e4 2 0 5
155 f4 5 0 2
155 c3 0 0 5
154 d4 51 1 53
154 d3 29 2 40
154 g3 20 1 30
154 b3 22 2 25
154 Nf3 7 0 25
154 c3 14 1 15
154 f4 13 0 17
154 Qe2 5 0 20
154 Nc3 8 0 12
154 Ne2 8 0 10
154 Be2 9 0 9
154 Bc4 7 0 11
154 Qh5 6 0 11
154 Qf3 2 1 12
154 c4 7 0 5
154 e4 8 0 3
154 a3 1 1 3
158 d4 17 2 15
158 b3 12 0 15
158 d3 8 1 12
158 g3 7 0 6
158 Qf3 4 0 3
158 Qe2 1 1 4
158 Bc4 0 0 5
158 f4 4 0 1
152 d4 90 13 100
152 d3 61 6 71
152 g3 51 4 65
152 b3 57 1 43
152 Qe2 27 3 33
152 Nf3 22 1 34
152 f4 24 1 26
152 Qf3 15 4 21
152 Nc3 12 0 25
152 Ne2 16 3 10
152 c4 11 2 15
152 Be2 10 0 16
152 c3 10 1 15
152 a3 17 0 8
152 Bb5 7 1 6
152 Bd3 5 1 5
152 h3 2 0 7
152 Qh5 4 0 4
152 e4 3 1 2
152 f3 1 0 4
156 d4 40 2 17
156 Qe2 27 1 17
156 d3 9 3 7
156 g3 6 1 11
156 Qf3 13 1 2
156 Nf3 5 0 10
156 b3 5 0 7
156 f4 3 0 6
151 d4 145 11 156
151 d3 143 9 154
151 b3 140 6 147
151 g3 101 12 104
151 Nf3 55 3 91
151 c3 56 4 49
151 Be2 52 2 53
151 Nc3 33 3 69
151 Qh5 43 3 54
151 Bc4 28 4 59
151 Qf3 30 2 44
151 Qe2 26 2 37
151 e4 15 1 29
151 Ne2 25 0 17
151 c4 13 1 27
151 f4 14 0 12
151 a3 11 1 10
151 Bd3 7 1 11
151 Nh3 3 1 7
151 f3 3 1 4
151 h3 2 2 4
151 Bb5 2 1 4
151 h4 2 0 3
153 d4 80 7 87
153 d3 45 4 54
153 g3 30 1 40
153 b3 42 0 24
153 Nf3 33 0 24
153 Qe2 19 3 22
153 Qf3 18 0 18
153 Ne2 7 1 10
153 f4 7 0 10
153 Nc3 5 1 8
153 Be2 2 2 9
153 e4 4 1 7
153 c3 4 0 8
153 a3 3 0 3
153 c4 4 0 2
161 d4 5 0 2
159 d3 15 1 13
159 d4 11 1 16
159 Qf3 5 1 4
159 Qe2 3 0 6
159 g3 3 0 5
159 Nf3 5 1 2
159 b3 3 0 4
159 Be2 1 0 5
159 Bc4 2 0 4
159 Nc3 1 0 5
177 Nf3 343 19 246
177 d4 268 16 195
177 Bc4 110 4 64
177 Nc3 44 5 43
177 f4 56 4 27
177 d3 27 6 32
177 Bb5 35 1 24
177 c3 22 0 20
177 Qh5 6 1 10
177 Qf3 6 1 4
177 f3 5 0 5
177 c4 5 0 4
176 e5 466 32 449
176 Nc3 325 18 285
176 d3 105 3 132
176 Nf3 37 0 64
176 f3 12 0 25
176 Qf3 19 0 16
176 Bc4 13 2 18
176 d4 8 0 14
176 Bd3 3 0 14
176 f4 5 0 9
176 Qe2 5 1 2
186 d4 10 1 2
183 d4 27 2 9
183 Nf3 17 1 6
183 Bc4 14 1 1
178 d4 118 10 106
178 Nf3 89 7 65
178 Bc4 30 3 20
178 f4 10 1 13
178 d3 15 0 7
178 Nc3 7 0 14
178 c4 5 1 4
178 a4 4 0 2
178 g3 3 1 2
178 e5 5 0 1
178 f3 3 0 3
185 Nf3 12 0 2
185 d4 9 0 2
185 Bxb5 9 0 1
185 f4 1 0 4
174 d4 495 27 385
174 Nf3 386 25 381
174 Bc4 179 15 144
174 f4 62 2 91
174 Nc3 86 5 50
174 d3 59 1 68
174 f3 29 4 33
174 Qf3 20 0 23
174 c4 20 2 13
174 e5 12 1 21
174 g3 16 0 14
174 b3 9 0 6
174 Be2 11 0 3
174 Qh5 4 0 10
174 Bd3 5 0 6
174 c3 1 0 7
174 Bb5 2 0 5
174 Ne2 1 0 4
169 Nf3 4351 313 4677
169 Bc4 1084 82 1364
169 d4 581 26 699
169 f4 556 36 566
169 Nc3 521 41 488
169 d3 287 20 396
169 c3 215 13 273
169 c4 210 22 238
169 Qh5 60 1 146
169 e5 56 5 125
169 b3 63 8 82
169 Qf3 43 4 81
169 f3 33 3 74
169 Ne2 43 4 37
169 g3 28 2 38
169 b4 27 2 25
169 Bb5 12 1 29
169 a3 10 0 22
169 Na3 7 0 8
169 Be2 3 0 10
169 Bd3 8 0 3
169 Nh3 1 0 6
169 a4 2 0 4
169 Qe2 3 0 3
172 d4 957 58 787
172 Nf3 708 62 778
172 Bc4 232 14 191
172 f4 166 15 175
172 Nc3 138 15 98
172 d3 83 1 105
172 c4 48 2 34
172 e5 28 1 47
172 Qf3 18 0 34
172 f3 12 1 16
172 Qh5 11 0 17
172 b3 11 0 15
172 g3 8 0 13
172 Ne2 3 1 16
172 c3 5 0 10
172 a3 4 0 3
171 exd5 3208 205 2371
171 e5 782 46 682
171 Nf3 190 9 188
171 Nc3 200 14 156
171 d3 90 12 127
171 d4 81 9 59
171 f3 31 4 71
171 Qf3 29 2 42
171 Bb5 24 2 18
171 Bd3 13 1 20
171 f4 14 1 16
171 Qe2 8 1 14
171 Bc4 8 1 8
171 Qh5 7 1 8
171 c4 6 0 6
171 g3 4 0 2
171 c3 3 0 2
173 d4 916 44 677
173 Nf3 609 46 554
173 Bc4 211 15 160
173 f4 156 4 106
173 Nc3 111 6 74
173 d3 66 6 66
173 c4 26 1 29
173 Qf3 13 1 24
173 f3 11 0 20
173 b3 12 2 16
173 h3 12 0 13
173 Bb5 8 1 12
173 Qh5 10 1 8
173 Ne2 4 1 7
173 g3 3 0 7
173 e5 4 0 4
173 Bd3 5 0 2
173 c3 5 0 1
173 a3 1 0 5
173 h4 3 0 2
168 Nf3 15168 976 12145
168 Bc4 3099 192 2485
168 f4 2175 67 1373
168 d4 1641 81 1291
168 Qh5 745 57 814
168 d3 767 46 775
168 Nc3 790 56 606
168 Qf3 255 17 266
168 c4 196 21 183
168 f3 87 5 166
168 c3 120 2 118
168 b3 83 6 86
168 Ne2 48 8 69
168 a3 44 3 58
168 g3 28 3 61
168 Bb5 38 1 45
168 h4 16 3 35
168 g4 12 1 19
168 Bd3 13 2 17
168 h3 16 0 12
168 Be2 14 0 11
168 Nh3 6 2 12
168 Qe2 2 0 11
168 a4 4 0 6
168 Qg4 3 0 4
168 Na3 2 1 3
168 b4 2 0 3
170 d4 2683 149 2294
170 Nf3 1876 127 2019
170 f4 415 19 428
170 Bc4 294 18 325
170 e5 291 16 309
170 Nc3 276 17 291
170 d3 217 18 251
170 c4 108 4 59
170 b3 42 2 69
170 Qf3 44 7 48
170 f3 22 1 75
170 Ne2 20 1 27
170 Qh5 15 2 30
170 c3 16 1 28
170 a3 26 0 17
170 g3 9 2 30
170 Bb5 10 1 21
170 Qe2 13 0 18
170 Bd3 11 0 10
170 Be2 7 0 13
170 Nh3 5 1 13
170 h4 5 0 9
170 h3 1 0 7
170 g4 3 0 3
180 exf5 55 2 62
180 e5 20 1 12
180 Nc3 6 1 6
180 Nf3 3 0 3
180 d3 5 0 1
181 d4 28 0 14
181 Nf3 25 1 8
181 Bc4 8 1 4
181 Nc3 6 0 3
181 d3 4 0 2
181 Qh5 2 0 3
179 d4 120 3 68
179 Bc4 30 0 31
179 Nf3 29 0 22
179 Nc3 20 1 11
179 d3 14 1 15
179 Qh5 2 0 8
179 f4 5 0 2
179 Qg4 3 0 3
175 d4 510 30 416
175 Nf3 350 31 310
175 Bc4 146 7 131
175 f4 96 9 80
175 d3 57 6 63
175 Nc3 58 5 51
175 e5 26 2 39
175 Qf3 24 1 25
175 f3 9 3 13
175 g3 9 1 12
175 c4 12 1 9
175 b3 9 0 12
175 c3 9 0 11
175 Ne2 7 0 1
175 Bb5 4 0 1
175 Qg4 2 0 3
184 d4 24 0 6
184 Nf3 20 0 5
184 Bc4 10 0 4
182 d4 26 1 14
182 Nf3 12 0 9
182 Bc4 10 0 3
182 f4 2 0 3
191 e4 4 0 4
192 e4 1 0 4
189 e4 5 0 9
189 Kf2 4 0 2
189 d4 3 1 1
188 e4 9 1 6
188 e3 1 0 6
190 e4 4 0 1
205 Nf3 18 1 18
205 e4 4 1 3
200 Nf3 36 0 26
207 Nf3 7 0 3
209 Nf3 1 0 4
202 Nf3 20 0 12
202 e4 6 0 7
202 e3 4 2 6
202 d4 3 0 2
198 Nf3 50 3 53
198 e3 9 1 11
198 e4 9 0 5
204 Nf3 22 0 13
204 e4 8 0 1
204 c4 3 0 3
196 Nf3 233 14 180
196 e3 41 1 51
196 d4 14 1 22
196 c4 8 0 4
196 e4 3 0 3
196 Nc3 2 0 3
203 Nf3 27 0 13
203 e3 6 0 5
199 fxe5 18 3 31
199 e3 13 2 25
199 e4 4 0 6
199 Nf3 4 0 5
199 f5 0 0 5
197 Nf3 99 3 68
197 e3 10 1 21
197 e4 14 1 14
197 d4 12 0 10
197 c4 3 0 3
206 Nf3 15 0 8
206 e3 2 2 2
201 Nf3 26 1 18
201 e3 4 0 4
201 e4 4 0 3
201 d4 4 0 3
220 Bg2 14 0 11
217 Bg2 34 4 38
217 Nf3 8 1 10
221 Bg2 7 0 2
216 Bg2 54 0 33
216 Nf3 5 0 1
214 Bg2 42 5 67
214 Nf3 15 0 19
215 Bg2 32 3 53
215 Nf3 12 0 7
215 f4 3 0 2
211 Bg2 216 17 228
211 Nf3 49 2 37
211 f4 8 1 10
211 d4 3 0 8
211 b3 1 0 8
211 e3 3 1 3
211 Bh3 1 0 5
211 h4 2 0 4
219 Bg2 41 0 29
219 Nf3 3 1 6
212 Bg2 203 11 246
212 Nf3 36 1 19
212 f4 7 0 11
212 Bh3 2 1 10
212 h4 6 1 3
212 b3 3 0 6
212 e3 2 0 6
212 d4 4 0 2
212 e4 3 0 3
213 Bg2 108 6 105
213 Nf3 11 1 11
222 Bg2 2 0 4
218 Bg2 30 7 41
218 Nf3 2 1 2
234 g5 3 0 2
227 Nc3 1 1 5
227 g5 1 0 4
225 g5 30 1 55
225 Bg2 7 2 12
225 e3 1 0 4
228 g5 3 1 4
224 g5 39 0 35
224 Bg2 7 0 13
224 h4 8 0 6
224 e4 2 0 4
224 Nf3 2 0 3
226 e4 4 0 3
226 d4 2 0 3
229 g5 2 0 5
236 d4 6 0 6
235 e4 6 0 25
235 Nf3 0 0 5
237 a3 1 1 6
242 h5 2 0 7
242 d3 2 0 7
242 g3 3 0 4
241 h5 5 1 13
241 g4 6 2 8
241 g3 4 0 6
241 a4 3 1 5
241 d3 2 1 3
241 e4 1 0 4
243 h5 6 0 2
252 g6 1 1 4
252 d5 3 0 3
251 d5 5 0 4
251 e6 3 1 1
251 g6 1 0 4
250 e5 9 0 10
250 d6 10 1 2
250 d5 4 0 1
254 Bb7 3 0 4
256 Nc6 5 0 2
255 Nc6 3 0 2
265 d4 6 0 7
265 Nf6 2 0 9
265 e6 2 0 4
267 d4 0 0 5
264 e6 10 2 7
264 Nf6 6 1 10
264 Nc6 4 1 5
264 Bf5 3 0 4
264 c5 1 0 5
266 e5 11 0 5
266 d4 4 0 1
263 d4 43 1 20
263 dxe4 9 2 10
263 e6 3 0 3
263 Nf6 4 0 2
269 e6 3 0 2
272 Nc6 43 3 37
272 d6 14 0 6
272 Bc5 2 0 4
276 Nc6 1 1 3
274 exd4 19 0 32
274 Nc6 5 0 3
274 d6 2 2 2
275 Nc6 3 0 4
273 Nf6 20 1 20
273 Nc6 12 0 7
273 d6 9 1 8
273 Bb4 2 1 6
273 Bc5 5 0 2
273 c6 2 0 3
280 d5 8 0 4
279 d5 8 2 8
281 d5 7 0 2
281 d6 5 0 2
286 Bg7 4 0 12
285 Bg7 6 1 10
284 Bg7 17 0 2
289 e5 10 1 13
289 Nf6 4 0 5
289 d5 2 0 4
293 h6 3 0 3
291 e5 7 0 4
287 d5 59 2 44
287 Nf6 13 1 5
287 e6 7 0 10
287 d6 5 1 3
287 e5 3 1 2
292 e5 6 0 5
290 e5 8 0 21
288 e5 23 0 22
288 d5 6 0 3
288 Nf6 2 1 5
299 d5 1 0 8
299 Nc6 4 0 4
298 g6 13 1 8
298 e6 4 1 6
298 c5 5 0 2
298 d5 3 0 2
297 d5 13 1 20
297 g6 11 0 18
297 e6 9 1 6
297 Nc6 11 0 2
297 d6 5 0 2
300 d5 2 0 7
296 g6 24 1 25
296 d5 9 0 21
296 e6 6 1 12
296 Nc6 10 0 4
296 c5 3 0 2
296 d6 1 0 4
303 Bb7 3 0 3
308 Bb7 4 0 5
305 Bb7 15 1 21
307 Bb7 4 1 4
306 Bb7 17 0 15
304 Bb7 30 1 22
315 Nc6 3 0 4
313 Nc6 4 1 5
313 g6 3 0 2
311 Nc6 23 1 14
311 d6 7 1 5
311 Nf6 4 1 3
311 e6 3 1 3
316 Nc6 1 0 5
310 cxd4 29 3 27
310 d6 7 0 2
310 Nc6 4 0 4
310 e6 2 0 5
314 Nc6 3 1 1
314 d5 1 0 4
312 Nc6 11 0 7
312 d6 7 1 5
312 e6 3 0 7
312 g6 2 1 5
309 Nc6 34 0 23
309 e6 18 0 5
309 d6 11 1 9
309 d5 9 0 11
309 g6 7 1 11
309 Nf6 1 0 5
309 b6 0 1 5
323 d5 2 0 3
321 d5 5 1 7
320 d5 10 0 8
322 d5 4 0 6
319 d5 21 1 14
319 d6 2 0 8
330 Nf6 3 0 20
330 d4 4 0 9
330 e6 3 0 9
330 c5 2 0 3
330 Bg4 3 0 2
336 e5 1 0 6
331 Nc6 6 0 4
331 Nf6 4 0 5
331 e6 6 0 2
331 c5 3 0 2
328 dxc4 27 2 24
328 c6 31 1 17
328 e6 20 0 13
328 d4 19 0 11
328 Nf6 8 1 7
328 Bg4 5 0 3
328 Nc6 5 0 1
328 c5 3 1 1
334 Nc6 4 0 4
326 Nc6 84 8 59
326 e6 80 4 58
326 Nf6 53 10 51
326 Bg4 24 0 35
326 c5 12 2 16
326 c6 17 1 8
326 Bf5 9 0 10
326 f6 10 0 5
326 g6 7 0 6
326 h6 2 1 4
326 Qd6 1 1 4
329 Nc6 9 1 16
329 Nf6 11 2 9
329 c5 6 1 11
329 e6 5 1 8
329 Bg4 2 0 6
329 Bf5 1 0 4
332 dxe4 7 1 15
332 d4 4 0 1
327 c5 45 6 50
327 Nc6 43 3 44
327 Nf6 33 4 31
327 e6 31 2 26
327 Bg4 20 1 17
327 c6 21 1 16
327 Bf5 10 1 8
327 d4 8 0 3
327 e5 6 0 4
327 g6 4 0 5
327 b6 4 0 1
342 e5 2 0 7
341 e5 5 0 3
341 Nf6 4 0 2
338 Nf6 11 0 13
338 e6 13 2 8
338 g6 6 0 7
338 e5 6 0 4
338 Nc6 4 0 6
338 Bg4 3 1 4
338 c5 4 0 2
340 e5 13 1 7
339 e5 15 0 13
339 g6 5 1 5
339 Nf6 7 0 2
347 d6 6 1 10
347 Nc6 4 0 4
347 Qe7 6 0 1
347 Nf6 4 0 2
347 Bc5 3 0 2
348 exd4 3 0 6
348 e4 3 0 3
348 d6 5 0 0
349 d6 0 0 8
349 Nc6 4 1 0
357 d5 3 0 13
360 d6 1 0 4
360 d5 4 0 1
359 d5 6 1 4
355 d5 17 0 15
355 d6 6 1 4
355 c6 5 0 2
355 Nf6 2 0 3
355 c5 1 0 4
354 d5 42 3 34
354 d6 11 0 4
354 c5 8 0 3
354 Nf6 6 0 2
354 b6 5 0 3
354 f5 2 0 5
354 c6 5 0 2
354 h6 2 1 2
358 d5 5 0 9
356 d5 11 0 8
356 d6 4 0 2
356 Bc5 3 1 1
353 d5 49 10 67
353 d6 6 2 5
353 b6 6 0 7
353 Ne7 6 0 4
353 Nf6 6 0 2
353 c5 3 1 3
363 Nf6 4 0 1
361 Nf6 4 0 4
362 Nf6 0 0 9
364 e6 2 0 3
370 Bg7 5 0 8
372 Bg7 2 0 3
369 Bg7 10 0 5
367 Bg7 18 3 18
371 Bg7 1 0 5
368 Bg7 8 0 13
366 Bg7 30 2 23
373 g6 0 0 5
373 e6 1 0 4
375 Bb7 9 1 4
377 Nc6 1 0 5
379 d5 2 0 5
382 e5 8 0 2
380 dxc4 5 2 9
380 e6 7 1 7
380 d4 4 1 7
381 e5 1 1 10
381 c5 0 0 5
388 d5 6 1 1
387 d5 6 1 4
387 Nf6 1 1 6
387 d6 3 0 2
386 d5 21 0 12
386 Nc6 5 0 2
386 Nf6 4 0 2
390 d5 5 0 2
389 Nf6 2 0 3
392 d5 5 1 6
392 d6 4 0 3
394 d5 3 0 2
395 Bg7 6 0 4
396 Bg7 6 0 3
400 Nf6 3 0 4
400 e5 2 2 2
400 d5 2 0 4
401 g6 13 4 20
401 e6 13 0 14
401 d5 9 0 9
401 d6 7 0 4
401 Nc6 5 0 3
403 Bb7 63 4 41
404 Nc6 10 1 14
404 d5 6 2 12
404 d6 13 0 5
404 e6 5 1 9
404 Nf6 7 0 7
404 b6 2 0 3
405 d5 16 1 18
406 e6 58 3 36
406 Nc6 43 1 28
406 c5 27 3 33
406 Nf6 17 0 17
406 d4 9 0 20
406 Bf5 13 1 11
406 c6 5 0 8
406 e5 3 1 6
406 f6 7 0 3
407 e5 3 1 4
409 e5 15 0 18
409 e6 9 0 11
409 Nf6 6 0 8
409 Nd7 1 0 5
410 Nc6 118 9 137
410 d6 56 3 53
410 f6 14 4 15
410 e4 14 0 9
410 d5 9 1 6
410 Qf6 8 0 5
410 Bd6 8 2 3
410 Bc5 6 0 4
410 Qe7 3 0 4
410 Nf6 2 0 3
416 d5 41 1 47
416 d6 23 1 7
416 Nf6 10 1 19
416 f6 6 0 5
416 b6 5 0 6
416 Qe7 4 0 4
416 Bc5 5 0 1
416 c5 3 0 3
417 Nf6 1 0 4
419 Nf6 16 0 17
419 f6 7 1 11
419 Bg7 7 0 2
421 Nd4 3 0 2
422 g6 3 0 4
422 e6 4 0 1
422 d6 4 0 1
424 Bb7 6 0 4
425 e6 3 0 2
426 d5 4 0 7
427 e6 25 2 15
427 Nf6 7 1 10
427 Nc6 8 0 9
427 d4 6 2 1
427 Bf5 5 0 3
427 e5 5 0 2
427 a6 4 0 2
427 f6 4 0 2
427 c6 5 0 1
428 a6 1 1 3
432 e5 3 0 3
433 d6 35 0 40
433 Bxb4 32 0 33
433 Nc6 20 1 15
433 f6 15 3 13
433 e4 11 2 11
433 Qf6 8 0 6
433 Nf6 2 1 2
436 d5 3 0 3
434 d5 15 1 11
434 a6 2 4 4
434 Nf6 4 2 4
434 d6 3 0 6
434 b6 4 1 4
434 Bc5 3 0 3
437 Nf6 12 1 21
437 d5 8 0 9
437 Bxb4 6 0 2
440 Nf6 7 0 12
440 f6 1 0 5
442 Bb7 6 1 4
444 d5 5 0 1
448 Bd7 1 0 4
446 e5 4 0 5
445 e6 7 0 7
445 Nc6 4 0 3
447 e5 2 0 3
456 Nc6 2 0 9
452 d5 14 0 7
452 Nf6 5 0 2
453 exd4 3 0 15
453 e4 3 0 8
455 d5 2 0 6
454 Nf6 4 1 6
459 d5 3 0 5
459 d6 4 1 0
462 Bg7 2 0 4
463 e5 5 2 8
463 Nf6 5 0 2
463 e6 3 0 3
464 Nf6 4 0 1
464 e6 4 0 1
468 g6 59 7 59
468 e6 44 2 44
468 d5 19 2 21
468 e5 20 1 15
468 c5 11 2 21
468 d6 8 0 5
468 Nc6 2 0 10
468 c6 6 1 4
468 Ng8 4 0 1
473 g6 12 2 4
473 e6 7 0 5
471 g6 8 0 13
471 e6 1 1 7
469 e6 5 0 13
469 g6 5 0 10
469 d5 7 1 7
469 e5 6 0 1
470 g6 4 0 11
470 e6 4 1 4
470 e5 1 1 6
470 c5 2 0 5
470 d5 5 0 1
472 g6 6 0 4
472 d5 5 0 4
472 e6 1 0 6
472 c5 1 2 3
472 c6 3 0 2
475 Nf6 5 0 0
476 a6 6 1 4
477 Bb7 34 7 29
482 Bb7 1 0 4
481 Bb7 2 0 5
478 Bb7 12 0 5
479 Bb7 8 0 4
480 Bb7 7 0 2
483 Nc6 59 2 70
483 e6 30 2 23
483 Nf6 14 1 16
483 d6 19 2 10
483 e5 14 1 10
483 b6 7 1 14
483 g6 8 0 3
483 a6 7 0 1
484 Nc6 18 1 14
484 Nf6 6 0 4
484 e6 3 0 7
484 d6 5 0 3
486 Nc6 9 0 6
486 Nf6 4 0 6
486 e6 2 0 3
489 Nc6 3 1 6
488 cxd4 10 0 4
485 Nc6 5 2 17
485 d6 3 0 7
485 e5 8 0 0
485 Nf6 6 1 1
485 e6 3 0 3
487 Nc6 5 1 6
487 e6 6 0 5
487 d6 4 0 4
491 d5 25 2 26
491 e6 6 0 1
491 d6 0 0 7
491 g6 0 0 5
496 d5 3 0 3
493 d5 3 0 7
492 d5 7 0 14
494 d5 4 0 5
495 d5 3 1 4
500 dxc4 19 1 10
500 d4 15 0 6
506 dxc4 4 0 1
503 dxc4 1 0 4
498 Qxd5 141 6 69
498 Nf6 10 0 4
501 dxc4 6 0 10
499 dxc4 16 1 8
499 d4 4 0 7
499 e6 4 0 2
499 e5 4 0 1
499 Nf6 4 0 1
504 dxc4 4 0 3
507 e5 28 0 20
507 Nf6 20 1 9
507 e6 13 1 4
507 g6 1 1 5
511 e5 1 1 6
508 Nf6 3 0 5
509 e5 2 0 5
509 Nf6 6 0 0
510 e5 2 0 4
513 Nf6 176 14 167
513 Nc6 75 5 75
513 d6 77 6 41
513 Bc5 54 5 56
513 f5 38 1 40
513 Bb4 43 4 31
513 c6 39 2 18
513 c5 20 4 18
513 g6 7 0 8
513 Qf6 6 0 7
513 a6 5 0 1
513 Qh4 5 0 0
513 f6 4 0 1
513 d5 4 1 0
520 Nc6 16 0 11
520 e4 4 2 4
521 Nf6 2 0 4
521 Nc6 2 0 3
517 Nf6 18 2 15
517 Nc6 10 0 7
517 Bc5 9 2 4
517 d6 5 2 7
517 f5 4 1 5
517 d5 4 0 1
516 Nf6 15 2 27
516 Bc5 6 0 15
516 d6 7 1 6
516 Nc6 6 0 3
516 d5 5 1 2
516 Bb4 5 0 2
516 c5 3 0 3
516 f5 1 1 3
519 exd4 16 0 23
519 e4 9 1 6
519 d6 3 0 2
514 Nc6 18 1 20
514 Nf6 21 1 16
514 Bc5 8 1 10
514 d5 11 0 7
514 d6 11 0 7
514 f5 9 0 7
514 c5 5 0 8
514 e4 3 0 4
514 Bb4 4 0 1
518 Nf6 14 1 26
518 Bc5 5 1 8
518 d6 3 0 6
518 c5 2 0 5
518 Nc6 2 0 4
515 Nf6 13 0 15
515 Bc5 11 0 11
515 Nc6 8 1 9
515 d6 10 0 8
515 f5 7 1 5
515 d5 5 0 6
515 c6 4 0 1
523 d5 65 3 58
523 Nf6 29 1 26
523 d6 25 1 10
523 c5 22 1 12
523 Ne7 11 0 6
523 b6 9 0 8
523 c6 6 2 8
523 Bb4 7 0 7
523 Be7 10 0 1
523 Bc5 7 0 3
523 Nc6 6 0 2
523 g6 3 0 4
523 a6 2 0 3
528 d5 11 1 6
528 b6 4 0 1
528 Nf6 4 0 1
527 d5 10 0 6
527 Nf6 5 0 4
529 d5 5 0 2
524 d5 14 1 15
524 d6 11 0 3
524 Nf6 7 1 6
524 c5 9 0 3
524 c6 3 1 2
526 d5 17 0 12
526 Nf6 4 0 5
525 d5 18 4 10
525 Nf6 8 0 2
525 d6 4 0 1
531 Nf6 13 0 9
532 Nf6 5 2 5
532 e6 5 0 1
533 Nf6 4 0 2
536 Bg7 55 6 52
542 Bg7 7 0 0
538 Bg7 17 0 14
541 Bg7 6 0 7
537 Bg7 18 0 18
540 Bg7 6 1 9
543 Bg7 3 0 4
539 Bg7 9 0 10
547 g6 3 0 6
547 e5 3 0 3
548 e5 3 0 5
548 d6 2 0 3
553 Bb7 1 1 3
551 Bb7 15 3 7
552 Bb7 5 0 13
558 cxd4 0 0 5
556 d6 6 0 3
556 d5 0 0 5
555 d6 4 1 3
555 Nc6 0 0 5
557 Nc6 1 0 4
562 d5 4 1 4
561 d5 3 0 7
570 Nc6 4 0 4
571 Nf6 4 0 2
567 c5 3 0 6
567 Nc6 1 0 7
567 e6 5 0 2
567 Nf6 2 0 5
567 Bg4 2 0 3
569 e5 3 0 3
572 e6 2 0 3
568 e6 3 0 3
568 c5 1 0 5
564 e5 52 5 58
564 e6 15 3 13
564 c5 6 0 9
564 Nf6 5 2 6
564 c6 4 1 4
564 Bf5 3 0 4
564 Nc6 4 0 2
565 dxe4 12 3 20
565 e6 6 1 4
565 d4 5 0 5
565 c6 2 0 4
566 e5 9 0 11
566 e6 5 0 1
566 Nf6 0 0 5
573 e5 3 0 2
577 e5 6 0 3
577 e6 2 0 3
578 g6 2 1 2
583 Nc6 11 1 18
583 d6 3 0 4
584 exd4 2 1 7
584 e4 2 0 4
580 d5 21 4 36
580 Nc6 3 1 14
580 d6 8 1 6
580 Nf6 9 0 1
581 d5 11 0 17
581 Nc6 8 1 14
581 d6 14 0 8
581 Nf6 5 0 10
581 Bc5 5 0 9
582 d5 13 1 17
582 Bc5 5 0 4
582 Nc6 5 0 3
593 d5 1 0 4
591 d5 1 1 3
588 d5 20 0 22
588 d6 7 0 2
588 c5 4 0 1
588 Qe7 4 0 1
589 d5 7 1 18
599 Bg7 3 0 10
598 Bg7 7 0 14
600 Bg7 2 0 3
606 d6 3 0 4
606 e6 5 1 0
601 d5 19 2 9
601 Nf6 13 0 8
601 d6 6 0 10
601 e6 6 1 6
601 f6 3 1 5
607 d5 3 1 1
602 e5 11 0 19
602 e6 9 0 6
602 d5 9 1 4
602 Nf6 12 0 0
602 d6 7 0 2
603 Ne5 32 1 12
603 Nb4 16 0 3
603 Nb8 11 0 2
603 Na5 4 0 1
604 d5 16 1 3
604 e5 8 0 9
604 Nf6 5 1 3
605 e5 9 2 6
605 d5 3 1 3
609 d5 5 0 1
618 e6 42 3 31
618 g6 19 3 38
618 d6 20 2 29
618 d5 22 0 19
618 c5 1 1 5
618 b6 4 1 2
618 Nc6 2 0 3
619 e6 31 3 44
619 Ne4 16 1 24
619 g6 16 2 21
619 d5 14 1 16
619 c5 6 1 8
619 d6 2 1 10
619 h6 5 0 8
617 d5 70 5 77
617 e6 48 5 46
617 g6 42 0 38
617 Nc6 27 0 14
617 d6 11 1 9
617 e5 4 0 6
617 c5 4 0 2
629 d5 2 0 3
615 g6 163 11 178
615 e6 131 15 162
615 d5 102 5 102
615 c5 28 6 44
615 d6 30 7 30
615 Nc6 16 0 11
615 b6 7 1 7
615 e5 6 0 1
615 c6 3 0 3
624 d5 15 0 8
624 e6 8 0 12
624 g6 10 0 6
624 Nc6 3 0 3
624 c5 3 0 2
628 g6 4 1 4
622 g6 8 1 19
622 d5 8 0 15
622 e6 5 0 11
622 c5 0 1 7
622 d6 3 1 1
614 e6 475 41 479
614 g6 430 37 478
614 c5 125 13 167
614 e5 115 6 136
614 d5 140 9 74
614 d6 66 4 81
614 c6 26 4 8
614 Nc6 21 0 15
614 b6 9 0 7
614 Ng8 3 0 4
614 Ne4 2 0 4
614 h6 3 0 2
623 d6 10 0 16
623 c6 5 1 14
623 e6 6 2 11
623 g6 5 0 7
623 c5 0 0 5
616 g6 68 7 114
616 e6 64 6 89
616 d5 51 4 78
616 c5 8 0 21
616 d6 13 2 13
616 Nc6 12 0 15
616 b6 2 1 10
616 Ne4 2 2 2
616 Ng8 2 0 3
627 Nxe4 4 0 7
627 g6 0 0 5
620 d5 19 1 39
620 g6 12 0 22
620 e6 12 1 12
620 d6 4 0 5
620 Nc6 4 0 5
620 c5 2 0 5
625 d5 15 1 8
625 e6 14 0 6
625 d6 4 0 4
625 g6 3 0 5
621 g6 15 1 21
621 e6 9 1 21
621 d5 9 2 12
621 c5 2 0 8
621 d6 1 0 6
626 g6 5 0 11
626 d5 7 1 4
626 e6 2 0 5
633 b6 8 0 3
634 b6 3 0 3
643 b5 3 0 2
642 b5 3 0 2
639 b5 7 1 8
639 b6 8 1 6
641 b6 2 0 3
640 b6 3 1 4
640 b5 4 1 2
648 Bb7 3 0 2
646 Bb7 8 2 11
647 bxc4 12 2 5
645 Bb7 12 2 12
644 Bb7 30 0 29
644 b4 2 1 3
655 Bb7 27 2 34
659 Bb7 15 0 6
654 Bb7 38 5 18
653 Bb7 84 6 67
653 c5 2 0 3
661 Bb7 3 0 5
664 Bb7 5 0 2
657 Bb7 11 1 13
650 Bb7 189 11 151
650 Ba6 11 0 0
650 c5 5 0 2
650 g6 2 0 4
650 e6 4 0 1
650 d6 5 0 0
650 c6 5 0 0
660 Bb7 10 0 9
651 Bb7 95 8 101
652 Bb7 86 2 83
652 c5 1 0 4
652 g6 3 0 2
656 Bb7 18 2 29
662 Bb7 3 1 3
658 Bb7 13 0 7
663 Bb7 2 0 6
666 Bb7 0 0 5
673 cxd4 11 1 19
678 cxd4 6 0 1
676 cxd4 6 2 6
670 cxd4 61 2 55
670 e6 21 0 17
670 Nf6 9 1 4
670 Nc6 6 0 5
670 d5 7 0 4
670 b6 3 0 2
679 cxd4 3 0 4
672 cxd4 24 1 28
672 e6 8 0 7
672 d5 5 0 4
672 Nc6 1 0 5
672 c4 2 0 3
671 cxd4 80 4 66
671 e6 19 1 10
671 Nc6 4 0 1
667 d6 131 11 79
667 e6 63 1 58
667 e5 44 1 28
667 Nf6 36 0 32
667 c4 9 0 6
667 Qa5 7 0 1
667 b5 5 0 3
668 e6 51 11 69
668 Qa5 63 3 40
668 e5 18 1 27
668 Nc6 15 2 22
668 b6 6 0 13
668 Nf6 3 0 4
669 cxd4 67 5 77
669 e6 13 0 25
669 d5 7 0 6
669 Nf6 2 0 7
669 g6 4 1 4
675 cxd4 5 3 10
674 cxd4 3 1 17
677 cxd4 5 0 4
684 d5 25 1 28
684 d6 6 0 5
688 d5 11 0 5
685 d5 11 0 13
685 e6 1 0 4
685 Nf6 2 2 1
683 d5 66 3 53
683 e6 3 1 5
683 d6 4 0 2
689 d5 4 0 7
690 d5 2 0 10
680 d5 192 10 142
680 d6 20 3 12
680 e6 16 0 11
680 Nf6 11 0 4
680 b6 4 0 4
680 g6 2 1 4
680 f6 2 0 3
682 d5 55 5 60
682 e6 4 0 8
682 d6 3 0 5
682 b5 3 0 2
681 d5 57 3 57
681 e6 5 0 13
681 d6 8 1 8
681 Nf6 4 0 3
686 d5 8 0 15
692 d5 5 0 1
687 d5 14 0 11
694 d5 2 0 3
712 e6 3 0 7
699 e6 187 13 160
699 Nf6 169 9 161
699 Nc6 186 12 126
699 Bf5 88 3 82
699 c6 43 2 39
699 c5 32 3 27
699 f6 18 0 10
699 h6 10 0 11
699 g6 11 0 5
699 Bg4 7 1 5
699 a6 7 0 4
699 f5 6 0 3
699 e5 3 0 2
705 f6 28 1 26
705 h6 24 0 24
705 Nf6 16 1 13
705 Nc6 17 1 8
705 e6 16 0 2
705 c6 5 1 10
705 c5 4 0 3
705 Bf5 4 0 2
698 Nf6 325 14 198
698 e6 321 10 152
698 Nc6 127 5 65
698 c6 111 6 58
698 Bf5 63 0 23
698 c5 20 1 21
698 g6 21 2 4
698 f5 9 0 2
698 f6 7 0 4
698 Bg4 6 0 4
698 h6 3 0 6
698 e5 5 1 2
698 a6 3 0 4
698 b6 5 0 1
698 Qd6 2 2 1
696 e6 466 36 324
696 Nf6 390 33 339
696 Nc6 383 22 253
696 c6 156 13 124
696 Bf5 142 12 125
696 Bg4 143 7 102
696 c5 91 7 69
696 g6 41 6 29
696 h6 37 0 16
696 f6 29 0 16
696 f5 10 0 9
696 e5 3 2 8
696 a6 10 0 2
696 Qd6 3 0 8
696 b6 9 1 1
696 Nd7 3 0 2
709 Nf6 5 0 27
709 e6 12 1 10
709 Nc6 5 1 11
709 c6 3 0 4
709 g6 3 1 1
709 c5 0 0 5
704 e6 35 2 31
704 Nc6 37 0 26
704 Nf6 35 1 20
704 Bf5 13 1 13
704 c5 12 4 8
704 c6 7 0 7
704 g6 4 0 2
704 Bg4 2 0 3
708 e6 15 0 17
708 Nf6 14 1 8
708 Nc6 9 1 9
708 c6 3 0 6
708 Bf5 3 0 6
708 c5 0 1 7
713 e6 2 0 4
703 e6 42 4 50
703 Nf6 36 0 52
703 Nc6 25 0 29
703 Bf5 13 2 17
703 c6 13 1 12
703 c5 10 1 11
703 h6 2 1 5
703 g6 6 0 0
703 e5 4 0 2
703 Qd6 2 0 3
695 dxc4 1512 79 801
695 e6 1353 91 948
695 c6 834 69 652
695 Nf6 532 32 341
695 e5 169 12 142
695 Bf5 166 15 114
695 c5 100 5 61
695 Nc6 107 3 55
695 g6 26 1 18
695 Be6 26 0 9
695 h6 17 2 14
695 b6 21 1 10
695 f5 12 0 16
695 Bg4 8 0 9
695 f6 4 0 2
695 a6 3 0 3
697 e6 433 27 411
697 Nf6 329 27 410
697 Nc6 284 18 245
697 Bf5 157 11 142
697 c6 123 8 122
697 c5 84 4 98
697 a6 34 2 36
697 g6 31 1 20
697 e5 18 3 27
697 f5 12 1 15
697 f6 16 1 7
697 Qd6 11 0 5
697 h6 9 1 5
697 b6 8 1 3
697 h5 9 0 0
697 Bg4 6 0 1
697 Bd7 5 0 2
697 Be6 3 0 2
697 Nd7 3 0 2
701 dxe4 146 7 151
701 e6 41 1 25
701 c6 23 3 20
701 Nf6 14 0 6
701 e5 7 0 6
701 Nc6 8 0 5
701 c5 4 1 3
700 e6 91 3 77
700 Nc6 72 4 59
700 Nf6 53 1 42
700 Bf5 36 3 26
700 c6 29 1 28
700 c5 18 0 27
700 g6 12 0 5
700 f6 8 1 7
700 f5 6 0 4
700 e5 4 1 4
700 Qd6 4 0 1
706 e6 16 1 20
706 Bf5 19 0 15
706 Nf6 18 2 12
706 Nc6 7 0 17
706 c6 5 0 11
706 f5 4 1 7
706 c5 3 0 7
702 Nc6 48 2 47
702 e6 40 6 48
702 Nf6 35 4 44
702 Bf5 20 2 15
702 c6 12 1 16
702 c5 10 0 17
702 Bg4 4 0 5
702 f6 4 0 3
702 g6 4 0 2
702 f5 3 0 2
707 Nf6 13 2 24
707 e6 16 3 16
707 Nc6 10 4 16
707 Bf5 8 0 7
707 c5 8 0 5
710 e6 8 0 9
710 Nf6 3 0 3
710 Nc6 1 0 4
710 c5 1 0 4
722 Nf6 16 2 15
722 e6 6 0 8
722 g6 8 0 3
722 Nd7 3 0 7
722 Nc6 7 0 2
722 f6 2 0 3
725 f6 7 1 3
725 g6 3 0 5
725 Nf6 3 0 2
723 e6 6 2 5
723 Nf6 8 0 4
723 g6 2 1 5
723 Nc6 5 0 3
723 e5 4 0 2
720 Nf6 35 3 25
720 e6 35 1 13
720 g6 20 1 13
720 e5 16 1 7
720 Bg4 11 0 8
720 Nc6 10 1 5
720 Nd7 4 0 4
720 c6 3 1 3
720 c5 3 1 1
720 f5 4 0 1
727 g6 3 0 3
727 e6 2 0 3
718 Nf6 103 8 83
718 e6 82 3 46
718 g6 45 6 52
718 e5 32 6 35
718 c6 12 0 10
718 c5 16 1 4
718 Nc6 15 0 5
718 Bf5 11 1 4
718 Nd7 9 0 3
718 b6 6 1 2
718 f5 5 0 4
718 f6 4 0 3
718 Bg4 5 0 2
718 Bd7 3 0 3
726 g6 5 0 4
726 e6 1 0 7
726 Nf6 5 0 3
726 c6 3 0 3
721 Nf6 24 1 29
721 e6 31 3 20
721 e5 20 0 14
721 g6 9 2 22
721 Nd7 2 0 8
721 Nc6 6 0 2
721 f6 4 0 4
721 c6 3 1 3
721 c5 5 0 1
721 b6 2 0 4
721 a6 2 0 3
721 Bf5 3 0 2
719 Nf6 43 1 34
719 e6 37 1 33
719 e5 25 0 11
719 g6 15 2 14
719 c6 8 0 5
719 Nc6 6 0 6
719 f5 5 0 4
719 b6 6 0 1
719 d5 5 0 2
719 a6 5 0 2
719 Nd7 5 0 1
719 c5 4 0 1
724 e6 5 0 12
724 Nf6 7 0 7
724 g6 1 0 6
729 Nf6 7 0 2
728 Nf6 6 0 2
728 e6 2 0 3
741 exd4 2 0 5
737 e4 14 0 12
737 exd4 18 0 6
737 Nc6 3 1 1
739 exd4 3 0 10
736 exd4 37 1 26
736 e4 4 0 8
736 d5 4 0 3
734 d6 26 1 23
734 Bc5 14 0 23
734 Nf6 19 0 13
734 f5 3 0 7
734 c6 5 0 4
734 e4 5 0 4
733 Nc6 121 3 107
733 d6 66 2 35
733 f6 37 3 22
733 Qe7 32 1 21
733 Bc5 20 1 14
733 d5 15 3 14
733 Bb4 6 0 1
735 exd4 30 3 33
735 e4 6 1 8
735 Nc6 4 0 4
735 d6 5 0 1
735 d5 3 0 2
740 exd4 3 0 6
738 exd4 8 2 12
748 d5 66 7 64
748 d6 29 1 29
748 Nf6 25 1 16
748 c5 18 3 20
748 b6 14 1 11
748 f5 10 2 8
748 Nc6 10 0 7
748 Qf6 7 0 9
748 Be7 4 0 8
748 c6 3 0 5
748 Bb4 5 0 2
748 g5 7 0 0
748 g6 5 0 1
755 d5 22 1 4
755 Qxg5 3 0 18
755 Be7 2 0 6
751 d5 36 2 19
751 c5 12 0 10
751 d6 7 0 8
751 Nc6 6 0 5
751 b6 6 1 3
751 Ne7 1 0 6
751 Nf6 5 1 1
751 Bb4 3 0 4
751 Qf6 2 0 3
751 Qe7 5 0 0
745 d5 239 11 177
745 c5 57 2 51
745 d6 51 3 36
745 Nf6 47 5 31
745 Ne7 23 1 43
745 b6 37 1 26
745 Nc6 19 1 7
745 f5 13 1 9
745 c6 12 1 8
745 Qe7 11 0 6
745 h6 11 1 3
745 g6 5 0 9
745 Qf6 8 1 4
745 Bd6 12 0 1
745 Be7 9 0 3
745 a6 7 0 5
745 Bb4 8 1 2
745 f6 6 0 3
749 d5 75 5 36
749 c5 40 1 17
749 Nf6 27 2 8
749 Nc6 29 0 7
749 d6 19 1 7
749 b6 16 0 6
749 Qf6 14 1 4
749 Be7 9 0 3
749 Bd6 6 0 2
749 g6 6 0 2
749 f5 4 0 3
749 c6 4 0 1
749 Qh4 3 0 2
757 d5 7 1 5
757 Ne7 3 0 2
753 d5 18 1 30
753 c5 2 0 9
753 d6 9 0 1
753 Nf6 1 0 6
753 b6 1 1 4
753 Qf6 1 1 3
744 d5 505 36 365
744 d6 161 4 104
744 c5 146 11 107
744 Nf6 119 7 83
744 Ne7 60 5 75
744 b6 60 5 50
744 c6 51 6 31
744 f5 40 6 34
744 Bb4 41 4 24
744 Be7 33 1 24
744 Nc6 32 2 9
744 g6 22 1 13
744 Qe7 24 1 8
744 Qf6 14 0 14
744 a6 10 0 7
744 h6 6 0 5
744 f6 9 0 0
744 Qh4 6 0 2
744 g5 6 0 1
744 Bd6 5 0 1
754 exd5 17 0 23
754 e5 3 0 8
754 d6 3 0 7
747 d5 145 14 182
747 c5 41 1 49
747 d6 43 5 33
747 Nf6 32 1 20
747 b6 27 0 19
747 Ne7 8 2 21
747 f5 13 0 11
747 c6 11 1 10
747 Bb4 14 1 7
747 Qe7 7 1 12
747 g6 5 1 12
747 Nc6 14 0 4
747 Qf6 4 0 6
747 Bd6 7 0 1
747 a6 4 0 4
747 Be7 1 0 4
746 d5 160 6 164
746 c5 58 6 74
746 d6 44 6 45
746 Nf6 34 2 25
746 b6 16 4 27
746 c6 20 2 15
746 Ne7 14 0 22
746 Nc6 19 1 12
746 Qh4 12 0 16
746 Qf6 17 0 5
746 Bb4 16 0 6
746 Qe7 7 1 12
746 g6 8 0 6
746 Be7 6 1 7
746 a6 6 1 4
746 h6 4 0 4
746 f5 2 0 3
750 d5 45 4 42
750 d6 15 0 12
750 c5 10 0 4
750 b6 3 0 10
750 Nf6 6 0 4
750 Nc6 5 0 3
750 Qf6 4 0 3
750 Bb4 7 0 0
750 g6 3 0 4
750 f5 2 0 3
756 d5 15 2 10
756 d6 2 0 5
756 c5 1 0 5
756 Nf6 3 0 2
752 d5 28 0 27
752 c5 8 0 8
752 Nf6 6 0 7
752 d6 6 0 1
752 b6 2 0 5
758 d5 7 0 5
758 c5 2 0 3
759 d5 4 0 3
765 Nf6 17 2 17
765 d5 5 0 3
770 Nf6 5 0 3
770 h6 3 0 2
766 Nf6 23 0 16
763 Nf6 47 3 26
763 e6 4 0 6
763 g6 3 0 3
763 d5 3 0 2
773 Nf6 4 0 3
762 Nf6 94 7 92
762 e6 31 3 19
762 g6 10 0 7
762 d5 10 0 7
762 d6 5 0 4
771 Nf6 6 0 6
764 Nf6 26 3 27
764 g6 4 0 7
764 d5 3 0 7
768 fxe4 9 0 5
769 Nf6 6 0 7
772 Nf6 2 0 4
767 Nf6 11 1 9
776 e6 5 0 0
775 Nh6 4 0 2
775 e5 5 0 1
788 Bg7 33 3 38
793 Bg7 9 0 12
787 Bg7 63 2 27
785 Bg7 98 10 83
796 Bg7 7 0 7
795 Bg7 8 0 8
791 Bg7 7 1 14
783 Bg7 253 13 192
783 Nf6 6 1 6
783 d6 7 0 4
783 e6 3 0 4
783 c6 3 1 3
783 d5 4 0 1
783 b6 5 0 0
792 Bg7 3 1 13
786 Bg7 78 5 80
786 e6 4 0 3
784 Bg7 106 6 103
784 d5 4 1 4
784 Nf6 4 0 3
784 d6 3 0 2
789 Bg7 19 2 25
794 Bg7 6 1 9
790 Bg7 10 1 17
807 e5 2 0 3
806 d5 7 0 2
812 d5 1 0 8
812 e5 2 0 7
811 d5 9 1 11
811 g6 1 1 3
811 e6 2 0 3
813 Nc6 3 0 2
813 g6 2 0 3
828 Bb7 5 0 6
830 Bb7 3 1 3
827 Bb7 3 0 8
829 Bb7 4 0 3
824 Nc6 7 0 7
824 Bb7 7 1 3
824 c6 3 1 2
825 Bb7 7 0 6
823 Bb7 9 1 23
822 Bb7 16 0 24
831 Bb7 1 0 5
832 Bb7 5 0 2
826 Bb7 6 0 8
845 e6 4 0 4
845 Nc6 2 0 3
844 d5 2 0 4
844 d6 3 0 2
842 d5 3 0 3
843 d5 4 0 7
838 Nc6 2 0 9
838 d6 3 0 6
841 d6 0 0 11
841 Nc6 3 0 3
841 d5 1 0 4
846 d6 3 0 4
846 e6 2 0 3
837 d6 6 0 5
837 Nc6 6 0 4
837 e6 4 1 4
837 d5 3 0 4
839 d6 4 0 3
839 e6 3 0 3
839 Nc6 4 1 1
848 Nc6 5 0 3
835 d6 9 0 7
835 d5 6 0 10
835 Nc6 3 1 7
835 e6 7 0 4
835 e5 2 0 6
835 g6 0 1 6
834 cxd4 28 0 34
834 d5 6 1 11
834 e6 7 0 3
834 g6 4 0 1
849 Nc6 3 0 2
840 g6 7 0 12
836 d5 6 0 5
836 Nc6 3 0 8
836 d6 4 0 7
836 e6 4 1 4
856 d5 1 1 3
852 d5 8 0 12
853 d5 6 0 10
851 d5 16 2 11
854 d5 6 0 5
873 c6 5 1 5
870 e5 4 0 8
867 Nf6 5 0 5
867 e5 2 0 7
867 c5 0 0 7
867 e6 4 0 3
868 e5 7 1 3
868 c6 3 1 2
864 e6 5 0 11
864 Nc6 4 1 9
864 Nf6 2 0 4
863 e5 8 1 16
863 e6 4 1 4
863 c5 3 0 4
863 c6 1 0 5
863 Bf5 3 1 1
866 Nf6 2 0 7
866 e5 3 2 4
866 e6 0 1 6
872 e5 7 0 4
862 e5 21 0 16
862 e6 7 0 6
862 c5 6 1 5
862 Nf6 6 0 6
862 Nc6 5 0 4
862 d4 4 0 4
871 e5 4 0 9
871 c5 2 0 4
869 e6 5 0 5
869 c6 2 2 4
860 e5 21 0 32
860 e6 13 2 17
860 Nf6 8 3 7
860 c5 4 1 6
860 Bf5 5 0 4
860 c6 3 0 2
859 e6 32 2 24
859 Nf6 9 2 24
859 Nc6 12 3 13
859 c5 7 3 10
859 Bf5 8 2 7
859 e5 7 0 5
859 c6 4 1 6
865 Bf5 15 1 16
861 e5 21 3 40
861 e6 13 1 4
861 Nf6 6 0 6
861 c5 1 0 8
875 e5 1 0 4
884 Bg4 1 0 4
880 e6 18 1 8
880 Nf6 2 0 5
883 e6 12 1 1
881 e6 4 1 4
879 Nf6 8 1 8
879 e6 8 1 2
879 e5 9 0 2
879 g6 4 0 4
882 e5 2 0 5
896 d5 6 2 27
896 Nf6 5 0 5
896 Nc6 4 0 5
896 d6 2 0 7
896 Qf6 2 1 3
904 d5 4 1 8
893 d5 24 1 30
893 Nf6 8 0 5
893 Bc5 4 0 6
893 Nc6 5 0 5
893 d6 3 0 2
893 e4 2 0 3
894 d5 13 1 32
894 Nf6 8 1 22
894 Nc6 5 0 3
894 d6 2 0 3
900 d5 15 0 14
891 Nc6 23 2 41
891 d6 10 0 25
891 e4 16 1 16
905 d5 1 0 4
898 d5 9 1 26
898 Nc6 6 0 5
898 d6 5 0 2
898 Nf6 2 0 3
897 d5 10 1 22
897 Nf6 3 0 11
897 Nc6 3 1 6
897 d6 5 0 3
895 Nc6 16 1 25
895 d6 7 0 14
895 Nf6 4 0 8
895 Qf6 8 1 2
895 g6 3 0 2
895 Qe7 3 0 2
903 d5 7 0 7
889 d5 54 4 67
889 Nc6 27 0 29
889 d6 18 0 7
889 e4 10 0 11
889 Nf6 6 1 14
889 Bc5 13 0 7
889 g6 2 0 5
892 d5 26 1 25
892 Nc6 7 0 5
892 d6 5 1 6
892 Nf6 4 2 4
892 Bc5 3 0 2
892 e4 3 0 2
892 c5 3 0 2
901 Nf6 2 1 8
901 Nc6 4 0 2
901 d6 1 0 4
888 d5 76 5 96
888 d6 18 1 20
888 Nf6 11 2 14
888 Nc6 16 1 10
888 Bc5 10 0 5
888 f5 2 0 5
888 Qf6 3 0 2
887 exd4 58 7 73
887 e4 47 4 57
887 Nc6 13 0 9
887 d6 13 0 4
887 d5 2 0 6
899 Nf6 3 0 11
899 d5 3 0 5
899 d6 1 1 3
899 Nc6 2 0 3
906 d5 2 1 2
902 exf4 8 0 7
902 d6 4 0 1
890 d5 55 7 54
890 Nc6 16 1 14
890 f5 6 0 9
890 Nf6 6 0 8
890 Bc5 3 0 6
890 e4 5 0 4
890 Qf6 4 1 0
890 d6 1 1 3
920 d5 1 1 7
919 d5 3 0 4
917 d5 2 0 3
914 d5 10 0 9
914 Nf6 4 0 6
914 d6 3 0 5
915 d5 6 2 15
915 d6 6 0 2
916 d5 5 0 6
916 d6 5 0 2
916 Nf6 1 0 4
913 d5 16 0 10
913 d6 7 0 2
913 Qf6 4 0 4
922 d5 2 0 4
911 d5 17 2 28
911 d6 11 1 8
911 Qe7 4 0 3
911 c5 3 0 3
910 d5 38 5 52
910 b6 7 0 8
910 Nf6 5 1 7
910 d6 8 0 5
910 c5 3 0 4
910 c6 3 0 3
910 Ne7 1 1 3
918 d5 4 0 6
912 d5 12 0 24
912 d6 3 1 2
912 Nf6 3 0 2
912 b6 2 0 3
925 Nf6 3 0 2
933 Bg7 1 0 4
935 Bg7 1 0 5
931 Bg7 4 1 2
929 Bg7 2 0 6
928 Bg7 5 0 4
932 Bg7 3 0 3
926 Bg7 15 1 12
927 Bg7 7 1 15
930 Bg7 3 0 4
942 e5 11 1 6
942 a6 8 0 4
942 Nd4 2 0 7
942 Nf6 4 0 1
942 Ne5 4 0 1
938 e6 29 3 17
938 e5 30 1 16
938 Nf6 24 0 17
938 a6 10 0 6
938 Ne5 4 0 2
938 g6 5 0 1
939 e5 19 2 25
939 Nf6 12 1 6
939 e6 2 0 5
939 d6 4 1 2
936 e5 166 8 129
936 d5 45 4 42
936 Nf6 42 1 33
936 d6 29 1 15
936 e6 20 1 6
936 f5 6 1 9
936 b6 7 1 2
936 f6 5 0 2
936 a6 5 0 2
936 h6 2 1 3
944 Nf6 1 0 7
944 g6 4 1 3
943 e5 7 0 6
943 d5 4 0 8
943 Nf6 5 0 1
947 e5 2 0 3
941 e5 11 1 17
941 d5 2 3 7
941 d6 0 1 5
937 d5 104 8 90
937 e5 72 2 62
937 e6 44 3 21
937 Nf6 26 1 13
937 d6 12 0 6
940 e5 24 1 12
940 d5 10 1 8
940 d6 6 2 1
940 e6 5 0 2
940 b6 4 0 1
954 Nxe4 9 0 11
956 e5 2 0 7
956 d5 1 0 4
949 d5 136 13 158
949 e5 95 4 70
949 d6 22 1 33
949 Nc6 25 0 11
949 c6 13 0 3
949 c5 9 0 2
949 e6 7 0 3
949 g6 7 0 1
951 Nxe4 30 0 53
951 e5 1 0 4
958 e5 4 0 2
953 e5 3 0 10
953 d5 6 0 2
953 d6 3 0 2
950 d5 32 1 57
950 e5 35 0 37
950 d6 12 0 12
950 e6 5 1 7
950 Nc6 6 0 5
950 Ng8 4 0 5
950 g6 2 1 3
955 Nxe4 6 0 12
948 Nd5 391 25 413
948 Ne4 36 3 12
948 Ng8 20 2 15
948 Ng4 7 0 4
948 Nh5 6 0 3
952 d5 5 0 10
952 e5 4 0 5
957 Nxe4 4 0 5
961 b6 2 1 2
960 b6 9 2 1
960 c6 3 0 2
960 a4 3 0 2
965 b5 16 1 12
965 e6 7 1 4
965 b6 2 1 3
968 b5 5 0 12
964 b5 51 5 46
964 b6 10 2 10
964 h6 14 0 4
964 Nc6 6 0 1
967 b5 11 0 6
963 b5 84 5 77
963 b6 7 4 11
963 h6 11 0 5
963 Nf6 5 0 5
963 e6 3 0 3
966 b5 9 1 10
974 a6 3 0 2
994 Bb7 1 0 5
980 Bb7 161 14 127
980 e6 5 1 6
980 Ba6 4 0 3
992 Bb7 5 0 6
990 Bb7 10 0 3
982 Bb7 77 4 45
979 Bb7 347 22 368
979 Ba6 10 1 6
979 e6 8 0 1
979 g6 6 1 1
985 Bb7 18 0 23
991 Bb7 2 0 7
989 Bb7 8 0 6
993 Bb7 1 0 7
986 Bb7 19 1 12
983 Bb7 53 1 66
978 Bb7 436 25 353
978 Ba6 12 2 5
978 g6 7 0 10
978 e6 11 0 4
978 d6 7 0 6
978 Nc6 4 0 2
978 d5 4 0 2
978 a5 3 0 2
987 Bb7 9 0 18
984 Bb7 24 4 30
981 Bb7 55 2 89
988 Bb7 16 0 14
1012 a6 5 0 17
1012 Nc6 3 0 6
1012 g6 3 1 1
997 Nc6 410 34 507
997 e6 385 28 513
997 d6 191 15 242
997 a6 24 3 35
997 Nf6 18 1 28
997 g6 16 0 19
997 e5 16 0 7
997 b6 8 0 9
1015 Nc6 0 0 5
1014 d6 3 0 3
1014 Nc6 2 0 3
1000 Nc6 195 16 207
1000 d6 138 6 136
1000 e6 108 16 85
1000 g6 32 0 25
1000 a6 17 1 20
1000 e5 12 1 7
1000 b6 9 0 4
1000 Nf6 4 0 3
1009 Nc6 19 3 14
1009 d6 12 0 16
1009 e6 10 1 3
996 Nc6 1684 125 1814
996 d6 1415 114 1611
996 e6 792 53 850
996 g6 197 4 203
996 a6 76 5 81
996 b6 64 4 45
996 d5 39 2 23
996 Nf6 30 3 25
996 e5 7 1 6
996 h6 7 1 4
996 Qa5 9 0 2
996 f6 5 1 2
996 Qc7 5 0 2
1007 Nc6 24 4 45
1007 d6 6 0 18
1007 e6 2 0 8
1007 e5 6 0 2
1004 e6 17 0 64
1004 d6 13 1 36
1004 Nf6 7 0 29
1004 Nc6 7 0 9
1004 g6 7 0 4
1004 b6 5 0 3
1013 d6 2 0 8
1013 Nc6 3 0 6
1013 e6 2 0 5
1006 Nc6 26 1 37
1006 d6 15 1 14
1006 e6 8 3 12
1006 e5 6 2 7
1006 d5 0 1 5
1006 Nf6 2 0 3
1011 cxb4 11 0 15
1011 e6 5 1 3
1011 b6 5 1 2
1011 d6 2 0 3
1002 Nc6 83 6 77
1002 d6 46 0 61
1002 e6 25 2 40
1002 d5 21 1 31
1002 Nf6 11 2 26
1002 e5 10 1 19
1002 g6 7 0 9
1002 a6 4 0 4
1002 b6 3 0 3
1003 Nc6 97 5 124
1003 d6 44 7 50
1003 e6 29 6 32
1003 g6 11 2 17
1003 e5 12 1 10
1003 Nf6 5 1 3
1003 b6 5 0 1
1001 Nc6 118 8 147
1001 d6 75 7 101
1001 e6 50 5 79
1001 g6 16 0 24
1001 e5 10 0 21
1001 d5 6 0 12
1001 b6 4 0 3
998 cxd4 410 19 591
998 e6 64 2 44
998 d6 38 3 18
998 Nc6 30 0 17
998 b6 15 1 15
998 g6 4 1 5
998 Nf6 3 0 4
998 d5 6 0 1
998 c4 4 0 1
1005 Nc6 28 4 78
1005 e6 12 0 22
1005 d6 10 1 13
1005 d5 3 0 6
1008 Nc6 13 2 35
1008 d6 7 1 15
1008 e6 4 0 10
1008 g6 1 0 9
1008 b6 5 0 0
999 Nc6 206 9 186
999 d6 115 13 120
999 e6 106 9 112
999 d5 68 2 79
999 g6 27 3 33
999 b6 12 0 11
999 e5 6 0 11
999 a6 7 0 5
999 Nf6 2 0 6
1010 Nc6 14 2 13
1010 d6 3 0 14
1010 e6 6 0 7
1022 d5 174 11 145
1022 e6 30 2 31
1022 b5 9 1 3
1022 a6 8 0 0
1022 d6 2 0 3
1024 d5 106 13 82
1024 e6 11 1 7
1024 e5 5 0 4
1024 d6 6 1 1
1024 h6 2 0 3
1033 d5 3 1 16
1021 d5 564 53 640
1021 e6 50 4 55
1021 d6 37 2 33
1021 b5 14 0 15
1021 g6 11 1 16
1021 Nf6 6 0 6
1021 e5 6 0 5
1021 c5 2 0 3
1021 f6 3 0 2
1028 d5 12 0 24
1028 e6 4 0 4
1030 Nf6 6 0 10
1035 d5 4 0 2
1031 d5 8 0 12
1034 d5 5 0 8
1026 d5 33 2 26
1026 e5 7 0 2
1026 e6 1 0 4
1025 d5 64 1 91
1025 e6 9 0 5
1025 d6 3 0 5
1020 d5 785 49 679
1020 e6 77 3 47
1020 d6 29 2 24
1020 b5 24 2 9
1020 g6 13 0 7
1020 h6 3 1 6
1020 Nf6 5 1 4
1020 f6 3 0 2
1027 d5 14 1 28
1027 e6 3 0 14
1027 d6 4 0 4
1029 d5 10 1 9
1023 d5 125 13 146
1023 e6 15 1 10
1023 d6 8 1 8
1023 e5 4 0 7
1023 b5 3 0 3
1023 g6 5 0 1
1032 d5 6 0 7
1032 e6 1 0 4
1044 c6 18 1 15
1044 Bd7 6 0 2
1048 dxc4 3 1 5
1045 dxe4 6 1 11
1045 d4 1 0 6
1039 d4 109 7 87
1039 dxe4 61 4 46
1039 Nf6 12 1 9
1039 c6 8 1 8
1039 e6 6 0 3
1038 dxe4 158 8 165
1038 d4 4 0 10
1038 e6 8 0 4
1038 c6 7 0 3
1038 Nf6 4 1 3
1047 dxe4 4 1 6
1047 d4 3 0 2
1043 dxe4 10 2 30
1043 Nf6 3 0 7
1043 d4 7 0 2
1049 dxe4 4 1 2
1049 Nf6 3 0 4
1050 dxe4 3 0 4
1040 dxe4 52 8 88
1040 d4 14 1 24
1040 e6 6 1 3
1040 Nf6 4 1 3
1040 e5 4 0 3
1040 c6 4 0 2
1041 dxe4 64 6 52
1041 e6 7 1 1
1041 c6 3 0 4
1037 d4 211 14 159
1037 e6 193 6 160
1037 Nc6 145 10 125
1037 c5 70 6 94
1037 Bf5 62 4 71
1037 f6 55 1 52
1037 c6 8 1 10
1037 Be6 7 0 1
1037 Nf6 6 0 1
1037 Nh6 5 0 2
1037 Qd7 5 0 0
1037 h5 3 2 0
1037 a6 2 0 3
1036 Qxd5 2542 149 1715
1036 Nf6 460 46 490
1036 c6 75 4 71
1036 e6 47 2 38
1036 e5 43 1 39
1036 Bf5 7 0 6
1036 Qd6 8 1 2
1036 Qd7 4 0 2
1036 Nc6 1 0 4
1036 Bg4 2 1 2
1042 dxe4 18 1 48
1042 d4 5 1 14
1042 e5 3 1 3
1046 dxe4 14 1 13
1064 c6 7 0 6
1064 Bd7 1 1 4
1055 e6 73 3 47
1055 Nf6 41 3 54
1055 e5 29 1 19
1055 g6 17 3 19
1055 c6 7 2 6
1055 f5 10 0 2
1055 Nc6 7 2 3
1055 c5 7 1 3
1057 Nf6 32 1 22
1057 e5 21 3 15
1057 g6 17 1 19
1057 e6 16 0 6
1057 f5 6 0 1
1057 c6 5 0 1
1057 Nc6 3 1 2
1057 c5 3 0 2
1057 a6 2 0 3
1066 Nf6 3 0 4
1054 Nf6 155 13 187
1054 e5 120 8 96
1054 e6 103 6 59
1054 g6 53 10 94
1054 Nc6 31 2 21
1054 Bg4 27 0 21
1054 c5 24 1 15
1054 c6 20 1 14
1054 f5 22 2 11
1054 Nd7 12 0 14
1054 h6 2 0 9
1054 a6 8 0 2
1054 b6 6 2 1
1054 d5 4 0 5
1054 f6 6 0 2
1054 Bd7 4 0 2
1060 Nf6 3 0 8
1060 e6 5 0 5
1060 e5 2 0 4
1060 g6 1 1 3
1065 g6 5 0 2
1065 Nf6 3 0 3
1062 Nf6 4 0 7
1062 e5 3 0 3
1059 Nf6 10 0 9
1059 e6 8 0 2
1059 e5 5 0 5
1059 g6 3 1 5
1058 e5 14 1 20
1058 Nf6 12 2 14
1058 e6 10 2 10
1058 g6 7 0 12
1058 c5 8 0 1
1058 Nc6 3 1 3
1053 Nf6 325 15 291
1053 e6 173 11 116
1053 g6 133 6 115
1053 e5 82 4 62
1053 c6 52 1 25
1053 Nc6 31 1 14
1053 f5 23 1 7
1053 c5 15 1 15
1053 Nd7 8 0 11
1053 b6 9 1 6
1053 d5 11 1 1
1053 Bd7 10 1 1
1053 a6 10 1 0
1053 f6 8 0 2
1053 h6 7 0 2
1053 Be6 6 0 1
1053 h5 3 0 3
1068 dxe5 3 0 3
1061 e5 2 0 6
1061 e6 2 0 5
1061 Nf6 3 0 3
1056 e5 39 2 28
1056 Nf6 28 1 21
1056 g6 23 0 23
1056 e6 23 0 12
1056 c5 10 0 8
1056 Nc6 11 0 3
1056 f5 5 1 3
1056 c6 4 0 3
1056 Nd7 4 0 3
1063 Nf6 5 0 4
1063 g6 0 0 5
1088 c6 13 0 14
1088 Nf6 9 0 9
1088 Nc6 7 0 10
1088 a6 3 1 5
1088 Bc5 3 0 4
1074 Nf6 981 58 828
1074 Nc6 773 55 711
1074 d6 432 21 304
1074 Bc5 369 24 308
1074 c6 115 7 79
1074 Qf6 62 4 46
1074 h6 53 8 33
1074 Qh4 53 2 32
1074 a6 45 2 19
1074 f5 18 1 33
1074 f6 29 2 15
1074 g6 23 0 13
1074 Be7 17 3 16
1074 Nh6 26 1 7
1074 Qe7 22 0 5
1074 c5 14 1 10
1074 d5 15 0 5
1074 b6 15 1 4
1074 Ne7 7 0 4
1074 Bb4 8 0 2
1074 Bd6 5 0 2
1074 a5 2 0 5
1074 Qg5 5 0 2
1074 h5 4 1 2
1091 Nc6 4 1 7
1091 d6 4 0 2
1091 Bc5 0 0 5
1093 Nf6 7 0 4
1093 Nc6 2 0 4
1079 Nc6 250 18 190
1079 Nf6 214 19 175
1079 d6 142 2 83
1079 Bc5 66 7 59
1079 Bb4 37 3 34
1079 c6 19 1 25
1079 f5 13 3 15
1079 c5 6 0 5
1079 a6 8 1 2
1079 Qf6 9 0 2
1079 Qh4 5 1 2
1079 d5 4 0 3
1079 f6 3 0 3
1079 g6 2 0 4
1079 b6 5 0 1
1085 Nc6 14 6 26
1085 d6 14 0 17
1085 Nf6 10 2 11
1085 Bc5 5 0 7
1085 d5 2 0 4
1073 Nc6 8015 569 7269
1073 d6 3823 238 2750
1073 Nf6 1389 88 1050
1073 Qf6 458 22 300
1073 Bc5 282 12 189
1073 f6 323 7 104
1073 d5 219 7 144
1073 f5 180 12 173
1073 Bd6 164 8 59
1073 c6 36 1 24
1073 Qe7 39 2 15
1073 b6 29 1 11
1073 Bb4 32 0 8
1073 c5 24 2 12
1073 g6 20 1 12
1073 h6 16 0 7
1073 g5 15 1 2
1073 Be7 12 1 2
1073 h5 7 0 2
1073 Qh4 8 0 0
1073 a6 7 0 1
1073 Nh6 7 0 0
1073 Qg5 5 0 1
1073 Ne7 3 0 2
1073 a5 3 0 2
1073 Na6 4 0 1
1095 Nf6 1 0 5
1095 Nc6 1 0 4
1080 Nf6 89 6 103
1080 Nc6 68 2 70
1080 d6 29 1 30
1080 Bc5 22 3 18
1080 Qf6 18 3 21
1080 f6 7 1 5
1080 d5 6 0 1
1080 h6 1 0 4
1080 Be7 3 0 2
1077 Nc6 259 27 373
1077 d6 156 8 163
1077 Nf6 115 8 113
1077 Qf6 93 12 109
1077 g6 62 1 11
1077 Qe7 25 1 24
1077 Bc5 9 0 5
1077 d5 7 0 3
1077 Bd6 6 0 2
1077 Nh6 2 0 5
1086 Nf6 15 0 21
1086 Nc6 4 1 9
1086 Bc5 7 0 7
1086 d6 2 2 10
1086 d5 8 0 1
1084 Nf6 24 1 22
1084 Nc6 11 2 21
1084 d6 12 2 19
1084 Bc5 10 1 11
1084 Qh4 5 0 2
1084 d5 4 0 2
1083 Nf6 47 0 50
1083 Nc6 18 0 18
1083 Bc5 16 1 19
1083 d5 13 0 7
1083 d6 8 0 7
1083 c6 7 0 2
1083 Be7 0 0 5
1081 Nc6 58 4 50
1081 Nf6 45 5 46
1081 d6 38 3 29
1081 Bc5 29 4 26
1081 c5 13 1 10
1081 f5 3 0 6
1081 c6 2 1 6
1081 g6 1 2 3
1081 Qh4 1 0 5
1078 Nc6 217 14 235
1078 Nf6 145 9 155
1078 d6 132 7 131
1078 Bc5 71 7 106
1078 d5 58 2 53
1078 h6 30 0 20
1078 Qf6 23 0 17
1078 c6 15 1 9
1078 Bb4 11 2 11
1078 f5 14 0 8
1078 c5 9 1 7
1078 g6 8 2 2
1078 f6 4 0 7
1078 Qh4 8 0 2
1078 Bd6 5 0 2
1078 Be7 3 0 2
1078 b6 4 0 1
1076 exd4 968 52 928
1076 Nc6 191 5 128
1076 d6 167 7 79
1076 Nf6 58 4 30
1076 f6 58 0 28
1076 d5 45 6 24
1076 Qh4 30 2 18
1076 Qf6 34 2 13
1076 Bd6 24 1 17
1076 Qe7 15 1 12
1076 f5 13 0 4
1076 Bb4 6 0 4
1076 c5 6 0 1
1076 c6 6 0 1
1076 b6 4 0 2
1082 Nc6 21 3 58
1082 Nf6 15 2 31
1082 d6 20 0 24
1082 d5 8 0 14
1082 Bc5 5 0 17
1082 Qh4 2 0 5
1082 f5 3 0 2
1075 exf4 1102 32 678
1075 Nc6 365 9 259
1075 d6 279 9 148
1075 d5 124 6 122
1075 Bc5 63 3 56
1075 Qh4 63 1 39
1075 f6 48 1 16
1075 Nf6 31 1 12
1075 f5 19 2 16
1075 Qf6 22 1 10
1075 Bd6 24 0 7
1075 Qe7 17 1 3
1075 Be7 2 0 4
1087 Nf6 6 2 18
1087 Nc6 6 0 17
1087 d6 3 1 10
1087 Bc5 3 0 8
1087 d5 4 0 6
1090 Nf6 1 1 6
1090 Nc6 3 0 3
1090 d6 4 0 2
1092 Nf6 9 0 4
1089 Nf6 5 1 14
1089 Bc5 2 1 7
1089 Nc6 3 1 3
1089 d5 3 0 2
1116 c6 9 1 12
1103 d5 105 8 157
1103 d6 39 4 39
1103 c6 23 1 23
1103 c5 23 0 24
1103 b6 18 2 19
1103 Nf6 20 0 14
1103 Nc6 14 1 6
1103 Ne7 3 0 10
1103 Qe7 10 0 3
1103 a6 5 1 6
1103 Qh4 5 0 6
1103 g6 7 0 4
1103 Bc5 4 0 6
1103 Be7 4 0 1
1103 f6 3 0 2
1118 d5 4 0 7
1119 d5 2 0 7
1105 d5 109 8 148
1105 d6 34 1 25
1105 c5 20 2 22
1105 c6 19 2 9
1105 Ne7 12 0 17
1105 b6 9 1 17
1105 Bb4 14 1 8
1105 Nc6 12 1 8
1105 Nf6 10 1 8
1105 g6 8 0 5
1105 Be7 8 0 4
1105 Bc5 6 0 4
1105 a6 5 0 4
1111 d5 8 0 17
1111 d6 5 1 0
1101 d5 779 73 1025
1101 c5 193 7 216
1101 d6 220 14 175
1101 b6 101 3 143
1101 c6 98 5 97
1101 Nf6 114 3 73
1101 Nc6 74 3 48
1101 Ne7 51 1 56
1101 g6 49 4 37
1101 Qe7 31 4 27
1101 Bc5 30 2 20
1101 Be7 25 2 21
1101 h6 25 0 16
1101 a6 16 1 15
1101 f6 15 2 13
1101 f5 15 0 9
1101 Qf6 10 0 11
1101 e5 3 1 4
1101 g5 6 0 2
1101 Bd6 3 0 4
1101 Bb4 3 0 3
1120 d5 1 0 6
1117 d5 3 0 10
1117 c5 3 0 3
1109 d5 5 2 21
1109 Nc6 12 0 4
1109 b6 3 2 4
1109 Nf6 6 0 2
1109 Ne7 3 0 3
1109 g6 3 0 2
1112 Nf6 5 1 14
1112 d5 4 1 6
1112 g6 1 0 5
1114 d5 6 0 6
1114 c5 3 0 2
1114 b6 4 0 1
1108 d5 20 0 37
1108 b6 4 0 6
1108 c5 5 0 4
1108 Qf6 2 0 4
1108 Nf6 1 1 3
1113 d5 6 1 20
1113 d6 3 0 2
1107 d5 34 2 21
1107 c5 10 1 18
1107 d6 18 0 6
1107 c6 13 1 8
1107 b6 6 0 3
1107 Nc6 6 0 1
1107 Nf6 7 0 0
1106 d5 97 7 128
1106 d6 25 0 19
1106 Qe7 11 2 24
1106 c6 16 0 16
1106 b6 16 3 8
1106 c5 12 1 14
1106 Nf6 9 2 9
1106 Ne7 6 0 6
1106 Nc6 4 1 7
1106 Be7 4 0 4
1106 Qf6 3 0 3
1106 g6 3 1 1
1106 Bc5 1 1 3
1100 d5 1311 86 1341
1100 d6 297 17 179
1100 c5 191 10 201
1100 b6 148 8 122
1100 c6 150 8 106
1100 Ne7 96 7 106
1100 Nf6 129 3 54
1100 Nc6 62 1 25
1100 Qh4 41 3 42
1100 g6 52 0 20
1100 Qe7 46 0 24
1100 Be7 28 3 25
1100 a6 27 1 12
1100 Bb4 18 1 4
1100 Qf6 17 0 5
1100 h6 11 0 10
1100 f5 12 0 6
1100 f6 8 0 4
1100 Bd6 7 0 0
1100 Qg5 5 0 1
1100 a5 5 0 1
1100 h5 3 0 3
1100 e5 4 0 1
1104 d5 96 6 105
1104 d6 62 6 76
1104 Nc6 36 4 26
1104 c5 21 0 31
1104 b6 14 0 20
1104 f6 7 0 13
1104 Bc5 10 0 6
1104 g6 5 0 6
1104 Qh4 10 0 1
1104 Qg5 4 0 6
1104 c6 5 0 4
1104 Ne7 5 0 3
1104 Be7 3 0 2
1104 a6 2 0 3
1104 f5 3 0 2
1110 d5 8 1 37
1110 d6 4 0 8
1110 Nf6 3 0 6
1110 Qe7 1 0 5
1110 c6 1 0 4
1102 d5 173 9 243
1102 d6 51 3 22
1102 c5 26 0 37
1102 b6 19 0 23
1102 Qh4 16 1 22
1102 Ne7 17 2 19
1102 c6 19 2 16
1102 Nc6 17 0 9
1102 Nf6 16 0 10
1102 Qe7 9 0 8
1102 Be7 11 1 5
1102 g6 12 0 3
1102 Bc5 7 0 3
1102 f5 1 1 4
1102 Qf6 4 0 1
1115 d5 7 0 17
1115 c5 2 1 3
1121 d5 2 0 5
1126 Nf6 3 0 5
1125 d6 11 0 7
1124 Nf6 44 2 56
1131 e6 3 1 1
1130 e6 8 0 2
1130 e5 5 0 3
1134 g6 2 0 3
1129 e5 8 0 5
1129 Kf7 5 0 2
1129 e6 3 0 2
1136 g4 25 0 26
1138 g4 12 0 7
1138 e5 3 0 3
1137 g4 21 0 22
1140 h6 0 0 5
1139 g4 10 0 10
1135 g4 84 3 58
1135 e6 16 0 7
1135 Bh6 6 0 0
1135 h6 3 0 2
1141 g4 4 0 2
1157 Bg7 4 0 1
1145 Bg7 128 7 119
1145 e6 8 0 2
1145 Nc6 2 0 6
1148 Bg7 53 5 44
1156 Bg7 7 0 1
1144 Bg7 319 29 284
1144 e6 3 1 6
1144 d6 4 0 5
1144 b6 3 0 4
1144 f6 6 0 1
1144 c6 3 0 4
1150 Bg7 20 1 22
1154 Bg7 4 0 12
1155 Bg7 6 0 8
1153 Bg7 10 1 9
1147 Bg7 49 6 61
1143 Bg7 448 27 387
1143 e6 14 0 7
1143 c6 8 0 6
1143 d6 8 0 6
1143 Nf6 5 2 3
1143 d5 6 0 0
1143 b6 4 0 2
1149 Bg7 19 2 33
1149 e6 2 0 3
1151 Bg7 7 3 13
1146 Bg7 87 8 71
1146 e6 3 1 2
1152 Bg7 8 1 10
1160 h4 3 0 3
1159 d6 8 0 0
1159 h4 4 0 2
1164 e6 7 0 1
1163 e6 5 0 1
1162 e6 6 0 9
1162 a6 8 0 1
1162 g6 1 1 4
1168 dxe4 3 0 4
1171 Nc6 2 0 4
1174 d5 6 1 6
1174 Nf6 5 0 6
1174 d6 4 0 4
1176 d5 9 0 10
1176 g6 7 0 7
1176 e6 8 0 3
1176 d6 4 0 2
1176 Nc6 4 0 1
1177 b5 7 0 3
1178 Bb7 1 0 4
1179 Bb7 18 0 10
1182 Bb7 3 0 2
1181 Bb7 4 2 6
1180 Bb7 5 0 6
1183 Nc6 16 2 20
1183 d5 11 0 15
1183 d6 5 0 7
1183 g6 7 1 3
1183 e6 7 0 3
1184 Nc6 1 1 5
1184 d5 3 0 2
1184 d6 1 0 4
1185 Nc6 2 0 3
1186 d5 18 0 11
1188 d5 3 0 2
1189 c5 50 2 44
1189 Nc6 43 4 34
1189 e6 38 4 26
1189 Nf6 28 2 20
1189 Bg4 22 2 17
1189 Bf5 14 0 9
1189 c6 12 0 8
1189 f5 5 0 8
1189 g6 5 0 4
1189 d4 3 0 5
1189 f6 4 0 3
1192 dxc4 2 0 3
1191 e6 4 1 5
1191 Nc6 2 0 5
1191 Nf6 2 0 5
1191 Bf5 2 0 4
1190 Nf6 8 0 14
1190 Nc6 9 0 8
1190 c5 6 0 10
1190 e6 8 0 3
1190 Bf5 1 0 6
1190 c6 2 0 3
1190 d4 2 0 3
1195 g6 4 0 3
1195 e5 4 0 2
1195 Nf6 4 0 2
1195 Nc6 4 0 1
1196 e5 2 0 3
1198 exf4 8 1 19
1198 Nc6 2 0 4
1197 d6 12 2 27
1202 d5 46 2 35
1202 c5 9 0 8
1202 b6 10 0 1
1202 Bc5 4 0 4
1202 Nf6 6 0 2
1202 d6 6 1 1
1202 f5 0 0 5
1202 Bd6 4 0 1
1202 Nc6 2 0 3
1202 Ne7 3 0 2
1205 d5 3 0 4
1203 d5 5 0 11
1204 d5 4 1 2
1207 Nf6 7 0 4
1209 Bg7 25 1 16
1212 Bg7 3 0 3
1210 Bg7 3 0 4
1213 b6 6 0 2
1213 d5 3 0 5
1214 g6 10 1 13
1214 d5 7 1 10
1214 e6 4 1 5
1214 e5 5 1 3
1214 Ng4 3 0 3
1215 d5 2 1 6
1215 g6 3 0 2
1217 c6 31 0 20
1217 Nc6 12 0 12
1217 Bb7 7 0 1
1219 Nc6 16 0 23
1219 d6 8 1 15
1219 e6 6 2 9
1219 d5 5 0 10
1219 Nf6 0 2 5
1219 g6 3 0 4
1220 g6 5 0 6
1220 Nc6 4 0 5
1220 d6 3 0 4
1221 d5 25 3 42
1221 d6 2 0 4
1222 d5 12 0 4
1224 e5 61 6 69
1224 e6 44 5 33
1224 Nf6 32 1 36
1224 c6 20 2 41
1224 c5 14 0 20
1224 Nc6 10 0 11
1224 Bf5 10 2 4
1224 Bg4 7 1 5
1224 d4 7 0 4
1224 b6 2 0 3
1225 Nf6 10 0 11
1225 c6 11 0 6
1225 c5 4 0 11
1225 e6 8 0 3
1225 Bg4 7 1 1
1225 Nc6 4 0 3
1226 Nc6 3 0 3
1232 e5 10 0 9
1232 e6 9 0 3
1232 c6 7 0 5
1232 c5 4 0 2
1232 g6 2 0 3
1233 e5 3 1 3
1234 d5 93 3 111
1234 Nf6 22 2 34
1234 Nc6 20 3 25
1234 Bc5 17 1 28
1234 d6 15 1 16
1234 f5 14 0 6
1234 Qf6 9 0 8
1234 c6 6 1 9
1234 Ne7 3 0 3
1235 Nc6 15 0 8
1235 e4 10 1 5
1235 d6 3 0 3
1239 d5 1 0 4
1241 exd4 3 0 2
1236 exf4 4 0 6
1238 d5 4 0 1
1243 d5 57 5 63
1243 d6 9 0 9
1243 c6 9 0 5
1243 Qe7 7 1 5
1243 Nf6 3 0 5
1243 g6 5 0 2
1243 c5 1 0 5
1243 Ne7 0 0 5
1244 d5 7 1 9
1246 Bg7 25 7 36
1252 c6 3 1 6
1252 Bxg4 3 1 1
1251 e5 17 1 27
1251 e6 0 0 18
1251 g6 7 0 3
1251 Bf5 3 0 3
1256 d5 4 0 5
1255 Qxg5 26 0 21
1255 d5 2 0 9
1255 Bc5 3 0 2
1257 d5 3 0 2
1262 Bg7 2 0 4
1264 Nf6 2 0 9
1264 d5 2 0 5
1264 Nc6 1 0 5
1269 e5 3 0 3
1267 h6 2 0 5
1273 d5 1 1 3
1271 d5 4 0 3
1270 d5 2 0 5
1276 d5 4 0 2
1283 d4 9 1 2
1282 f4 4 0 1
1282 d3 2 0 3
1286 e4 4 0 1
1288 Nb5 4 0 3
1288 Ne4 2 0 3
1294 Nf3 0 0 5
1293 Nf3 3 1 4
1292 e4 2 2 3
1292 Nf3 4 0 3
1298 exd4 4 0 1
1297 Qh5 5 0 1
1297 d4 3 0 2
1302 e5 3 0 2
1299 Nce2 41 1 17
1299 Nd5 2 0 3
1300 Nxe4 7 1 6
1300 f3 1 1 3
1304 d4 25 1 12
1304 e4 11 2 12
1304 e3 5 0 6
1304 d3 0 0 5
1305 e4 12 0 2
1309 d5 2 0 3
1308 Qxd4 19 0 32
1313 Nf3 3 0 3
1312 Nf3 6 0 8
1312 d4 3 1 2
1314 Nf3 5 1 2
1319 e4 5 0 3
1319 a3 3 1 1
1320 e5 5 0 0
1322 d4 1 0 9
1322 e4 3 0 2
1323 e4 4 1 4
1324 d4 12 0 1
1324 Nf3 5 0 0
1326 d4 2 0 3
1327 d4 1 0 4
1325 e4 6 0 13
1328 Nxf7 3 0 3
1329 Nc3 5 0 2
1331 d5 3 1 2
1331 c4 5 0 1
1330 c4 24 0 8
1330 Nc3 6 1 11
1330 e3 8 1 5
1330 g3 11 0 3
1330 Bf4 5 0 4
1332 c4 1 0 4
1335 Bb5 5 0 2
1336 d4 2 0 8
1336 Bc4 4 0 4
1336 Bb5 1 0 4
1339 Bg2 1 1 4
1338 Bg2 3 0 2
1337 d3 12 0 10
1337 Bg2 9 0 7
1337 e4 1 0 5
1340 d4 1 0 5
1344 Nc3 3 0 2
1343 Nc3 1 0 6
1342 Nc3 3 0 6
1342 d4 5 1 1
1342 g3 4 0 1
1346 c4 6 1 8
1346 e3 4 0 3
1346 Nc3 1 0 4
1348 Bg5 4 1 1
1348 c4 3 0 2
1347 c4 6 0 7
1347 Nc3 1 0 6
1355 Bg2 8 0 4
1356 Bg2 3 0 2
1353 Bg2 7 0 20
1357 Bg2 1 0 4
1354 Bg2 6 1 11
1352 Bg2 24 1 24
1358 Bg2 3 0 3
1359 e4 2 0 4
1360 e3 8 0 7
1360 c4 4 1 9
1362 Nc3 7 0 4
1362 d3 3 0 4
1362 e5 3 0 3
1363 Bg2 30 1 22
1365 d4 3 1 4
1366 d4 3 0 2
1367 Nc3 13 0 5
1367 d4 4 0 2
1367 e3 1 1 3
1369 Nc3 2 0 3
1368 Nc3 3 0 3
1374 d5 3 0 3
1372 Nxd4 20 2 21
1372 c3 7 1 2
1372 Qxd4 2 0 3
1373 dxc5 5 0 1
1378 d4 3 0 5
1379 d4 4 0 4
1382 Bg2 32 0 22
1387 Bg2 1 0 5
1388 Bg2 0 1 5
1385 Bg2 7 0 11
1384 Bg2 10 1 9
1383 Bg2 16 0 4
1386 Bg2 7 1 11
1389 Bb2 2 0 3
1390 cxd5 3 1 2
1391 e3 6 0 3
1392 e5 3 0 3
1393 Bg2 21 1 14
1394 Bg2 2 0 8
1395 d4 3 0 11
1395 e4 0 0 5
1396 Nb5 1 0 4
1396 Ne4 2 0 3
1397 d4 3 0 6
1401 Bb2 6 0 3
1402 Bb2 3 0 4
1403 Bb2 6 0 1
1410 cxd5 4 0 1
1409 cxd5 5 0 2
1406 e3 14 0 5
1406 d4 7 1 5
1406 cxd5 3 0 3
1406 b3 4 0 1
1408 e3 12 0 5
1408 d3 4 0 3
1405 e3 8 0 7
1405 Qa4 9 0 4
1405 e4 4 1 5
1405 Nc3 4 0 5
1405 Na3 2 1 2
1407 d4 7 0 1
1407 b3 4 0 2
1407 e3 2 0 3
1407 g3 4 0 1
1417 e3 10 0 7
1417 Nc3 1 0 8
1417 Ne5 5 0 4
1417 c4 4 0 4
1414 e3 25 5 23
1414 c4 24 2 7
1414 Bf4 16 0 3
1414 Nc3 7 0 10
1414 c3 2 0 4
1414 a3 4 0 2
1414 g3 1 0 4
1414 h3 0 0 5
1416 c4 25 4 14
1416 e3 12 2 8
1416 Bg5 6 1 7
1416 Nc3 1 1 8
1416 Bf4 5 1 1
1418 dxc5 4 0 7
1418 c4 5 0 3
1418 c3 3 2 2
1419 c4 7 0 2
1419 e3 7 0 1
1415 c4 40 1 13
1415 e3 20 2 17
1415 Nc3 4 0 13
1415 Bg5 4 0 5
1415 Bf4 5 0 1
1415 c3 2 0 3
1421 e3 5 0 1
1425 c4 4 0 7
1425 Bb5 2 0 5
1426 c4 6 1 3
1426 d4 5 0 1
1427 c4 4 0 6
1428 c4 4 1 5
1431 Ng5 6 1 13
1439 Bg2 10 1 8
1437 Bg2 18 1 15
1434 Bg2 34 2 40
1434 d4 8 1 4
1435 Bg2 31 4 30
1443 Bg2 4 0 1
1433 Bg2 43 6 50
1438 Bg2 19 1 15
1440 Bg2 5 0 2
1436 Bg2 29 2 26
1442 Bg2 3 0 5
1445 Nc3 3 0 2
1447 c4 3 0 4
1450 dxe5 3 0 2
1448 c4 3 1 2
1448 e4 3 0 2
1449 c4 4 0 1
1454 d4 6 1 3
1454 Bc4 4 0 1
1457 Bg2 7 0 2
1455 Bg2 7 0 8
1455 d3 6 0 5
1456 Bg2 5 1 5
1459 Nxc6 3 0 2
1458 Nf3 4 1 5
1463 Nxd4 3 0 5
1468 d4 2 0 10
1471 Bb2 6 1 3
1472 cxd5 2 0 6
1472 g3 3 0 3
1472 Nc3 3 0 2
1472 d4 3 0 2
1473 d4 4 0 1
1477 c4 21 2 9
1477 e3 10 1 15
1477 Bg5 4 0 3
1477 Nc3 4 0 2
1478 c4 8 0 1
1485 d4 3 0 5
1486 e5 2 0 4
1486 exd5 4 0 2
1487 d4 3 0 2
1492 Bg2 6 0 4
1493 Bg2 5 0 2
1491 Bg2 6 0 7
1494 Bg2 3 1 3
1489 Bg2 48 10 66
1490 Bg2 6 2 5
1497 Bg2 0 0 8
1499 d4 3 0 3
1500 d4 2 0 3
1501 Nc3 5 0 4
1501 d4 4 0 1
1502 c4 6 3 6
1502 e4 8 0 4
1502 c3 2 0 3
1503 d4 1 0 5
1504 d4 6 0 8
1505 Bg2 30 2 21
1507 d3 1 0 4
1506 d3 0 0 5
1508 d3 8 1 3
1510 cxd5 2 0 4
1511 c3 8 0 2
1514 d3 4 1 7
1512 Qa4 5 2 9
1513 cxd5 7 1 7
1516 g3 0 0 5
1515 g3 1 1 10
1517 c3 6 1 1
1519 d3 0 1 6
1518 cxd5 5 1 4
1520 d3 3 0 2
1522 g3 5 0 2
1523 g3 4 0 2
1521 g3 20 0 12
1524 d4 5 0 2
1526 cxd5 5 1 3
1527 d3 4 0 3
1528 g3 3 0 2
1529 d3 5 0 4
1530 g3 6 0 3
1536 e3 4 0 3
1535 e3 2 0 6
1535 Bxf6 5 0 0
1534 e3 2 1 8
1534 d3 3 2 3
1534 Bxf6 3 0 2
1539 e3 20 1 13
1539 f3 16 1 9
1539 c4 10 1 6
1539 a3 5 1 4
1539 d3 5 0 3
1539 c3 3 0 3
1540 e3 4 0 5
1540 c4 4 0 2
1544 c4 2 0 4
1541 d3 2 1 5
1542 e3 8 0 2
1543 e3 4 1 2
1546 e3 4 0 5
1546 d3 0 0 5
1546 g3 2 1 2
1546 c4 3 0 2
1552 e3 6 0 6
1552 g3 3 1 1
1548 e3 23 0 15
1548 Nf3 8 0 3
1548 g3 3 0 3
1548 d4 5 0 0
1550 e3 5 0 8
1550 Nf3 3 0 2
1549 e3 10 1 14
1549 Nf3 7 1 5
1549 d3 2 0 8
1549 g3 6 0 3
1549 d4 2 1 2
1553 e3 3 0 3
1551 Nf3 6 0 7
1551 e3 3 0 6
1547 e3 26 0 11
1547 d3 8 0 7
1547 Nf3 8 1 4
1547 g3 4 0 4
1547 a3 3 1 3
1547 f3 3 0 2
1555 e3 4 0 1
1559 d3 3 0 5
1557 e3 5 0 5
1557 d3 2 0 4
1557 c4 2 0 4
1558 e3 4 0 5
1558 c4 2 0 3
1567 e3 3 1 2
1561 e3 71 3 65
1561 c4 13 2 19
1561 g3 3 0 18
1561 e4 9 1 8
1561 d3 7 0 8
1561 Nc3 7 1 4
1561 Nf3 3 1 7
1561 d4 3 1 5
1566 e3 4 0 1
1565 Bxe5 7 0 2
1562 e3 30 2 25
1562 c4 7 0 4
1562 g3 5 1 5
1562 d3 3 0 7
1562 e4 4 0 4
1562 f3 3 0 3
1564 e3 8 0 3
1563 e3 7 3 8
1577 Bxg7 4 0 1
1573 e3 4 1 6
1573 d3 2 0 4
1571 e3 14 0 17
1571 d3 8 0 7
1571 Nf3 8 0 4
1571 g3 4 1 7
1571 f3 1 0 4
1572 g3 6 0 0
1572 e3 3 0 3
1572 d3 3 0 2
1572 f3 3 0 2
1572 c4 5 0 0
1582 Bxg7 7 0 1
1580 Bxf6 5 0 5
1580 c4 4 0 2
1581 e3 4 0 1
1581 g3 2 1 2
1583 e3 3 0 2
1585 b5 4 0 1
1594 e3 3 0 2
1592 b5 7 0 8
1591 e3 4 0 2
1591 Nf3 1 0 4
1598 e3 4 0 1
1590 e3 15 1 7
1590 a3 3 1 3
1590 g4 3 0 2
1599 e3 1 1 3
1602 Bxe5 32 0 32
1603 b5 16 0 11
1603 a3 3 1 3
1606 Nf3 3 0 3
1601 c4 5 0 12
1601 e3 7 0 9
1601 b5 9 0 5
1601 e4 6 0 3
1601 d3 2 0 6
1605 d3 5 2 4
1605 e3 2 0 3
1604 a3 9 2 6
1604 b5 5 0 1
1614 Bb2 3 0 3
1611 Bb2 4 1 4
1610 c4 2 2 4
1613 Bb2 4 1 3
1609 Bb2 12 1 11
1612 Bb2 1 0 5
1617 Bxg7 6 0 1
1615 a3 7 0 9
1615 b5 4 1 11
1616 e3 4 0 5
1620 f3 4 0 3
1624 e3 4 0 3
1628 d4 10 0 5
1630 cxd4 3 0 7
1630 Qxd4 0 0 8
1646 g3 5 0 6
1646 Nf3 1 2 7
1646 d3 2 0 3
1649 e4 3 1 1
1644 cxd5 13 2 17
1645 g3 6 0 6
1645 Nf3 6 0 3
1645 d3 3 1 2
1645 e4 2 0 3
1643 e4 19 0 14
1643 d4 7 0 8
1643 g3 7 2 5
1643 Nf3 5 0 6
1643 d3 4 0 6
1642 g3 22 1 22
1642 e4 9 3 16
1642 d4 16 2 6
1642 d3 6 0 10
1642 Nf3 5 1 2
1652 g3 5 0 2
1651 g3 8 2 2
1654 Bb2 0 1 7
1653 Bb2 8 0 13
1657 c5 4 0 2
1655 Nc3 2 0 8
1656 Nc3 4 0 6
1659 Nf3 4 0 5
1667 Bg2 1 2 3
1666 Bg2 1 0 4
1664 Bg2 5 0 4
1671 d4 9 2 9
1671 Nf3 5 2 7
1671 d3 10 0 3
1671 e4 3 2 5
1671 e3 4 0 3
1673 Bb2 2 0 4
1674 Nc3 10 0 2
1676 Nc3 4 0 1
1677 g3 24 1 17
1677 Nf3 11 0 26
1677 d3 16 1 6
1677 e4 4 0 9
1677 e3 3 0 8
1679 g3 5 0 5
1679 e4 2 1 4
1679 e3 3 0 2
1682 d3 1 0 8
1682 Nf3 1 1 3
1680 g3 7 0 3
1680 d3 4 0 3
1680 e4 4 1 1
1681 Nf3 3 0 4
1681 e4 4 0 2
1681 e3 2 1 3
1678 g3 10 1 11
1678 Nf3 8 0 5
1678 e4 4 0 2
1678 d3 3 1 1
1683 g3 5 0 1
1685 d4 10 0 8
1685 Nc3 5 1 3
1686 d4 3 0 2
1688 d4 3 0 2
1687 d4 2 0 3
1689 Bb2 9 0 6
1690 Bb2 4 0 6
1691 Bb2 2 0 3
1692 Nc3 2 0 3
1693 Qxd4 7 0 3
1694 a3 3 1 7
1694 Nf3 1 1 7
1695 Nf3 1 0 4
1699 Bg2 3 1 5
1701 Bg2 4 0 3
1700 Bg2 4 0 4
1702 cxd5 13 1 20
1702 d4 6 1 2
1707 cxd5 3 0 3
1708 c5 2 0 4
1708 cxd5 2 0 3
1709 Nf3 2 0 3
1712 Ne4 13 0 5
1711 e4 3 0 6
1711 e3 5 0 1
1711 Qa4 5 1 0
1714 bxc4 1 0 4
1716 Nc3 5 0 2
1715 Nc3 117 5 62
1715 b3 15 1 3
1715 Nf3 5 0 2
1717 e4 2 0 6
1717 e3 2 0 3
1719 exd4 2 0 3
1718 Bxc4 15 1 8
1725 Nf3 5 0 4
1725 g3 4 0 3
1725 e4 6 0 1
1724 g3 10 0 6
1724 d4 9 0 1
1724 Nf3 4 0 4
1724 d3 2 0 5
1724 e4 3 0 2
1726 g3 4 1 1
1728 Bb2 1 1 5
1729 Nc3 3 0 3
1732 Bg2 1 0 4
1738 Nd5 11 0 6
1738 Nf3 10 0 7
1738 Qb3 8 1 5
1738 a3 2 1 7
1738 e4 4 1 0
1738 d3 4 0 1
1736 Nf3 22 2 10
1736 g3 11 1 13
1736 e4 8 1 10
1736 d3 3 1 13
1736 e3 8 0 8
1734 Nf3 20 0 21
1734 g3 20 1 14
1734 e4 12 1 19
1734 d3 16 0 13
1734 e3 4 1 3
1734 a3 3 1 2
1733 d3 49 3 48
1733 g3 38 4 35
1733 e4 38 5 25
1733 Nf3 30 0 27
1733 e3 5 1 17
1733 a3 3 0 6
1733 d4 6 0 2
1733 Qc2 3 0 3
1742 g3 3 0 4
1740 g3 7 2 6
1740 Nf3 6 2 5
1740 e4 7 0 4
1739 Nf3 12 0 5
1739 e4 10 1 1
1739 g3 6 1 3
1739 e3 3 0 5
1739 d4 3 0 2
1735 g3 23 0 13
1735 Nf3 23 3 9
1735 d3 13 1 9
1735 e4 9 1 3
1735 e3 6 1 3
1737 d3 13 1 13
1737 g3 14 0 3
1737 e4 6 0 7
1737 d4 3 0 6
1737 e3 0 0 5
1747 Nc3 9 0 3
1747 e4 3 0 3
1748 Nd4 3 2 4
1753 Bb2 9 1 3
1752 Bb2 10 0 6
1751 Bb2 17 2 13
1754 Bb2 5 0 6
1755 Bb2 4 1 5
1762 Bd2 4 0 2
1758 Nc3 2 0 4
1758 e4 1 0 5
1760 e4 5 0 1
1757 e4 7 2 9
1757 Nc3 5 0 8
1757 g3 0 0 6
1757 Nf3 1 0 4
1759 g3 3 0 2
1766 Nc3 3 1 1
1765 Qxd4 12 0 18
1765 Nf3 3 0 4
1776 a3 4 0 1
1770 a3 6 1 5
1768 a3 12 1 11
1768 Nc3 1 0 4
1769 a3 17 0 6
1769 h3 3 1 2
1769 d4 0 0 5
1774 Nc3 1 0 5
1771 a3 5 0 5
1772 Nc3 6 0 2
1773 a3 4 0 4
1777 Nc3 9 1 14
1777 d3 5 0 8
1780 Nc3 2 0 3
1783 Bg2 10 0 9
1784 Bg2 7 1 8
1782 Bg2 9 0 12
1785 Bg2 9 0 5
1786 Bg2 4 0 3
1797 d4 7 0 0
1799 Nf3 4 0 1
1793 d4 6 0 2
1790 e4 11 0 11
1790 g3 8 0 3
1790 d3 4 1 3
1790 Nf3 1 0 6
1790 d4 4 0 1
1794 d4 3 0 2
1792 g3 10 1 2
1792 e4 5 0 3
1792 d3 2 0 4
1792 Nf3 3 0 3
1795 e4 3 0 3
1789 cxd5 40 1 30
1789 d4 11 1 13
1789 d3 4 0 5
1789 e3 4 0 5
1789 g3 4 0 2
1791 d4 11 0 2
1791 g3 7 0 4
1802 g3 6 1 3
1806 Bb2 5 0 4
1805 cxd5 8 0 6
1807 cxd5 4 0 2
1810 Nc3 5 1 3
1811 d5 6 0 2
1808 e3 4 0 4
1808 c5 2 0 4
1808 cxd5 3 0 2
1808 Nc3 2 0 3
1814 a3 3 0 4
1813 Nf3 8 0 3
1813 a3 1 0 6
1813 cxd5 5 0 1
1816 Bg2 7 0 1
1815 Bg2 12 2 6
1815 cxd5 2 2 2
1818 g3 4 0 2
1818 d4 4 0 2
1818 d3 2 0 3
1819 g3 3 0 2
1821 Bg2 4 0 1
1822 d4 22 2 18
1822 g3 13 2 6
1822 e4 11 1 7
1822 Nf3 5 0 9
1822 b3 3 0 2
1822 Qb3 1 1 3
1824 Nc3 12 0 13
1824 d4 5 0 1
1825 e4 5 0 5
1826 e4 6 0 6
1826 Nf3 1 0 7
1826 e3 5 0 2
1826 Nc3 4 0 2
1827 d4 2 1 6
1829 Bg2 6 0 8
1835 f3 5 1 3
1835 Nf3 2 2 1
1837 Qxd4 0 0 5
1856 g3 15 1 11
1856 Ne2 10 2 12
1856 a3 7 0 5
1856 Nf3 4 0 8
1856 Nc3 3 1 2
1856 c3 2 0 3
1856 f3 1 1 3
1856 Qe2 2 0 3
1857 Ne2 8 1 2
1857 g3 5 1 4
1863 dxe4 8 3 12
1864 exd5 6 1 3
1869 Bg2 0 0 5
1867 Bg2 7 0 9
1868 Bg2 5 0 1
1874 c3 3 1 10
1876 Qxd4 2 1 7
1879 a3 1 0 4
1879 g3 2 1 2
1878 Ne2 4 1 8
1878 a3 6 1 6
1878 Nd2 3 1 3
1878 Qe2 3 1 2
1886 Nf3 2 0 4
1883 Nf3 3 0 5
1885 Nf3 1 0 7
1882 exd5 4 0 7
1882 Nf3 2 0 3
1884 Nc3 5 0 2
1884 f4 3 0 3
1884 Nf3 5 0 0
1888 Bg2 5 0 3
1889 Bg2 5 0 3
1887 Bg2 13 1 16
1892 g3 6 0 3
1892 f3 1 0 5
1892 Nc3 2 0 4
1896 exd5 2 0 9
1896 e5 0 0 6
1898 Nc3 3 0 4
1898 f4 2 0 4
1899 Bg2 2 0 3
1903 c4 3 0 3
1903 g3 3 0 2
1903 e3 3 0 2
1902 c4 11 0 0
1902 Bf4 2 1 4
1902 e3 2 0 3
1904 e3 2 0 3
1906 e4 2 0 3
1911 Nc3 6 0 0
1910 e3 2 1 2
1910 cxd5 3 0 2
1908 d5 8 0 14
1909 Nf3 4 0 2
1914 a3 8 0 1
1915 e4 9 0 1
1913 e4 16 0 7
1913 f4 10 0 2
1913 Bf4 3 1 1
1917 Nf3 4 0 2
1917 c4 5 0 0
1918 d5 1 0 4
1920 d5 4 2 4
1926 e3 13 0 11
1926 Nc3 6 0 7
1925 e3 12 1 17
1925 Nc3 4 0 10
1925 Nf3 3 1 1
1923 e3 20 2 16
1923 Nc3 7 0 8
1923 Nf3 6 0 0
1923 a3 3 0 2
1924 e3 9 3 16
1924 Nc3 4 0 9
1924 Be5 2 0 4
1924 Nf3 1 0 5
1931 Bf4 5 0 9
1931 Bh4 6 0 5
1931 Nf3 2 0 3
1934 Bxf6 5 1 4
1933 Bxf6 10 0 8
1933 e3 3 1 5
1935 Bxf6 1 1 5
1930 Bxf6 7 1 19
1930 e4 8 1 11
1930 e3 7 0 7
1930 Nc3 4 0 2
1930 Nf3 3 0 2
1932 Bxf6 10 2 15
1932 e3 5 0 4
1936 Bxf6 4 0 6
1940 Bf4 18 0 6
1940 Nf3 3 0 3
1937 Bf4 34 0 15
1937 Nf3 14 1 23
1937 Bg5 11 3 9
1937 e4 2 0 14
1937 g3 4 0 2
1937 f3 0 1 5
1937 e3 3 0 3
1941 e4 4 1 4
1941 Bg5 6 0 1
1942 dxe5 2 0 3
1938 e4 21 3 19
1938 a3 17 2 12
1938 Bf4 4 0 3
1938 Nf3 4 0 2
1938 Bg5 1 0 4
1939 e4 17 0 22
1939 Bf4 19 0 4
1939 Bg5 2 0 3
1950 e3 2 0 4
1950 Nc3 3 0 3
1951 c4 1 1 4
1951 e3 4 0 1
1948 e3 8 0 11
1948 g3 6 1 9
1948 d5 3 0 12
1948 c3 3 4 4
1948 c4 1 1 3
1947 e3 34 2 36
1947 c4 21 0 18
1947 g3 15 0 7
1947 Nc3 7 1 12
1947 Bg5 10 0 9
1947 Bf4 9 1 5
1947 c3 4 0 6
1949 c4 11 2 10
1949 e3 7 1 7
1949 g3 5 1 4
1949 Bf4 1 1 5
1946 e3 46 5 54
1946 c4 20 4 35
1946 g3 16 1 24
1946 Bf4 14 2 16
1946 Bg5 13 1 10
1946 c3 8 1 9
1946 Nc3 8 0 6
1946 e4 2 0 3
1945 c4 24 5 55
1945 e3 29 2 35
1945 Bf4 39 0 19
1945 g3 25 1 28
1945 Nc3 11 0 15
1945 Bg5 15 0 10
1945 c3 6 1 7
1945 b3 5 1 1
1945 Nbd2 3 1 1
1957 e3 3 0 2
1954 e3 10 0 5
1954 Nf3 4 0 2
1955 e3 4 0 10
1955 Nf3 3 0 2
1956 e3 7 0 2
1956 Nf3 3 0 3
1959 Bb2 4 1 3
1961 Nf3 3 0 3
1962 Nf3 2 0 3
1960 Bg5 1 0 9
1960 Nf3 2 1 2
1972 Nc3 11 0 8
1972 d5 5 0 1
1972 e3 3 0 2
1974 Nc3 2 0 3
1973 Nc3 6 0 3
1967 d5 71 8 82
1967 Nc3 23 3 39
1967 e3 15 1 15
1967 Nf3 9 1 18
1967 dxc5 4 0 12
1971 Nc3 13 3 5
1971 Nf3 8 0 2
1969 Nc3 59 4 29
1969 cxd5 28 1 11
1969 e3 20 0 13
1969 Nf3 8 2 10
1969 c5 12 1 6
1969 Bg5 5 0 2
1970 Nc3 56 3 59
1970 Nf3 6 1 16
1970 Bg5 1 0 4
1968 dxe5 68 3 60
1968 d5 22 3 41
1968 Nc3 11 0 14
1968 e3 11 0 9
1968 Nf3 1 0 7
1968 Bg5 2 0 4
1965 Nc3 315 25 280
1965 Nf3 66 10 101
1965 a3 31 2 34
1965 e3 12 2 23
1965 g3 27 1 8
1965 Bg5 13 1 13
1965 c5 3 0 5
1965 d5 1 0 4
1965 b3 3 0 2
1966 Nc3 350 27 380
1966 Nf3 40 7 45
1966 e3 9 0 20
1966 b3 13 2 11
1966 Bg5 4 1 8
1966 g3 5 0 4
1978 c4 2 0 10
1977 c4 4 0 10
1979 dxe6 2 1 5
1987 Nf3 4 0 7
1988 Nf3 0 0 5
1985 Nf3 3 0 8
1985 dxc5 1 0 6
1984 Nf3 17 2 25
1984 Bd3 11 0 14
1984 c4 8 1 13
1984 f4 6 0 9
1984 c3 2 0 6
1986 Nf3 8 1 4
1986 Bd3 1 1 4
1983 Nf3 22 1 30
1983 Bd3 17 3 16
1983 c4 8 0 14
1983 f4 7 0 5
1983 c3 2 0 4
1983 b3 0 0 6
1983 Nc3 0 1 5
1982 Nf3 21 2 42
1982 Bd3 14 2 17
1982 c4 11 0 17
1982 f4 8 1 8
1982 b3 4 1 4
1982 g3 2 1 5
1982 c3 1 0 5
1982 Nc3 0 0 5
1997 e4 3 0 4
1993 h4 6 0 12
1993 Nc3 3 0 6
1993 e4 3 0 5
1993 g4 1 0 5
1996 e4 2 0 4
1995 e4 4 1 6
1994 e4 6 0 17
1994 h4 5 0 4
1999 e3 15 0 5
2001 e3 3 0 4
2000 e3 11 0 4
2002 e3 3 0 3
2006 Bg2 2 0 3
2005 Bg2 8 2 11
2007 Bg2 1 0 6
2004 Bg2 8 1 18
2003 Bg2 14 1 18
2009 Nf3 5 1 4
2010 Nf3 1 0 4
2008 Nf3 4 0 8
2011 Nc3 7 0 2
2013 e4 3 0 2
2016 Nc3 8 0 5
2021 e3 5 0 7
2022 e4 5 1 2
2022 e3 4 1 1
2023 Nf3 8 0 8
2024 f3 9 0 8
2024 Bd3 9 0 3
2024 d5 3 0 7
2024 Bxb5 3 0 4
2024 Nd2 1 0 5
2026 e3 10 1 17
2026 Nc3 10 1 11
2026 f3 5 0 2
2026 Nf3 2 0 4
2027 Nf3 9 0 3
2027 e3 5 0 1
2028 Bf4 29 4 7
2028 e4 4 0 4
2029 e3 23 2 22
2029 g3 15 2 8
2029 Bg5 12 0 5
2029 Nc3 6 0 10
2029 c4 10 0 5
2029 Bf4 8 0 6
2029 Nbd2 4 1 4
2029 c3 4 0 4
2031 e3 3 0 4
2032 Bb2 4 0 2
2033 f3 4 0 3
2033 e3 0 1 4
2033 Nf3 2 0 3
2034 Nc3 139 5 87
2034 Nf3 18 2 22
2034 d5 13 1 19
2034 e3 10 1 17
2034 f3 4 1 1
2040 Nc3 5 0 0
2041 e4 6 0 7
2042 Nf3 36 2 34
2042 f3 25 0 25
2042 c4 10 3 8
2042 f4 9 1 6
2042 Nc3 1 0 6
2042 c3 2 1 3
2042 a3 2 1 3
2043 d5 26 1 36
2043 Bd3 27 0 16
2043 Nc3 13 0 16
2043 f3 11 0 9
2043 e5 2 0 4
2046 e4 15 2 23
2046 h4 3 0 5
2047 e3 3 0 2
2048 Nf3 8 0 3
2048 f3 5 0 3
2051 Bxb8 9 1 13
2051 Qxd4 2 0 5
2052 Qxd4 5 0 0
2053 Qxd4 6 2 6
2057 e3 3 0 3
2056 e3 4 0 1
2054 Nxd4 52 2 41
2054 Qxd4 7 0 12
2058 c3 4 0 2
2055 c3 10 0 4
2055 d5 1 0 6
2055 e3 3 0 2
2060 Qxd4 3 0 4
2061 cxd4 21 1 25
2061 Qxd4 3 0 2
2062 Nf3 4 0 1
2066 Qxd4 46 2 53
2066 Nf3 25 1 9
2066 e3 6 0 1
2067 d5 14 0 6
2072 c4 28 0 24
2072 Nc3 4 0 3
2074 Bd2 4 0 1
2075 e4 2 0 3
2073 e4 6 0 5
2069 c4 82 6 51
2069 e4 34 3 19
2069 Nc3 5 0 3
2069 Nf3 5 0 1
2071 c4 22 1 8
2071 e4 10 0 13
2071 dxe6 12 0 6
2070 c4 35 1 32
2070 dxe6 21 0 18
2070 e4 5 0 5
2079 a3 5 0 4
2079 Nc3 2 1 5
2079 e4 2 0 4
2077 Nc3 35 1 14
2077 Bd2 15 1 11
2077 c3 9 1 8
2077 Qd2 3 0 4
2080 cxb6 5 0 7
2078 b4 6 1 5
2078 Nf3 3 0 7
2078 e4 1 0 5
2076 b4 15 2 25
2076 Be3 12 4 10
2076 Nf3 8 2 8
2076 e4 5 0 5
2076 Nc3 1 2 6
2076 e3 4 1 4
2085 Nf3 1 0 6
2082 exd4 43 4 51
2082 Qxd4 21 1 24
2084 c3 4 0 2
2083 dxc5 4 0 8
2083 c3 4 0 7
2083 Nf3 2 0 5
2087 Qxd4 1 0 8
2088 Qxd4 3 1 16
2089 Qxd4 3 0 4
2090 Bxb8 6 0 10
2090 Nc3 4 1 10
2090 e3 10 0 3
2090 Nf3 5 0 1
2091 Nf3 2 0 4
2092 e3 9 0 4
2093 e4 6 0 2
2096 e3 23 1 25
2096 g3 10 0 6
2096 c4 9 0 5
2096 Bf4 8 0 6
2096 Bg5 9 0 2
2096 Nc3 3 0 4
2104 Nc3 9 0 3
2101 Nc3 112 4 69
2101 cxd5 28 1 24
2101 e3 22 1 23
2101 c5 13 2 11
2101 Nf3 9 1 11
2102 Nc3 14 3 8
2103 Nc3 9 0 6
2107 Nc3 2 0 3
2106 Nc3 1 0 4
2108 Nf3 16 1 23
2108 c4 16 3 15
2108 f4 8 1 6
2108 Bd3 4 0 4
2108 g3 1 0 6
2108 a3 4 0 1
2112 e5 43 2 28
2112 exd5 5 0 18
2112 Nc3 6 1 6
2114 c4 2 0 3
2113 e5 3 0 6
2116 e4 7 0 12
2117 e3 5 0 1
2118 Bg2 8 0 10
2118 Bh3 4 0 1
2120 Nc3 2 0 3
2124 e3 43 2 31
2124 Nc3 35 1 27
2124 Nf3 6 0 16
2130 f3 3 0 2
2123 e3 83 6 63
2123 Nc3 66 5 41
2123 Nf3 28 1 13
2122 e3 69 6 66
2122 Nc3 72 2 66
2122 Nf3 19 1 15
2122 Qd3 2 0 4
2122 h3 3 0 2
2131 Nc3 5 0 3
2126 dxc5 11 2 12
2126 e3 9 0 4
2126 Nc3 5 1 6
2126 c3 4 0 1
2125 e3 14 0 16
2125 Nc3 10 2 17
2125 Nf3 6 0 3
2125 a3 7 0 2
2125 Bxb8 4 0 1
2121 Nc3 60 3 65
2121 e3 74 4 46
2121 Nf3 15 3 21
2121 a3 26 2 10
2121 e4 3 0 2
2121 c3 2 1 2
2121 Qd3 1 0 4
2132 e3 4 0 1
2127 e3 10 0 3
2127 Nc3 4 0 4
2129 Nc3 8 0 3
2128 e3 8 0 1
2128 Nc3 1 0 4
2141 e3 3 0 2
2137 e3 11 1 6
2136 Bxf6 9 1 7
2136 e3 6 0 5
2139 e3 3 1 3
2138 Bxd8 16 0 2
2134 Bh4 23 1 17
2134 Bf4 5 0 9
2135 Bh4 20 0 19
2135 Bf4 4 0 4
2146 Bf4 45 0 7
2146 Nf3 6 0 6
2146 f3 5 0 4
2146 e3 2 0 4
2151 Bf4 5 0 0
2144 Bf4 80 2 20
2144 Nf3 17 0 14
2144 e4 11 2 12
2144 e3 9 1 5
2144 g3 2 0 6
2142 Bf4 205 3 62
2142 Nf3 44 5 46
2142 Bg5 31 2 19
2142 f3 11 0 20
2142 g3 14 1 12
2142 e3 7 0 15
2142 h3 5 1 6
2142 e4 4 1 7
2154 e4 2 0 3
2155 Bf4 4 0 1
2147 e3 15 1 6
2147 dxc5 2 0 8
2145 e4 80 3 24
2145 Nf3 11 1 14
2145 Bf4 13 0 6
2145 e3 3 1 5
2145 h3 0 0 5
2153 dxe5 3 0 2
2143 a3 201 3 47
2143 e4 34 3 30
2143 Nf3 30 3 30
2143 Bf4 29 0 15
2143 g3 11 1 13
2143 e3 8 0 9
2143 f3 4 0 1
2149 Bf4 5 0 0
2150 e4 4 0 1
2148 Bf4 18 1 3
2161 e3 49 5 36
2161 Bf4 25 2 39
2161 c4 24 0 12
2161 g3 16 1 18
2161 Nc3 12 1 9
2161 c3 1 3 5
2161 h3 6 0 1
2162 e3 48 3 43
2162 Ne5 32 0 12
2162 g3 14 0 12
2162 Bf4 14 1 9
2162 h3 14 0 6
2162 Nc3 4 1 7
2162 Nbd2 4 1 3
2162 c4 3 1 4
2162 Bg5 5 0 1
2159 e3 144 9 87
2159 Bf4 56 4 40
2159 g3 56 2 28
2159 c4 46 3 34
2159 Nc3 34 2 30
2159 c3 18 0 18
2159 Bg5 16 0 5
2159 a3 5 1 3
2158 e3 121 8 91
2158 c4 63 5 54
2158 g3 60 5 55
2158 Bf4 53 6 42
2158 Nc3 27 4 34
2158 Bg5 31 3 29
2158 c3 15 1 8
2158 h3 9 1 5
2158 Ne5 3 0 6
2158 Nbd2 1 0 7
2158 a3 4 0 2
2169 Bf4 5 0 1
2163 e3 26 2 24
2163 dxc5 15 3 20
2163 c3 18 1 8
2163 Bf4 13 1 3
2163 c4 11 0 5
2163 Nc3 2 0 4
2160 e3 47 3 41
2160 Bf4 30 4 20
2160 c4 28 2 17
2160 g3 17 1 21
2160 Bg5 18 0 3
2160 c3 9 2 3
2160 Nc3 4 1 7
2160 a3 1 0 4
2168 dxe5 2 1 2
2157 e3 157 7 111
2157 Bf4 69 9 52
2157 g3 74 4 40
2157 c4 65 6 35
2157 Nc3 26 2 33
2157 Bg5 35 2 13
2157 c3 15 3 14
2157 h3 5 2 4
2157 a3 7 0 2
2157 Ne5 5 0 3
2157 b3 3 1 2
2157 e4 1 0 4
2157 Nbd2 2 0 3
2167 e3 2 0 3
2166 e3 10 0 5
2166 Nc3 5 0 4
2166 c4 6 0 1
2166 Bf4 4 0 3
2164 e3 9 3 8
2164 c4 9 0 6
2164 Bf4 8 2 4
2164 g3 5 1 5
2164 Nc3 3 0 4
2164 c3 3 0 2
2165 Nc3 6 0 5
2165 e3 8 0 2
2165 Bf4 8 0 2
2165 g3 5 0 3
2165 c4 4 0 2
2175 e4 2 0 4
2173 c4 1 0 8
2173 Qb5 2 0 6
2173 Bg5 0 0 5
2176 e4 2 0 3
2174 e4 7 0 5
2182 e3 5 0 7
2182 Nf3 3 1 6
2180 Nf3 17 0 12
2180 e3 19 0 9
2181 e3 19 0 10
2181 Nf3 12 1 6
2183 Nf3 9 3 2
2183 dxc5 3 0 4
2184 h3 3 0 3
2179 Nf3 17 2 18
2179 e3 14 0 8
2189 Bb2 7 1 6
2188 Bb2 9 0 5
2192 Bb2 0 1 5
2190 Bb2 1 0 4
2187 Bb2 11 0 10
2197 e3 5 0 6
2197 Nf3 3 0 3
2197 Nd2 1 2 2
2196 e3 9 0 12
2196 Nf3 11 0 7
2196 Bf4 2 0 3
2195 e3 10 0 18
2195 Nf3 9 0 9
2195 Bg5 10 0 5
2195 g3 3 0 2
2195 Qa4 1 0 4
2195 f3 1 0 4
2199 e3 3 0 5
2199 dxc5 2 0 4
2199 Nf3 2 1 2
2198 e3 3 1 7
2198 Nf3 4 0 1
2194 Nf3 21 3 19
2194 e3 9 1 14
2194 Bf4 3 0 6
2194 Nd2 2 0 3
2213 cxd5 12 0 2
2213 Nc3 5 0 1
2213 c5 5 0 1
2209 Nc3 120 12 73
2209 cxd5 22 1 13
2209 e3 9 0 14
2209 Nf3 7 1 6
2209 Qb3 4 1 4
2209 Bf4 3 0 2
2217 Nc3 3 0 4
2211 Nc3 42 3 16
2211 e3 25 0 12
2211 cxd5 21 0 11
2211 Nf3 15 0 13
2207 Nc3 285 11 161
2207 cxd5 94 6 45
2207 e3 53 3 54
2207 Nf3 59 4 45
2207 Bg5 20 2 11
2207 c5 7 2 10
2207 Bf4 7 1 4
2207 a3 3 1 4
2207 g3 2 1 2
2215 cxd5 10 1 5
2215 Nc3 6 0 4
2210 cxd5 35 1 17
2210 dxc5 25 3 17
2210 Nc3 26 0 12
2210 e3 11 1 8
2210 Nf3 3 0 5
2206 Nc3 437 34 323
2206 Nf3 141 10 116
2206 e3 122 8 106
2206 cxd5 82 9 57
2206 c5 20 4 21
2206 Bf4 11 3 6
2206 g3 9 1 5
2206 a3 4 0 3
2206 b3 3 0 3
2204 Nc3 636 35 298
2204 e3 432 13 214
2204 e4 243 12 159
2204 Nf3 122 11 64
2204 Qa4 55 4 49
2204 a4 6 2 5
2204 d5 7 0 4
2208 dxe5 82 4 71
2208 Nc3 42 3 20
2208 e3 21 3 27
2208 cxd5 17 1 18
2208 Nf3 4 1 2
2205 Nc3 814 54 515
2205 Nf3 171 16 138
2205 e3 167 9 119
2205 cxd5 88 5 67
2205 a3 55 2 50
2205 c5 29 3 37
2205 Bf4 13 1 9
2205 g3 10 0 3
2205 e4 2 0 5
2216 Nc3 6 0 8
2216 cxd5 3 0 4
2212 Nc3 13 0 11
2212 e3 6 0 6
2212 cxd5 5 0 0
2214 Nc3 10 0 5
2214 cxd5 6 1 5
2223 Nf3 39 3 34
2223 c4 35 2 27
2223 Bd3 23 3 14
2223 f4 15 1 11
2223 Nc3 7 2 8
2223 g4 6 0 7
2223 h3 8 0 4
2223 a3 8 0 3
2223 c3 3 0 7
2223 b3 2 0 6
2223 g3 2 0 4
2223 Bb5 1 0 4
2222 Nf3 79 4 65
2222 c4 54 3 32
2222 f4 52 0 36
2222 Bb5 9 0 26
2222 Bd3 20 2 13
2222 Nc3 12 2 15
2222 c3 13 3 12
2222 a3 14 2 11
2222 b3 6 0 10
2222 h3 7 1 8
2222 g3 8 0 3
2221 Nf3 87 10 94
2221 c4 59 2 70
2221 Bd3 53 7 53
2221 f4 44 1 36
2221 c3 15 1 33
2221 Nc3 19 1 24
2221 h3 19 0 15
2221 Bb5 8 0 16
2221 Nd2 6 1 10
2221 g3 3 1 13
2221 f3 4 0 12
2221 b3 4 1 8
2221 a3 5 0 7
2221 Bd2 1 2 6
2231 c4 4 0 1
2226 Nf3 10 0 9
2226 c4 8 2 5
2226 Bd3 5 0 5
2226 Nc3 3 0 4
2225 Nf3 17 0 26
2225 c3 17 2 19
2225 dxc5 19 1 17
2225 c4 10 0 14
2225 f4 9 1 4
2225 Bb5 1 0 6
2225 Bd3 3 0 4
2225 a3 4 0 1
2224 Nf3 29 2 37
2224 f4 22 2 17
2224 c4 22 1 16
2224 Bd3 16 0 20
2224 c3 7 0 9
2224 b3 4 0 5
2224 Nc3 4 0 5
2224 g3 7 1 0
2224 f3 5 1 0
2224 a3 4 0 2
2228 dxe5 5 0 9
2228 Nf3 1 2 6
2228 f4 3 1 4
2228 c3 1 0 4
2220 Nf3 132 12 125
2220 f4 75 6 59
2220 Bd3 77 2 44
2220 c4 63 3 55
2220 c3 5 2 30
2220 Nc3 14 0 20
2220 Bb5 7 0 22
2220 a3 18 2 9
2220 g3 8 0 18
2220 b3 12 0 5
2220 f3 5 0 5
2220 h3 4 0 5
2229 Nf3 2 0 4
2229 Bd3 3 0 3
2230 c4 4 0 1
2227 Nf3 8 0 7
2227 c4 9 0 3
2227 f4 5 0 4
2232 c4 3 1 1
2242 Nc3 10 0 2
2242 e5 3 0 3
2241 Nc3 15 1 6
2241 e5 7 1 10
2241 exd5 1 0 4
2239 Nc3 100 5 115
2239 f3 38 2 24
2239 d5 4 0 1
2243 exd5 1 0 4
2240 Nc3 19 0 11
2240 exd5 15 1 7
2240 e5 7 0 6
2249 g4 22 1 18
2249 h4 11 1 4
2247 c3 32 1 22
2247 h4 18 2 13
2247 e4 9 1 10
2247 g4 7 0 5
2247 g3 2 0 8
2248 h4 28 0 16
2248 Nc3 11 0 9
2248 g4 7 1 8
2248 e4 1 0 4
2251 e4 10 0 15
2251 h4 4 0 3
2251 c3 2 0 4
2250 h4 10 0 14
2250 e4 10 1 8
2250 g3 4 0 3
2250 g4 5 0 2
2246 h4 48 2 36
2246 g3 25 0 16
2246 g4 9 1 12
2246 e4 8 0 11
2253 e4 5 0 3
2253 h4 1 1 3
2252 e4 5 0 1
2252 h4 4 0 1
2258 e3 10 0 6
2258 Nf3 7 0 5
2260 e3 2 0 11
2260 Nf3 4 0 4
2259 Nf3 9 1 7
2259 e3 6 1 2
2263 dxc5 1 0 4
2261 e3 3 0 8
2261 Nf3 2 0 3
2257 e3 9 0 9
2257 Nf3 5 1 8
2262 Nf3 2 1 5
2267 Bg2 18 2 15
2270 Bg2 2 0 4
2264 Bg2 39 2 34
2264 Nf3 4 0 1
2264 e3 1 0 4
2266 Bg2 25 4 36
2266 Nf3 2 0 4
2269 Bg2 6 0 11
2268 Bg2 9 1 13
2265 Bg2 23 4 35
2265 Bh3 6 1 4
2265 e3 4 1 2
2265 Nf3 3 0 3
2271 Bg2 4 0 2
2272 Bg2 4 0 1
2277 Nf3 4 0 2
2276 c3 3 2 2
2276 Nf3 2 0 4
2276 e3 2 2 1
2274 Bg5 6 0 10
2274 Nf3 5 2 7
2278 Nf3 4 0 3
2275 Nf3 12 3 8
2275 a3 3 0 4
2279 Bg5 1 0 6
2287 e3 4 0 2
2286 e4 0 0 5
2283 e3 11 2 6
2283 Nc3 3 0 4
2285 e3 4 0 1
2289 Bh4 7 1 1
2290 e4 2 0 5
2292 e4 4 1 2
2294 e4 2 1 3
2301 e3 4 0 3
2297 e3 9 2 3
2297 c4 4 0 8
2297 Bg5 9 0 3
2297 g3 4 0 6
2297 Nc3 3 0 2
2300 dxe5 7 1 6
2300 Bg5 6 0 0
2298 e3 9 1 3
2298 Bg5 10 0 2
2298 c4 5 0 6
2299 e3 5 1 2
2299 Bg5 4 0 2
2299 g3 3 0 2
2316 Nc3 10 1 2
2315 Nc3 10 0 3
2317 Nc3 9 0 2
2309 Nc3 84 7 57
2309 Nf3 8 0 13
2309 e3 7 0 4
2309 Bg5 4 1 2
2318 Nc3 5 0 1
2314 d5 7 0 1
2314 Nc3 4 0 1
2313 Nc3 7 0 6
2312 d5 12 0 10
2312 dxe5 5 4 10
2312 Nc3 6 1 8
2312 Nf3 5 0 3
2312 e3 4 1 3
2310 Nc3 64 2 23
2310 Nf3 4 1 10
2310 e4 6 0 8
2310 e3 5 0 3
2320 Nc3 3 0 3
2311 Nc3 29 4 35
2311 Nf3 4 2 5
2311 e4 5 0 6
2311 e3 3 0 4
2325 c4 4 0 2
2324 e4 1 0 4
2327 Nf3 4 0 13
2327 f4 8 0 8
2327 c4 2 1 4
2327 Bd3 4 0 2
2329 dxe5 4 0 5
2329 Nf3 4 0 4
2328 Nf3 9 2 7
2328 f4 8 1 5
2328 c4 7 0 2
2330 Nf3 3 1 6
2330 Bd3 1 1 6
2344 d5 3 0 2
2339 Nc3 24 1 19
2339 Bd3 10 0 5
2341 dxe5 14 0 3
2341 d5 8 0 8
2340 h4 11 0 4
2340 f3 5 1 6
2340 Nf3 6 0 4
2340 c4 4 0 4
2340 d5 1 0 5
2340 e5 2 0 3
2340 Nc3 2 0 3
2342 Nf3 3 1 3
2342 Nc3 5 0 2
2352 e4 6 0 6
2351 e4 4 0 10
2353 e4 1 0 4
2354 e3 6 0 2
2355 Bg2 6 0 2
2357 Qxd4 2 0 5
2358 Ng1 7 0 2
2358 Nfd2 3 0 4
2358 Ne5 3 0 3
2359 Nxd4 15 0 5
2361 cxd4 3 0 9
2363 e3 3 0 3
2362 Qxd4 29 1 22
2362 Nf3 8 0 1
2366 e4 7 0 15
2366 c4 5 0 6
2367 c4 6 0 8
2367 Bg5 8 0 1
2367 Nc3 3 0 3
2369 c4 4 0 2
2365 e4 18 1 17
2365 c4 8 0 5
2368 c4 3 0 3
2377 c3 4 0 1
2375 Nf3 12 1 10
2375 e3 5 0 1
2371 Nf3 69 1 60
2371 f4 32 0 22
2371 Bf4 10 1 9
2371 e4 1 0 4
2371 e3 2 1 2
2374 Nf3 18 1 15
2374 f4 7 0 4
2376 exd6 10 2 8
2372 exd6 52 2 32
2372 Nf3 5 0 1
2373 exf6 33 2 20
2378 exd4 16 2 19
2378 Qxd4 11 1 11
2383 Qxd4 2 0 4
2384 Qxd4 8 2 12
2395 c3 4 0 2
2393 Nc3 3 0 5
2391 Nc3 6 0 5
2387 e3 15 0 2
2387 Nc3 3 0 6
2387 Bg5 3 0 4
2392 e3 5 0 2
2389 Nc3 5 0 5
2389 e3 5 1 2
2388 e3 4 2 6
2388 d5 4 0 5
2388 Bxb8 6 0 1
2388 dxc5 0 0 5
2385 Nc3 29 3 35
2385 e3 19 1 21
2385 a3 8 1 4
2385 Nf3 6 2 3
2386 Nc3 10 0 10
2386 e3 6 1 9
2386 Nf3 4 0 3
2386 a3 4 0 3
2390 Nc3 4 0 2
2390 Nf3 5 0 0
2396 Bg3 5 0 0
2399 e3 2 0 14
2398 Bxd8 21 1 4
2410 e4 5 0 0
2402 e3 8 0 1
2402 dxc5 1 0 4
2401 a3 14 0 2
2401 Nf3 6 1 4
2401 e3 5 0 5
2401 e4 7 0 3
2403 e4 6 0 4
2427 Bd2 4 1 0
2427 c3 3 0 2
2425 e3 4 0 1
2417 e3 9 0 1
2417 c4 3 0 2
2415 Bf4 7 0 11
2415 e3 4 0 8
2415 g3 1 0 9
2415 e4 2 1 5
2415 c4 4 0 3
2415 Bg5 2 0 3
2414 Bg5 14 0 5
2414 e3 10 1 5
2414 c4 6 2 5
2414 Nc3 2 2 8
2414 g3 5 0 1
2414 Bf4 3 0 2
2420 Bg5 7 0 2
2423 Bg5 3 0 2
2416 e3 8 0 6
2416 c4 8 0 3
2416 Bf4 5 0 4
2416 g3 5 0 4
2416 Bg5 3 1 4
2416 Nc3 5 0 2
2412 e3 13 0 11
2412 dxc5 7 0 10
2412 c3 12 1 4
2412 Bg5 9 0 7
2412 c4 3 0 6
2412 e4 4 0 2
2412 g3 3 0 2
2419 Bg5 8 0 0
2411 e3 65 3 52
2411 Bg5 52 2 26
2411 Bf4 42 3 33
2411 g3 30 2 18
2411 c4 26 1 22
2411 c3 15 0 10
2411 Nc3 3 0 9
2413 c4 11 1 8
2413 g3 11 0 5
2413 e3 8 1 5
2413 e4 6 0 4
2413 Bg5 8 0 2
2413 Nc3 3 0 5
2413 Bf4 2 1 3
2418 g3 6 0 4
2418 e3 1 1 4
2436 Nc3 5 0 0
2432 Nc3 22 0 1
2431 Nc3 19 0 3
2431 c4 3 2 1
2431 e3 3 0 2
2435 e4 11 0 0
2434 Nc3 10 0 2
2434 Nf3 3 0 3
2430 e3 24 0 9
2430 dxc5 9 1 4
2429 Nc3 45 3 12
2429 c4 11 1 6
2429 e3 6 1 8
2429 Nf3 9 0 5
2433 e4 12 1 2
2433 Nc3 2 0 3
2433 e3 4 0 1
2439 Nc3 4 0 3
2438 Nc3 5 0 0
2443 Bb2 3 0 2
2442 Bb2 6 1 5
2444 Nf3 9 1 5
2444 e3 4 0 9
2444 c4 3 0 3
2446 Nf3 5 0 1
2458 Bd2 18 3 15
2458 Nc3 23 1 9
2459 Nc3 18 0 17
2459 Nf3 8 0 1
2459 e4 5 0 3
2460 Nc3 12 1 2
2460 Nf3 11 0 3
2460 e3 4 0 2
2454 Nc3 49 4 62
2454 Nf3 1 1 9
2454 e4 6 0 2
2453 Nc3 78 6 48
2453 Nf3 15 1 14
2453 a3 9 0 9
2453 Bg5 7 0 4
2453 e3 2 0 6
2453 g3 4 0 1
2462 Nc3 22 0 7
2463 Nf3 7 0 7
2463 Nc3 5 0 4
2464 Nc3 7 0 4
2455 Nc3 38 2 30
2455 e4 7 1 3
2455 Nf3 5 0 6
2455 e3 4 0 4
2455 a3 2 1 2
2452 d5 59 6 41
2452 e3 38 2 30
2452 Nf3 20 1 20
2452 Nc3 22 1 9
2452 dxc5 4 0 5
2456 Nc3 28 4 18
2456 e4 11 1 5
2456 Nf3 5 1 6
2450 Nc3 328 18 221
2450 Nf3 46 4 43
2450 e3 47 3 39
2450 cxd5 37 6 30
2450 c5 32 4 23
2450 a3 4 0 4
2450 b3 5 0 1
2451 Nc3 111 4 65
2451 Nf3 23 0 13
2451 e4 11 0 19
2451 e3 12 0 6
2457 Nc3 25 2 19
2457 Nf3 8 3 5
2457 e3 2 1 2
2466 Nc3 6 0 0
2461 Nc3 14 0 6
2461 Nf3 4 1 2
2465 Nc3 5 0 4
2472 dxe6 2 0 4
2471 e4 2 0 3
2470 Qxd5 16 0 22
2481 c3 9 1 4
2481 Bd2 5 0 2
2478 Nf3 4 1 13
2478 Bd3 1 0 4
2478 f4 3 1 1
2476 Bd3 6 0 5
2476 f4 7 0 2
2476 Nf3 6 0 3
2476 c4 7 0 1
2482 b3 1 0 5
2477 Nf3 7 0 6
2477 c4 7 0 4
2474 Nf3 9 0 15
2474 c3 12 0 11
2474 dxc5 3 1 5
2474 c4 4 0 4
2474 a3 1 0 6
2474 f4 5 0 1
2474 Bd3 4 0 1
2480 Nf3 4 1 5
2473 Nf3 59 5 70
2473 c4 21 2 24
2473 f4 23 2 21
2473 Bd3 18 1 24
2473 c3 3 0 14
2473 g3 6 4 3
2473 a3 1 0 7
2473 Nc3 4 0 4
2473 b3 3 0 3
2473 f3 3 0 3
2475 Nf3 9 1 12
2475 f4 12 1 6
2475 c4 6 1 4
2475 Bd3 4 0 2
2475 Nc3 2 1 2
2479 Nf3 4 0 5
2483 Nf3 0 1 6
2499 c3 9 0 3
2499 Bd2 5 0 2
2496 Nf3 11 0 5
2496 e5 2 1 2
2495 Nf3 3 0 6
2495 c4 3 0 4
2495 d5 1 0 5
2492 e5 21 1 11
2492 Nc3 4 0 8
2492 Bd3 6 1 2
2500 e5 2 0 3
2498 e5 8 0 2
2498 Nf3 6 0 2
2497 Nc3 8 0 6
2497 e5 0 0 5
2493 Nf3 4 3 5
2493 e5 2 0 8
2493 Nc3 4 1 2
2493 c4 2 0 3
2490 c3 21 5 26
2490 d5 18 1 23
2490 Nf3 8 0 13
2490 dxc5 4 0 8
2494 Nf3 4 0 3
2494 e5 1 1 5
2494 Nc3 6 0 0
2494 c4 5 0 0
2489 e5 98 3 110
2489 exd5 33 2 29
2489 Nc3 18 0 16
2489 Nd2 4 0 1
2491 c4 15 1 11
2491 Nf3 10 3 9
2491 Nc3 3 1 8
2491 f4 5 0 4
2491 d5 3 0 2
2513 c3 7 0 0
2511 e4 2 0 3
2510 e4 3 0 4
2512 e4 4 0 2
2509 e4 2 0 8
2508 e4 7 0 2
2506 h4 18 2 18
2506 g3 14 1 13
2506 e4 9 1 7
2506 g4 4 0 4
2507 e4 12 0 11
2516 e3 13 2 9
2517 e3 2 0 3
2522 Bg2 6 0 3
2524 Bg2 2 0 5
2521 Bg2 5 0 3
2521 dxc5 2 0 4
2520 Bg2 25 0 23
2523 Bg2 6 0 1
2526 Nf3 2 0 3
2525 Nf3 7 0 5
2527 Bg5 4 0 1
2528 e3 11 2 7
2528 Nc3 4 0 6
2528 Nf3 1 0 4
2532 Bf4 10 0 5
2532 Nf3 2 0 6
2532 Bg5 5 0 1
2533 e3 11 0 9
2533 c4 13 0 1
2533 g3 9 1 2
2533 Nc3 6 0 6
2533 Bf4 6 0 4
2534 c4 2 0 4
2538 Nc3 67 5 69
2538 Nf3 8 1 9
2538 e3 7 0 3
2541 Nc3 4 0 3
2541 cxd5 4 0 1
2542 Nc3 4 0 4
2539 Nc3 18 3 11
2539 Nf3 5 0 2
2539 e3 4 0 3
2540 Nc3 7 0 4
2543 c4 4 0 4
2544 Nf3 5 0 12
2544 f4 7 1 2
2544 c4 4 1 2
2544 Bd3 5 1 1
2545 Nf3 1 0 4
2547 Nc3 2 0 5
2550 Bg2 9 1 6
2554 e3 7 1 13
2554 Nc3 6 1 12
2554 Nf3 6 1 5
2554 Be5 8 0 1
2554 e4 2 0 5
2555 e3 4 0 3
2555 e4 3 0 2
2556 Bf4 51 0 10
2556 Nf3 1 1 9
2556 e4 6 1 4
2557 e3 28 4 19
2557 g3 8 3 15
2557 Bf4 15 1 10
2557 Nc3 8 0 10
2557 e4 11 1 6
2557 c4 9 0 8
2557 c3 6 0 7
2557 Bg5 6 0 3
2557 b4 4 0 1
2558 e3 6 0 5
2559 Bb2 5 0 8
2560 Nf3 3 1 4
2560 e4 1 0 4
2561 Nc3 166 7 102
2561 Nf3 28 2 37
2561 e3 23 0 26
2561 e4 24 2 16
2561 b3 5 2 2
2562 Nc3 6 0 2
2563 Nc3 4 0 4
2564 Nc3 3 0 2
2569 Nf3 28 1 24
2569 c4 14 0 12
2569 f4 4 2 8
2569 c3 4 1 8
2569 Bd3 8 0 3
2569 Bd2 4 0 5
2569 Nc3 3 1 4
2569 g3 5 0 2
2569 Bc4 2 0 4
2569 b3 3 0 3
2571 e5 36 4 42
2571 Nf3 23 1 27
2571 c4 13 0 6
2571 f4 9 0 7
2571 c3 9 0 7
2571 Nc3 4 0 6
2571 Be3 5 1 2
2571 f3 2 0 3
2573 e5 2 0 3
2572 e5 3 0 2
2575 e4 13 2 22
2575 h4 6 0 3
2576 e3 4 0 4
2576 Nf3 1 1 3
2577 Bg2 9 1 13
2580 Bb2 1 0 8
2581 Bb2 2 0 6
2582 c4 1 1 3
2585 Bg2 3 0 2
2586 Bg2 2 0 3
2588 Nce2 1 1 3
2589 d4 1 0 4
2590 f3 3 0 2
2592 Qxb7 7 1 3
2591 Bb5 2 0 4
2591 Bc4 4 0 1
2594 Bb2 5 0 6
2595 f3 3 0 6
2595 Nf3 2 1 2
2596 Nf3 3 0 7
2596 f3 5 0 3
2596 c4 4 0 4
2599 Nf3 5 0 8
2604 Nce2 3 0 2
2606 d4 2 0 6
2609 g3 3 0 2
2610 g3 1 0 4
2608 g3 0 0 10
2611 Bc4 3 0 4
2614 Bb2 4 0 4
2616 Bb2 2 0 3
2613 Bb2 6 0 4
2615 Bb2 4 1 4
2624 g3 4 0 1
2627 exd4 22 0 25
2627 Qxd4 5 0 8
2628 dxc5 5 0 4
2632 Nf3 7 0 8
2634 Bg2 3 0 6
2633 Bg2 5 0 4
2635 Bg2 3 0 6
2636 Bg2 2 1 4
2637 g3 1 1 3
2638 Bb2 7 0 11
2640 c4 4 1 3
2640 f4 4 0 2
2641 Bg2 5 0 5
2642 Ba4 4 1 4
2643 Bg4 1 0 5
2651 d4 0 0 5
2650 d4 3 0 7
2655 g3 2 0 4
2656 g3 1 0 5
2653 g3 8 1 16
2654 g3 4 1 4
2666 Bb2 4 0 3
2665 Bb2 5 0 6
2664 Bb2 2 1 5
2667 Bb2 2 0 4
2662 Bb2 15 0 11
2662 Qh5 5 0 3
2663 Bb2 7 0 5
2668 d4 2 0 3
2670 cxd5 3 0 3
2674 Ne2 3 1 1
2674 g3 1 1 3
2672 g3 7 0 9
2672 Ne2 2 0 6
2672 c3 1 0 6
2672 b3 5 0 2
2673 g3 3 1 4
2673 Ne2 3 1 1
2673 b3 2 0 3
2680 Nf3 5 2 4
2679 Nc3 3 0 5
2679 Nf3 2 0 5
2679 c4 1 0 5
2681 c4 1 1 3
2683 dxe5 3 0 2
2678 Nf3 6 0 9
2678 c4 8 1 5
2678 Nc3 3 1 3
2678 c3 6 0 1
2685 Nf3 11 1 8
2685 Bd3 4 0 3
2688 Bg2 6 0 6
2689 Bg2 1 0 7
2686 Bg2 20 3 34
2686 b3 1 0 4
2687 Bg2 12 1 3
2693 g3 2 0 5
2692 g3 16 1 8
2694 Qe2 4 1 0
2696 Nf3 4 0 3
2696 c4 1 1 3
2700 Bg2 1 0 5
2703 Qh5 3 0 2
2702 Nf3 2 0 3
2701 Bb3 6 1 17
2701 Bb5 0 1 6
2706 b3 2 0 4
2708 d4 2 0 3
2707 Bg4 13 1 19
2707 Nf3 5 0 4
2707 d4 3 0 3
2714 Nf3 0 0 6
2714 Bb5 1 0 5
2713 d4 3 0 6
2713 Bb5 0 0 7
2713 Nf3 3 0 3
2717 c3 6 0 5
2717 a3 3 0 2
2718 d4 14 0 19
2718 Nc3 3 0 6
2718 Bb5 3 1 4
2718 Bc4 2 0 4
2719 d4 6 0 14
2719 Nc3 2 0 3
2720 Nd4 7 1 11
2720 Ng1 8 0 3
2723 g3 5 0 5
2725 g3 2 0 3
2722 g3 9 1 21
2724 g3 5 0 2
2728 Bc4 3 1 4
2727 Bc4 0 0 7
2726 c4 2 0 7
2726 Bb5 0 0 5
2726 e4 1 0 4
2729 Bc4 5 0 3
2730 Bb5 6 0 12
2730 Bc4 8 0 8
2732 Qxe5 4 0 6
2733 Nf3 4 0 1
2731 Bc4 5 0 6
2742 Bb2 9 0 6
2738 Bb2 25 0 25
2741 Bb2 4 0 14
2737 Bb2 43 2 50
2737 Qh5 5 0 9
2737 g3 4 2 3
2739 Bb2 17 0 7
2740 Bb2 7 0 10
2743 Bb2 1 0 4
2745 d4 2 0 3
2747 d4 3 0 3
2744 d4 20 1 13
2746 d4 4 0 5
2751 Nc3 2 1 5
2757 Ne2 6 0 4
2756 g3 3 1 5
2754 Ne2 17 1 19
2754 b3 10 0 18
2754 g3 16 0 9
2754 c3 5 1 13
2754 Be2 7 1 6
2754 Qe2 5 1 5
2754 Nf3 3 0 6
2754 Nc3 1 0 5
2754 Nd2 2 0 3
2755 Ne2 4 0 4
2755 g3 4 0 3
2755 f3 1 0 5
2763 dxe5 8 0 4
2763 d5 5 0 2
2765 dxe5 2 0 5
2764 dxe5 9 0 2
2762 d5 27 3 27
2762 Nc3 5 0 19
2762 f3 7 1 2
2762 c4 3 0 2
2761 exd4 38 4 39
2761 Qxd4 20 3 33
2766 Nc3 2 0 4
2766 d3 0 0 5
2771 exf4 8 0 7
2777 Bg2 2 0 4
2774 Bg2 13 0 10
2776 Bg2 3 0 7
2779 Bg2 4 1 0
2773 Bg2 41 4 47
2773 b3 10 1 5
2778 Bg2 4 0 3
2775 Bg2 1 0 6
2785 d4 4 0 3
2784 d4 7 0 4
2787 g3 5 2 13
2788 g3 6 0 2
2794 Nc3 2 0 3
2792 Bb2 14 0 9
2793 Bb2 7 0 1
2799 g3 3 0 2
2796 f3 3 0 6
2796 Ne2 4 1 4
2796 c3 2 0 7
2796 g3 2 0 3
2797 f3 3 1 1
2800 f4 16 3 6
2800 c4 8 0 13
2800 Nf3 5 0 14
2800 Nc3 4 0 4
2800 b3 1 1 5
2800 g3 3 1 3
2807 Nf3 4 0 4
2810 Bg2 3 0 2
2811 Bg2 2 0 3
2808 Bg2 12 0 17
2808 b3 0 0 5
2809 Bg2 2 1 2
2816 g3 2 0 6
2817 Bc4 4 0 3
2818 Nc3 3 0 2
2819 Ne2 4 0 1
2820 Nf3 1 0 5
2821 Bg2 2 0 3
2824 Bc4 0 0 5
2823 Bxc6 8 0 2
2822 Bxc6 5 1 3
2822 Nf3 5 0 3
2829 d3 8 0 8
2829 Nc3 7 0 5
2830 Qf3 4 0 1
2828 Nf3 9 1 3
2828 Qf3 6 0 5
2828 Bxf7 4 0 1
2828 d3 2 0 3
2828 Nc3 4 0 1
2827 Nf3 7 3 9
2827 d4 8 0 2
2827 d3 3 0 4
2834 Nf3 8 1 3
2833 Nf3 11 2 16
2833 Bc4 4 0 3
2839 Nc3 22 1 19
2839 e5 12 0 8
2839 d3 4 0 1
2839 Bc4 2 0 3
2838 exd5 30 2 22
2838 e5 8 1 11
2838 Nc3 3 1 3
2840 Bc4 10 0 4
2840 d4 10 0 3
2840 Nc3 5 0 5
2840 Bb5 1 1 3
2837 Bc4 54 1 39
2837 Bb5 43 3 29
2837 d4 24 1 26
2837 Nc3 27 1 14
2837 c3 10 0 9
2837 d3 1 1 4
2841 d4 7 1 2
2841 Bb5 3 0 2
2842 exf5 3 1 5
2848 Qf3 2 1 3
2854 Nc3 1 2 2
2853 Nf3 5 0 5
2853 Nc3 1 0 5
2859 e5 16 0 7
2859 Nc3 4 1 4
2859 d5 6 0 1
2856 e5 62 4 59
2856 exd5 25 4 21
2856 Nc3 13 0 7
2860 d5 5 0 3
2857 d5 57 0 49
2857 Nf3 8 2 5
2857 dxe5 7 0 3
2858 Nf3 11 1 5
2858 d5 11 0 4
2858 c4 9 1 1
2858 Nc3 5 0 1
2858 e5 1 1 4
2862 exd5 3 1 6
2862 e5 7 0 2
2863 Nf3 3 1 1
2861 Nf3 17 0 8
2864 Nf3 4 0 2
2866 Qf3 2 0 5
2866 d3 3 0 2
2867 Nf3 1 0 5
2872 Nf3 12 0 4
2872 d4 4 0 1
2872 d3 3 0 2
2874 Nf3 6 0 1
2873 Bc4 4 0 1
2869 exd5 76 9 71
2869 e5 51 4 71
2869 d3 1 0 6
2869 d4 3 0 2
2871 d4 7 1 18
2871 Nf3 6 0 6
2871 Bc4 5 0 4
2870 Nf3 48 3 37
2870 Bc4 16 0 9
2870 f4 13 0 6
2870 d3 6 1 8
2870 d4 7 0 7
2877 Bc4 8 0 15
2877 d3 2 0 10
2877 d4 6 0 5
2877 Qe2 5 0 5
2877 Bd3 2 0 7
2877 Nc3 2 0 6
2877 Be2 4 0 1
2880 Bc4 2 0 7
2888 Nf3 3 0 2
2883 e5 16 0 22
2883 exd5 7 1 13
2883 Nc3 2 0 5
2883 Bg5 2 0 5
2883 Nf3 1 0 5
2885 f4 4 0 2
2885 Nf3 3 0 3
2884 Nf3 12 0 11
2884 Bg5 4 0 8
2884 f4 6 0 3
2884 Nc3 4 0 4
2890 Nc3 2 0 5
2891 d4 158 11 183
2891 c4 142 11 141
2891 Bc4 49 1 41
2891 Nf3 21 1 27
2891 Nc3 11 1 7
2891 f4 3 0 3
2892 d3 18 1 6
2892 f3 6 0 2
2894 Qxg4 5 0 3
2893 d4 17 0 9
2895 Qxh5 6 0 1
2896 Nc3 2 0 3
2903 Bb3 12 0 5
2903 Bd5 2 1 4
2906 Nf3 0 0 6
2906 d4 3 0 2
2910 Bc4 5 0 0
2907 d4 25 4 31
2907 c4 10 0 2
2907 a3 6 0 0
2908 d4 3 0 7
2908 Bc4 5 2 1
2909 Bc4 8 0 2
2911 Nc3 3 0 4
2912 Nf3 37 1 19
2912 c4 10 2 15
2912 a4 11 1 11
2912 Bd3 11 0 9
2912 f4 3 0 7
2912 a3 0 1 6
2912 Nc3 2 0 4
2912 d5 2 0 4
2912 c3 4 0 1
2913 c4 1 1 3
2917 Nf3 7 1 9
2920 d3 41 6 44
2920 Qf3 29 2 21
2920 Bd5 38 2 12
2920 Nc3 17 0 17
2920 Qh5 13 1 11
2920 Bxf7 7 2 7
2920 Nf3 10 0 5
2920 f3 3 1 4
2924 Bf3 10 0 3
2925 d4 27 2 11
2925 Nf3 20 1 8
2925 d3 6 0 11
2925 Bc4 8 0 3
2925 f3 4 0 2
2925 Be2 3 0 2
2927 Bxa6 6 1 3
2926 Nc3 176 15 172
2926 d3 46 3 65
2926 Bc4 56 1 49
2926 d4 30 0 34
2926 Bd3 13 0 20
2926 e5 8 1 9
2926 Qe2 6 0 3
2926 c3 2 0 5
2926 Bb5 3 1 2
2926 Be2 2 0 3
2930 Bc4 14 0 17
2931 Bc4 2 0 5
2934 Nc3 11 0 5
2934 d3 7 1 7
2935 Nf3 12 0 18
2935 Nc3 16 1 11
2935 c4 10 0 10
2935 f3 2 0 8
2935 f4 2 0 4
2935 c3 3 0 2
2935 h3 3 0 2
2937 Bxa6 8 1 2
2937 c4 3 0 2
2936 Nc3 134 5 112
2936 Bd3 139 11 100
2936 d5 93 6 83
2936 f3 34 2 23
2936 e5 7 0 12
2936 c4 8 0 6
2936 Nf3 6 1 6
2936 Nd2 6 0 2
2936 c3 4 0 4
2944 d4 8 0 16
2945 Nc3 8 1 16
2945 d4 6 3 8
2945 d3 3 0 2
2946 d3 18 1 34
2946 Nc3 25 0 28
2946 e5 9 1 15
2946 Nf3 1 0 8
2947 Bg2 15 0 12
2948 Bc4 3 0 8
2948 Ba4 2 0 8
2951 Nf3 119 12 167
2951 c3 65 6 83
2951 Nc3 61 2 47
2951 Qh5 36 6 49
2951 Qf3 33 3 53
2951 d3 44 1 41
2951 a3 21 4 29
2951 Bxf7 13 0 15
2951 f4 6 0 7
2951 a4 1 0 4
2951 Ne2 2 0 3
2955 d3 7 0 11
2955 e5 6 0 7
2955 Nc3 3 0 4
2954 a4 5 1 7
2954 Nf3 4 1 6
2954 Qh5 4 1 5
2954 Qf3 3 0 7
2954 a3 4 0 4
2953 Nf3 55 5 63
2953 Qf3 36 0 45
2953 Nc3 21 4 36
2953 d3 17 0 28
2953 Qh5 20 1 16
2953 h3 10 2 15
2953 c3 8 2 14
2953 d4 6 1 11
2953 a3 11 0 6
2953 Bxf7 2 0 4
2953 f4 4 0 1
2957 Nf3 7 0 3
2952 Nf3 122 10 153
2952 Nc3 92 5 109
2952 d3 31 3 58
2952 d4 17 1 38
2952 Qf3 16 1 29
2952 a3 20 1 23
2952 e5 16 2 22
2952 Qe2 19 0 20
2952 c3 13 3 20
2952 Bb3 11 1 9
2952 Nh3 11 0 8
2952 f4 6 0 7
2952 Qh5 2 0 7
2952 a4 3 1 2
2952 b3 3 0 2
2952 Ne2 2 0 3
2956 Qf3 5 0 5
2956 Nf3 3 0 3
2956 c3 3 0 2
2962 Nf3 69 7 68
2962 f4 43 3 33
2962 g3 21 4 21
2962 Bb5 20 0 26
2962 Bc4 19 1 19
2962 d3 8 1 19
2962 a3 4 0 5
2962 Nge2 5 0 3
2966 Nf3 7 0 3
2963 Nf3 35 4 58
2963 f4 38 1 10
2963 Bc4 21 0 21
2963 g3 18 1 6
2963 d3 12 0 10
2963 Bb5 8 0 10
2963 a3 2 0 6
2963 d4 1 0 7
2963 h3 2 0 3
2967 Nf3 5 1 4
2964 Nf3 44 11 29
2964 f4 21 1 8
2964 g3 15 1 12
2964 Bc4 10 2 10
2964 d3 5 0 7
2964 d4 4 1 5
2964 a3 2 0 6
2964 Bb5 3 0 4
2965 d3 9 0 14
2965 f4 11 0 5
2965 Nf3 6 0 2
2970 Nbc3 10 3 10
2970 c4 5 0 1
2971 Nbc3 6 0 12
2971 Ng3 3 0 2
2972 Nbc3 9 1 0
2973 d4 739 47 696
2973 Bc4 323 21 397
2973 Bb5 257 26 251
2973 Nc3 160 18 199
2973 c3 116 9 141
2973 d3 23 0 42
2973 c4 30 0 31
2973 e5 9 0 17
2973 b3 10 1 9
2973 Be2 6 1 7
2973 a3 5 0 6
2973 g3 3 0 7
2973 Bd3 1 0 4
2980 Nc3 18 2 9
2980 e5 6 1 6
2980 d4 2 0 4
2977 d4 34 3 23
2977 Bc4 9 1 20
2977 Nc3 10 0 14
2977 c3 11 0 6
2977 Be2 3 1 5
2978 d4 36 2 18
2978 Bc4 14 2 17
2978 Nc3 3 0 3
2978 Bb5 2 0 3
2978 c3 2 0 3
2979 exd5 21 2 10
2979 e5 6 0 5
2979 d4 2 0 4
2979 Nc3 5 0 1
2974 d4 675 43 661
2974 Bc4 284 24 368
2974 Nc3 148 13 228
2974 Bb5 112 20 139
2974 c3 117 5 97
2974 c4 20 0 23
2974 d3 16 0 23
2974 Be2 5 2 17
2974 h3 7 1 16
2974 b3 6 3 11
2974 e5 7 0 10
2974 g3 7 1 5
2974 Bd3 4 2 3
2974 b4 3 0 2
2981 Nxe5 3 0 3
2975 d4 414 26 419
2975 Nc3 99 9 131
2975 Bc4 102 9 128
2975 c3 53 2 64
2975 c4 24 1 21
2975 d3 25 1 16
2975 e5 13 1 18
2975 b3 13 2 13
2975 Be2 12 1 13
2975 Bb5 11 1 13
2975 g3 11 0 5
2975 a3 10 0 5
2976 d4 97 0 104
2976 Bc4 32 3 36
2976 c3 28 1 26
2976 Nc3 24 0 25
2976 d3 3 0 2
2976 c4 3 0 2
2976 Bb5 2 0 3
2982 d4 3 1 2
2986 Bc4 9 3 31
2986 c3 11 1 13
2987 Bc4 5 0 12
2989 Bc4 3 0 2
2993 Qxc5 6 0 5
2992 Qxc5 5 0 19
2992 Qf3 1 0 4
2995 Bc4 4 0 3
2991 Bc4 12 1 28
2990 Nf3 5 0 15
2990 e5 2 0 14
2990 Bc4 4 0 12
2990 d3 3 0 10
2994 Qxc5 4 0 3
2999 Bb2 25 1 31
3003 exd5 0 1 4
3000 Bb2 15 1 10
3002 Bb2 5 1 6
3001 Bb2 8 2 10
3005 a3 8 0 10
3009 d4 58 4 41
3009 Nf3 11 1 13
3009 Bb5 3 1 5
3009 a3 5 0 4
3009 Bc4 3 0 2
3013 e5 8 1 13
3013 f3 0 1 4
3012 exd5 16 1 16
3012 e5 3 0 12
3010 d4 41 0 40
3010 Nf3 2 0 8
3010 h3 0 0 7
3014 d4 4 0 10
3014 Nf3 3 0 8
3011 d4 22 2 28
3011 Nf3 1 0 5
3015 d4 7 0 7
3018 Nc3 52 1 45
3018 Nf3 24 2 39
3018 d3 11 1 16
3018 Na3 6 0 8
3018 a3 1 1 4
3019 Nc3 29 2 22
3019 d3 5 0 9
3019 Nf3 3 2 9
3022 Nc3 5 0 4
3022 Nf3 0 1 4
3020 Nc3 16 1 11
3020 d3 7 1 8
3020 Nf3 3 3 6
3021 Nc3 8 1 12
3025 Nf3 21 2 28
3025 Nc3 13 3 29
3025 c3 14 0 20
3025 Be3 16 1 15
3025 f4 8 1 12
3025 c4 15 0 6
3025 h3 9 0 6
3025 Be2 5 0 5
3025 g3 5 1 4
3025 a3 5 0 5
3025 Bd2 3 0 2
3025 Bf4 2 0 3
3030 Nc3 3 0 3
3030 exd5 2 0 3
3026 Nc3 15 3 21
3026 Nf3 19 0 19
3026 h3 8 2 12
3026 f4 5 0 11
3026 Be3 6 0 8
3026 c4 5 0 9
3026 g3 6 1 4
3026 Be2 4 0 7
3026 c3 4 0 3
3029 Nf3 4 0 7
3027 Nf3 17 0 18
3027 Nc3 7 1 24
3027 f4 4 0 6
3027 c3 1 0 8
3027 g3 2 2 4
3027 Be2 4 0 4
3027 c4 5 2 1
3027 h3 1 0 5
3027 Ne2 4 0 1
3028 Nf3 5 0 7
3028 f4 4 0 2
3028 Nc3 3 0 3
3035 d5 14 0 8
3035 dxc5 9 0 6
3035 Nf3 3 0 2
3036 dxc5 5 1 6
3036 d5 4 0 4
3032 Qxd4 180 11 360
3032 c3 142 1 149
3032 Nf3 82 7 65
3032 e5 1 0 5
3034 dxc5 23 2 11
3034 d5 10 1 4
3033 d5 21 0 10
3033 dxc5 15 0 14
3033 Nf3 12 0 8
3033 c3 7 0 3
3033 e5 1 1 4
3041 Nf3 15 4 46
3041 f4 12 0 24
3043 exd6 3 0 3
3043 f4 3 1 2
3043 Nf3 2 0 3
3042 Nf3 5 0 6
3042 d4 2 0 5
3042 f4 2 0 3
3045 Nc3 5 1 23
3045 c3 3 0 4
3046 Nc3 6 0 10
3047 Nc3 2 0 6
3048 Nc3 0 0 6
3050 Nf3 184 8 149
3050 c3 6 1 8
3050 Bc4 5 0 8
3050 d3 1 0 11
3050 e5 3 0 4
3050 d4 4 0 1
3057 Nf3 4 0 5
3055 Nf3 10 0 10
3053 exd5 34 1 36
3053 e5 24 0 31
3053 Nf3 7 1 8
3051 Nf3 100 9 96
3051 Bc4 2 1 11
3051 d3 4 2 2
3051 c3 1 1 5
3056 Nf3 5 0 9
3052 Nf3 96 9 96
3052 e5 2 0 6
3052 d3 3 0 3
3054 Nf3 23 3 26
3059 Bg2 11 2 12
3060 Bg2 2 0 9
3061 Bg2 5 0 7
3064 Bb3 8 1 3
3062 exd5 173 11 136
3062 Bb3 1 0 4
3063 Nf3 9 0 9
3063 Nc3 4 1 5
3063 d3 6 0 3
3063 d4 3 0 4
3067 exd5 39 7 35
3067 Nf3 24 1 9
3067 d4 16 4 10
3067 e5 6 0 9
3067 d3 6 0 8
3067 a3 7 0 3
3067 Qf3 4 0 4
3069 Nf3 3 0 4
3068 d4 6 1 0
3068 Nf3 2 0 3
3072 exd5 2 1 9
3072 e5 1 0 7
3076 d4 4 0 7
3076 c4 4 0 3
3073 exd5 355 34 400
3073 e5 105 12 130
3073 Nc3 56 5 54
3073 Ne5 22 1 18
3073 d4 6 0 13
3073 Bd3 10 0 7
3073 d3 6 1 7
3073 Bc4 2 0 4
3075 d4 20 1 10
3075 Bc4 7 1 9
3075 Nc3 7 0 6
3074 d4 23 3 19
3074 Nc3 15 0 11
3074 Bc4 6 1 11
3074 d3 3 0 2
3077 d4 4 0 8
3077 Bc4 3 0 7
3082 exd5 9 0 14
3082 e5 2 0 4
3084 Qf3 4 0 6
3086 exd5 3 0 8
3087 e5 4 0 1
3088 cxd5 14 1 9
3088 exd5 8 1 9
3088 Nc3 7 0 4
3089 Nf3 4 0 1
3091 exd5 20 0 27
3091 Nc3 10 0 17
3091 e5 7 0 10
3091 Nf3 4 0 8
3091 f3 5 0 7
3091 Nd2 4 0 6
3091 f4 3 0 4
3091 c3 2 1 3
3100 e5 4 0 2
3097 Nf3 12 0 1
3094 e5 366 17 327
3094 exd5 232 16 183
3094 Nc3 138 11 133
3094 Nd2 17 1 11
3094 f3 16 3 10
3094 c4 5 1 5
3094 Bd3 5 0 5
3094 Nf3 4 0 2
3096 c4 8 1 7
3096 Nf3 5 1 7
3096 Nc3 6 0 4
3096 e5 3 0 2
3095 Nf3 27 0 11
3095 c4 16 2 7
3095 Nc3 13 0 8
3095 e5 8 1 11
3095 f4 8 0 2
3095 d5 1 0 4
3098 Nf3 5 0 0
3102 d4 9 1 18
3102 exd6 4 0 9
3103 d4 2 0 12
3105 exd5 2 0 3
3110 Nf3 2 0 3
3106 e5 70 8 82
3106 exd5 43 5 48
3106 Nf3 6 0 10
3106 d3 4 0 5
3108 Nf3 6 0 4
3108 d4 2 1 3
3109 Nf3 3 0 2
3109 fxe5 1 0 4
3107 Nf3 12 1 10
3112 exd5 4 0 3
3115 Bd3 5 0 0
3114 Bd3 16 0 10
3114 Ba4 2 1 3
3118 Nf3 1 0 5
3117 Bxe4 6 1 11
3121 e5 5 0 2
3121 d3 3 0 2
3122 Nf3 6 0 1
3119 Nce2 66 1 34
3119 Nd5 16 4 20
3119 Nb1 11 1 13
3119 Nb5 12 1 11
3119 Na4 3 0 8
3120 Nxe4 59 4 42
3128 e5 3 1 2
3127 exd5 4 0 1
3125 d3 2 0 3
3124 Ng5 81 7 86
3124 Ne5 54 1 34
3124 Ng1 12 0 18
3124 Nd4 5 0 11
3124 Nh4 5 0 8
3126 exd5 7 0 3
3129 Qxe4 3 1 6
3132 e5 2 0 3
3133 Bc4 5 0 2
3131 Qxe4 10 1 29
3140 e5 3 1 2
3138 Nf3 9 0 10
3138 c3 0 1 6
3137 dxe4 33 7 63
3137 Nc3 10 0 9
3137 d4 6 0 7
3137 f3 1 1 4
3143 Nc3 34 3 31
3143 Bc4 11 0 5
3143 d5 6 0 1
3143 c4 4 0 3
3143 Qe2 3 0 3
3143 f3 1 1 3
3153 d4 7 0 1
3150 d4 48 3 56
3150 f4 4 0 5
3150 d3 3 1 3
3150 Nf3 3 0 4
3148 d4 100 8 82
3148 Nf3 21 1 25
3148 f4 9 1 10
3148 Bb5 12 0 3
3154 exf6 5 0 0
3155 d4 5 0 2
3156 d4 5 0 0
3158 d4 2 0 3
3149 f4 20 0 21
3149 d4 14 2 22
3149 Nf3 16 0 16
3149 c3 13 1 15
3149 Bb5 5 1 10
3152 d4 5 1 7
3146 Nf3 61 4 55
3146 d3 50 3 41
3146 f4 41 1 22
3146 Bc4 26 1 20
3146 c3 20 3 7
3146 Bd3 3 0 6
3146 Bb5 2 2 1
3147 d4 146 4 121
3147 f4 17 1 17
3147 Nf3 17 1 15
3147 Bb5 5 0 1
3147 c3 4 0 2
3151 exf6 20 0 23
3151 d4 22 1 18
3151 Nf3 9 0 3
3151 f4 3 0 3
3160 Nc3 150 22 200
3160 c4 104 7 115
3160 d4 104 9 75
3160 Nf3 53 5 46
3160 Bc4 18 2 28
3160 Bb5 13 0 9
3160 d6 6 0 5
3160 Qf3 5 0 2
3160 d3 1 0 5
3160 h3 4 0 1
3165 Nc3 6 1 1
3166 Nc3 3 0 2
3159 Nc3 1846 102 1200
3159 Nf3 298 19 197
3159 d4 227 16 165
3159 c4 60 3 45
3159 Qf3 58 5 45
3159 d3 35 3 27
3159 Be2 7 1 13
3159 b3 2 0 3
3161 dxc6 55 2 49
3161 Nc3 11 0 10
3161 d4 4 1 6
3161 Nf3 4 0 4
3163 dxe6 28 0 12
3163 Nc3 5 1 15
3162 dxe6 33 1 34
3162 Nc3 4 1 2
3162 d4 4 0 1
3170 d3 2 1 5
3169 fxe4 18 1 45
3172 d3 6 1 6
3172 Nc3 6 0 4
3173 Ba4 7 0 3
3181 Qf3 3 1 1
3176 d3 18 1 22
3176 Nc3 11 1 11
3176 Qf3 5 0 6
3176 Nf3 3 0 8
3176 Bxf7 2 0 3
3177 Qf3 9 1 4
3177 Nf3 7 0 4
3177 d4 4 0 3
3175 d4 19 1 18
3175 Nf3 20 1 8
3175 Qf3 9 1 6
3175 d3 13 0 3
3175 Nc3 3 0 2
3180 exf5 7 0 0
3178 Qf3 6 0 7
3178 Nf3 2 2 4
3178 d3 2 0 4
3178 d4 4 1 0
3183 d3 8 0 8
3183 Nf3 8 1 5
3183 f4 4 0 3
3183 d4 4 0 2
3183 Bc4 4 0 1
3184 Nf3 11 3 4
3184 d3 4 0 4
3186 f4 7 0 1
3186 Nf3 3 0 4
3186 d4 4 0 1
3187 exf5 4 0 1
3185 Nf3 5 1 6
3185 d4 3 0 8
3185 f4 5 0 2
3192 Nbc3 1 0 4
3208 Bc4 3 0 2
3198 Be2 8 0 5
3198 h3 8 0 4
3198 Bc4 6 0 6
3198 d4 4 0 5
3197 d4 9 0 9
3197 Bc4 8 0 4
3197 Nc3 6 1 4
3197 Bb5 6 1 3
3202 d4 6 0 5
3202 Nc3 2 0 5
3193 Nc3 97 8 126
3193 d3 17 2 20
3193 Bc4 10 1 16
3193 e5 14 2 11
3193 d4 7 0 4
3193 Bd3 8 0 3
3193 Qe2 1 0 4
3204 Nc3 5 0 0
3199 d4 8 0 6
3199 Nc3 6 1 4
3199 Bc4 6 0 2
3200 d4 8 1 11
3200 Nc3 7 0 2
3200 Bc4 4 0 1
3206 exd5 2 0 3
3194 d4 36 1 41
3194 Bc4 46 0 29
3194 Nc3 25 5 19
3194 d3 3 1 1
3195 d4 55 1 32
3195 Bc4 17 1 10
3195 Nc3 11 2 7
3195 Bb5 6 2 1
3195 Bd3 4 0 1
3195 e5 2 0 3
3195 c3 5 0 0
3201 exf5 5 1 4
3201 e5 5 0 4
3201 Nc3 7 0 1
3196 d4 28 6 44
3196 Bc4 13 2 24
3196 Nc3 7 2 12
3196 b3 1 0 4
3196 c3 1 0 4
3203 Nc3 2 0 3
3209 Bc4 2 0 4
3210 Nh3 4 0 2
3215 d3 2 0 3
3216 Bb2 3 0 2
3217 Nc3 10 0 8
3219 Nc3 5 0 5
3218 Nc3 6 0 2
3220 Nc3 3 1 3
3222 Nf3 3 0 4
3222 f4 2 0 3
3221 Nf3 4 0 7
3221 Nc3 5 1 4
3221 Be3 1 0 5
3223 Nc3 3 1 6
3223 Nf3 3 0 2
3224 Nf3 2 0 4
3238 Nf3 4 0 1
3232 d5 9 0 7
3232 Nf3 10 1 4
3235 Nf3 3 0 5
3235 f4 2 0 3
3227 Nc3 209 6 178
3227 Bd3 83 7 69
3227 f3 14 0 13
3227 e5 10 0 11
3227 Nd2 3 0 4
3227 Nf3 2 0 4
3234 dxc5 5 1 4
3234 d5 7 0 3
3234 Nf3 2 0 4
3231 Nf3 19 0 4
3231 c4 8 0 5
3231 d5 6 1 5
3231 f4 7 0 3
3231 Nc3 4 0 4
3237 e5 6 1 1
3230 dxe5 53 3 33
3230 d5 17 1 21
3230 Nf3 6 0 2
3228 Nf3 52 2 38
3228 c4 37 3 19
3228 Nc3 28 1 13
3228 f4 14 1 8
3228 e5 8 0 12
3228 d5 9 0 10
3228 Bd3 10 1 4
3228 f3 8 1 6
3233 Nc3 7 0 3
3233 exf5 5 0 1
3233 e5 4 0 2
3233 Bd3 4 0 1
3229 Nf3 27 1 31
3229 Nc3 29 1 16
3229 c4 23 1 14
3229 f4 21 0 13
3229 d5 7 1 11
3229 Be3 7 0 8
3229 c3 2 2 5
3229 e5 4 0 5
3229 Bd3 4 0 3
3229 Bc4 1 0 4
3247 Nc3 3 0 2
3253 Nf3 9 0 2
3256 Nf3 3 0 2
3249 Nc3 12 0 10
3249 d3 6 0 5
3249 e5 5 1 3
3252 Nf3 8 0 6
3248 Nf3 24 1 12
3248 fxe5 8 1 7
3248 f5 3 0 7
3251 Nf3 21 0 10
3250 Nf3 16 0 15
3250 d4 4 0 5
3261 Qh5 1 0 5
3261 Bxc6 4 0 1
3260 d3 5 0 4
3259 Bc4 5 0 10
3259 Ba4 7 0 4
3267 Nf3 115 16 108
3267 Qh5 61 4 35
3267 Qf3 49 2 48
3267 d3 56 0 34
3267 c3 30 1 25
3267 Bxf7 25 0 24
3267 Nc3 21 1 19
3267 a3 6 0 4
3276 Nf3 5 0 4
3276 Qh5 5 1 1
3276 Qf3 1 0 4
3276 Nc3 2 0 3
3265 Nf3 256 16 249
3265 Qf3 96 9 98
3265 d3 98 9 93
3265 c3 88 11 90
3265 Nc3 84 7 60
3265 Qh5 57 3 43
3265 a3 43 0 35
3265 Bxf7 27 0 17
3265 Bd5 5 0 5
3265 f4 6 0 3
3265 a4 4 0 2
3265 Nh3 3 0 3
3265 Ne2 3 0 2
3282 Qf3 3 0 2
3264 d3 398 27 332
3264 Nf3 220 7 186
3264 Nc3 211 13 137
3264 Qf3 102 9 113
3264 Bxf7 13 1 17
3264 d4 14 0 10
3264 c3 8 1 9
3264 g4 5 0 5
3264 f3 3 0 5
3277 d3 12 0 3
3277 Nf3 7 1 1
3278 Nf3 7 0 1
3278 d3 6 0 1
3278 Qf3 4 0 1
3269 Nf3 20 2 18
3269 Qf3 15 1 7
3269 Nc3 14 1 6
3269 d3 11 0 7
3286 Qf3 3 0 2
3271 Qf3 19 0 8
3271 Nc3 11 0 10
3271 d3 12 1 8
3271 Nf3 8 0 4
3272 Nf3 12 1 6
3272 Qf3 8 1 2
3272 Qh5 6 0 2
3272 a4 2 0 4
3272 d3 4 0 2
3272 a3 4 0 2
3281 Nf3 4 0 1
3279 Qh5 7 0 0
3279 Nf3 2 1 4
3268 Nf3 26 2 19
3268 Qh5 23 2 8
3268 Qf3 16 0 15
3268 d3 14 1 15
3268 Nc3 10 1 5
3268 Bxf7 9 0 6
3268 a3 7 1 0
3268 c3 4 0 3
3280 exd5 11 0 3
3266 Nf3 131 6 73
3266 Qf3 82 3 62
3266 d3 52 3 39
3266 Qh5 48 5 24
3266 Nc3 32 2 35
3266 c3 23 0 18
3266 h3 20 0 20
3266 Bxf7 17 2 9
3266 d4 15 0 4
3266 a3 5 0 13
3266 Nh3 3 0 2
3273 exf5 8 1 15
3273 Qh5 2 0 5
3273 Qf3 1 0 5
3273 Bxg8 1 0 4
3273 d3 3 0 2
3274 Nf3 7 1 3
3274 d3 7 0 3
3275 Nf3 4 0 5
3275 Qf3 4 0 4
3275 Nc3 6 0 0
3275 d3 5 0 1
3270 Nf3 12 2 8
3270 Qf3 9 1 11
3270 Qh5 13 1 3
3270 d3 7 1 2
3270 Nc3 4 2 2
3270 Bxf7 3 1 3
3288 Nf3 1 0 4
3297 Nf3 16 3 10
3297 Nge2 5 0 3
3297 a3 4 0 4
3297 Nd5 4 0 3
3297 d3 2 0 4
3297 Bc4 1 0 4
3296 Nf3 34 3 33
3296 Bc4 10 1 4
3296 f4 7 0 5
3296 g4 4 1 1
3296 d3 3 0 3
3296 a3 2 0 4
3296 Na4 1 1 3
3293 Nf3 126 11 101
3293 Bc4 34 1 33
3293 f4 30 1 12
3293 d3 20 0 12
3293 a3 22 1 6
3293 Bb5 7 2 12
3293 g3 5 2 1
3294 Nf3 97 10 78
3294 f4 41 2 20
3294 Bc4 26 4 21
3294 d3 12 1 25
3294 a3 14 1 10
3294 d4 10 1 5
3294 g3 7 0 3
3302 Nf3 5 0 1
3303 Nf3 3 1 2
3301 Nf3 3 1 2
3307 Nf3 5 0 1
3298 Nf3 13 0 9
3298 Bc4 3 0 6
3295 Nf3 60 1 40
3295 Bc4 24 1 17
3295 f4 25 0 7
3295 d3 8 0 6
3295 a3 9 0 3
3295 d4 5 0 5
3299 exf5 7 2 9
3299 Nf3 3 0 4
3311 Nbc3 4 0 4
3308 Nbc3 11 3 22
3308 Ng3 3 3 2
3310 Nbc3 7 2 10
3312 exd5 2 0 3
3309 Nbc3 10 0 16
3325 Bc4 9 0 3
3325 Nxe5 8 0 2
3325 c3 8 0 1
3325 a3 5 0 1
3317 Bc4 108 2 71
3317 Nxe5 65 2 47
3317 d4 37 3 21
3317 Nc3 30 2 24
3317 c3 19 3 9
3317 d3 7 0 7
3317 Be2 2 0 3
3321 Bc4 81 2 22
3321 d4 40 2 18
3321 Nc3 17 3 9
3321 c3 13 0 2
3321 d3 3 0 3
3321 a3 5 0 1
3330 Nxe5 3 1 1
3313 Bc4 3193 211 2792
3313 Bb5 2255 156 1982
3313 d4 1160 99 1039
3313 Nc3 842 64 728
3313 c3 231 14 278
3313 d3 132 5 154
3313 a3 58 5 91
3313 b3 53 4 53
3313 c4 31 1 42
3313 Be2 21 5 38
3313 h3 13 1 23
3313 g3 11 2 14
3313 Bd3 5 0 12
3313 Nxe5 3 0 6
3313 a4 2 0 6
3315 Nc3 462 30 347
3315 Nxe5 371 31 282
3315 Bc4 265 5 166
3315 d3 142 14 119
3315 d4 83 4 65
3315 Bd3 14 0 22
3315 Ng5 19 1 8
3315 Qe2 10 1 14
3315 c3 5 0 10
3315 Bb5 7 0 4
3315 b3 5 0 3
3315 a3 2 0 3
3323 Bc4 18 0 6
3323 Nc3 12 1 4
3323 d3 3 1 3
3316 Bc4 148 6 102
3316 Nc3 142 4 72
3316 d4 82 7 60
3316 d3 43 2 25
3316 c3 17 0 7
3316 Be2 7 1 8
3316 b3 5 2 8
3316 a3 5 0 4
3316 Bb5 1 0 4
3332 Nxh4 6 0 0
3324 Bc4 13 1 2
3324 Nxe5 5 0 2
3324 d3 4 0 1
3326 Bc4 11 1 6
3326 Nxe5 8 1 3
3322 Bc4 14 1 11
3322 Nxe5 7 0 7
3322 Nc3 11 0 0
3322 d4 3 0 5
3319 exd5 120 4 70
3319 Nxe5 46 0 26
3319 Nc3 20 0 11
3319 d3 9 2 11
3319 d4 10 1 10
3319 Bd3 6 0 7
3319 Qe2 4 0 2
3319 Bb5 2 0 4
3314 Bc4 1696 85 1205
3314 d4 1045 72 688
3314 Nc3 482 32 359
3314 h3 218 17 187
3314 c3 106 4 81
3314 Bb5 93 9 86
3314 d3 76 4 56
3314 Be2 39 5 21
3314 c4 20 6 19
3314 g3 17 1 18
3314 b3 15 1 12
3314 Bd3 8 1 9
3314 a3 3 0 2
3320 exf5 68 3 96
3320 Nxe5 57 7 38
3320 d3 19 0 14
3320 Nc3 19 1 12
3320 Bc4 9 0 6
3320 d4 3 1 3
3318 Bc4 127 2 30
3318 d4 73 3 29
3318 Nc3 41 1 16
3318 Nxe5 49 0 6
3318 Nh4 10 1 5
3318 c3 6 0 3
3318 d3 4 0 4
3318 a3 3 0 5
3329 Nxe5 8 1 2
3327 Nxe5 9 0 3
3327 Bc4 5 1 4
3327 d4 3 0 2
3327 Nc3 2 0 3
3328 Nc3 6 0 1
3328 Nxe5 4 0 2
3328 Bc4 4 0 2
3344 Bc4 10 2 14
3344 d3 9 0 3
3342 Bc4 42 0 42
3342 c3 21 1 23
3341 Bc4 37 1 42
3341 d3 37 3 38
3341 g4 4 1 3
3341 h3 3 0 5
3341 Nh3 3 0 5
3341 Nc3 2 1 3
3345 Bc4 8 2 12
3345 d3 4 0 2
3347 exd5 5 0 1
3343 Bc4 18 0 20
3343 d3 5 1 7
3346 Bc4 4 0 4
3356 Qxe5 9 0 4
3358 Bc4 4 0 1
3350 Bc4 192 17 264
3350 Bb5 29 8 49
3350 c3 17 1 23
3350 Nf3 10 1 20
3350 Nc3 8 0 5
3350 d3 1 0 4
3352 Qxe5 108 8 97
3352 Qf3 7 0 11
3355 Nf3 11 0 9
3355 Bc4 5 0 8
3355 Nc3 7 1 4
3355 d3 2 0 3
3353 Nf3 33 6 35
3353 Bc4 28 1 33
3353 Nc3 18 2 10
3353 d3 10 2 18
3353 g4 1 1 3
3357 Qxe5 5 0 3
3351 Bc4 125 5 123
3351 Bb5 21 2 20
3351 Nf3 5 1 9
3351 Nc3 4 0 3
3354 Qxe5 61 1 8
3362 Nc3 3 0 2
3361 Nc3 4 1 6
3360 Nc3 11 0 12
3360 d3 3 0 4
3364 Nc3 7 0 0
3363 h3 1 1 4
3363 Nc3 0 1 5
3368 Bb2 9 1 9
3366 Bb2 11 2 14
3365 d3 10 1 14
3365 Bb2 7 0 4
3367 Bb2 10 2 15
3373 d4 8 1 8
3373 Nf3 3 0 3
3373 d3 2 0 3
3372 d4 8 0 8
3372 Bb5 5 0 3
3371 d3 15 0 21
3371 f3 6 0 9
3371 d4 7 0 5
3371 Qf3 6 0 2
3371 Bd3 5 0 3
3371 Qa4 3 0 3
3376 d4 5 0 0
3374 d4 3 0 3
3374 exd5 4 0 1
3375 d4 5 0 4
3381 Nf3 10 0 12
3381 Nc3 9 3 6
3381 d3 7 1 4
3378 Nc3 50 2 32
3378 Nf3 4 0 7
3378 d3 2 2 4
3378 a3 2 0 5
3379 Nc3 26 2 18
3379 d3 14 3 23
3379 f3 3 0 2
3382 Nc3 6 0 4
3382 d3 4 0 4
3382 Nf3 3 1 1
3384 Nc3 1 1 3
3380 Nc3 32 2 19
3380 d3 1 1 3
3383 exf5 2 0 3
3395 Bd2 8 1 8
3395 c3 3 1 3
3390 Nf3 22 0 38
3390 Nc3 15 2 10
3390 h3 8 1 16
3390 c4 8 0 3
3390 f4 5 0 5
3390 Qe2 2 1 6
3390 Ne2 2 1 5
3390 Be2 2 0 4
3390 c3 1 0 5
3387 Nf3 63 4 60
3387 Nc3 37 3 41
3387 c4 38 2 14
3387 f4 17 1 19
3387 c3 15 0 21
3387 h3 12 0 22
3387 Be3 12 2 9
3387 Be2 5 0 9
3387 a3 6 1 5
3387 f3 3 0 7
3387 Ne2 2 0 6
3387 g3 2 0 5
3387 h4 1 1 4
3388 Nf3 40 2 48
3388 Nc3 25 1 19
3388 f4 12 1 17
3388 Bg5 8 2 20
3388 h3 13 2 6
3388 Be2 8 0 13
3388 c4 13 0 3
3388 f3 5 0 7
3388 Ne2 6 0 4
3388 a3 4 0 4
3388 Be3 3 0 5
3388 c3 3 1 2
3393 Nf3 10 0 9
3393 Nc3 6 0 2
3394 Nf3 8 0 1
3394 h3 4 0 1
3391 exd5 27 1 17
3391 Nc3 8 0 15
3391 Nf3 4 1 7
3391 f3 5 0 3
3391 Nd2 3 0 2
3389 Nf3 38 0 52
3389 Nc3 35 2 19
3389 c4 16 1 7
3389 f4 14 0 9
3389 h3 6 1 13
3389 Be3 9 1 3
3389 Be2 5 0 6
3389 c3 3 1 4
3389 f3 0 0 6
3389 a3 2 0 3
3396 f3 5 0 0
3399 Nf3 2 0 4
3392 Nf3 9 0 8
3392 Nc3 7 0 1
3392 Ne2 3 0 3
3392 f4 4 0 1
3415 c3 5 0 3
3412 d5 9 1 10
3412 Nf3 10 0 3
3412 dxe5 4 0 4
3405 d5 124 2 71
3405 Nf3 37 2 20
3405 dxe5 18 0 25
3405 c3 7 1 9
3407 dxe5 25 3 13
3407 Nf3 10 0 4
3407 Nc3 4 1 7
3407 Bg5 5 0 3
3407 f3 4 0 1
3413 d5 6 0 4
3413 dxe5 3 0 3
3413 Nf3 4 1 0
3411 Nf3 16 0 3
3411 dxe5 8 2 3
3411 d5 7 0 6
3410 Nc3 9 1 7
3410 Nf3 12 0 3
3410 Qd3 4 1 2
3416 dxe5 4 0 1
3409 dxe5 30 4 15
3409 exd5 7 1 3
3406 dxe5 81 4 33
3406 d5 41 1 28
3406 Nf3 25 1 10
3406 c3 10 0 3
3406 Bc4 6 0 1
3404 Qxd4 339 26 562
3404 c3 476 20 277
3404 Nf3 127 5 64
3404 e5 8 1 12
3404 Bc4 11 0 6
3404 f4 4 0 2
3414 exf5 10 0 1
3414 dxe5 3 0 3
3408 dxe5 25 0 7
3408 Nf3 15 0 7
3408 d5 9 0 10
3423 c3 2 0 5
3423 Nc3 1 0 4
3419 Nc3 7 1 20
3419 c3 4 1 9
3419 b3 3 0 10
3419 Bb5 1 1 5
3420 Nc3 5 0 6
3420 c3 2 1 5
3420 b3 1 1 5
3420 Bc4 1 0 5
3420 Ne2 1 0 4
3424 g3 2 0 5
3422 exd5 3 0 6
3421 Nc3 4 0 10
3421 c3 6 0 2
3421 d4 3 0 4
3430 Nf3 55 3 47
3430 fxe5 6 0 4
3436 Nf3 22 0 4
3436 fxe5 2 0 3
3427 Nf3 325 7 214
3427 fxe5 20 2 13
3427 Bc4 11 0 11
3427 f5 1 0 8
3427 Nc3 4 0 3
3433 Nc3 13 1 5
3433 fxe5 9 0 5
3433 Nf3 7 0 2
3437 Nf3 14 1 0
3435 Nf3 17 1 7
3431 g3 62 1 39
3429 exd5 92 6 77
3429 Nf3 19 0 19
3429 fxe5 7 0 13
3429 Nc3 3 0 9
3428 Nf3 240 8 124
3428 Bc4 14 0 8
3428 fxe5 10 0 8
3428 f5 8 0 1
3428 h3 4 1 4
3426 Nf3 1021 30 606
3426 Bc4 40 1 36
3426 d4 16 0 13
3426 h4 16 0 10
3426 Qf3 5 0 3
3434 exf5 15 1 7
3434 fxe5 1 0 5
3432 Nf3 26 0 9
3432 fxe5 13 0 1
3432 f5 5 0 3
3432 Bc4 3 0 2
3442 Bg2 3 0 2
3440 Bg2 3 0 14
3439 Bg2 4 1 12
3443 Bg2 2 0 6
3441 Bg2 2 1 8
3447 d3 8 0 2
3448 f3 2 0 3
3448 Nc3 1 0 4
3452 Ba4 8 0 9
3465 d4 2 0 4
3459 d4 5 1 1
3459 Nf3 4 0 2
3458 d3 9 0 3
3458 e5 5 0 5
3458 Nc3 5 0 3
3461 d3 5 0 2
3463 Qf3 3 0 2
3457 d4 4 0 6
3457 Nf3 5 0 4
3457 d3 2 1 3
3457 a3 3 0 2
3456 Nf3 5 0 6
3456 d4 2 0 7
3456 d3 6 0 3
3456 Nc3 3 0 4
3455 d4 8 1 7
3455 Nf3 5 0 5
3455 d3 1 0 5
3453 exd5 100 7 144
3453 Bb3 1 0 6
3454 d4 27 3 12
3454 Nf3 5 0 10
3454 d3 4 0 7
3454 a3 1 0 5
3469 exd5 0 0 6
3476 Nf3 3 0 3
3476 d4 4 0 1
3481 Nf3 4 0 4
3480 Nf3 2 0 3
3477 Nf3 6 0 3
3477 a3 5 0 1
3474 Nf3 5 0 5
3474 d4 3 0 5
3474 d3 1 0 4
3478 Nf3 5 0 5
3482 d4 1 0 4
3475 Nf3 3 0 9
3475 d4 3 1 4
3472 Nf3 13 2 9
3472 Bc4 5 0 2
3472 a3 1 0 4
3473 Nf3 4 2 4
3473 d4 8 0 0
3470 exd5 60 8 92
3470 d4 14 0 15
3470 Nf3 14 0 14
3470 e5 7 0 7
3470 d3 6 0 8
3470 a3 2 0 3
3470 b3 1 0 4
3471 Nf3 13 0 13
3471 d4 11 1 5
3471 a3 3 0 3
3471 d3 5 0 1
3483 exd5 7 0 9
3484 Nbc3 5 1 0
3495 d4 17 1 12
3495 Nc3 3 0 4
3495 Bc4 5 1 1
3496 d4 11 0 11
3496 Nc3 6 0 5
3496 Bc4 4 1 1
3491 d4 24 1 25
3491 Nc3 15 1 4
3491 Bb5 15 0 4
3491 Bc4 10 0 6
3491 c3 4 0 3
3491 e5 2 1 3
3492 d4 22 1 30
3492 Nc3 16 0 6
3492 Bc4 6 0 6
3492 e5 2 0 6
3492 c3 3 0 2
3490 e5 50 1 33
3490 Nc3 33 2 23
3490 d3 7 0 7
3490 Bc4 9 0 5
3490 Bd3 6 0 1
3490 d4 4 0 1
3494 d4 15 3 9
3494 Bc4 4 0 5
3494 Nc3 2 1 6
3494 Bb5 5 0 1
3494 c3 3 0 2
3501 d4 4 0 4
3501 Nc3 3 0 2
3498 d4 8 0 6
3498 Nc3 3 0 4
3488 d4 47 1 66
3488 Nc3 19 1 23
3488 Bc4 11 0 21
3488 e5 5 1 10
3488 d3 8 0 2
3488 Bb5 1 0 6
3486 d4 57 1 73
3486 Bc4 43 2 45
3486 Nc3 40 1 39
3486 e5 13 1 9
3486 c3 12 0 9
3486 d3 8 0 8
3486 c4 5 0 6
3486 Be2 3 1 6
3486 Ne5 4 0 5
3486 Bb5 0 0 7
3486 a3 4 1 2
3489 d4 53 2 50
3489 Bc4 12 1 21
3489 Nc3 18 2 11
3489 c4 2 0 6
3489 Ne5 3 0 3
3489 e5 2 0 3
3485 exd5 455 46 603
3485 e5 185 14 248
3485 Nc3 66 4 75
3485 Ne5 29 2 17
3485 d3 9 3 28
3485 Bd3 11 2 15
3485 d4 14 1 12
3485 Bb5 5 0 13
3485 Qe2 2 0 4
3485 Be2 1 0 4
3487 d4 113 5 78
3487 Bc4 41 4 33
3487 Nc3 33 2 32
3487 e5 6 2 12
3487 Bb5 5 0 7
3487 c3 7 1 2
3487 d3 4 0 6
3487 b3 4 0 1
3500 exf5 11 0 3
3500 e5 2 0 3
3499 d4 6 1 4
3499 Nc3 3 0 2
3499 Bc4 1 0 4
3493 d4 24 1 16
3493 Bc4 9 1 10
3493 Nc3 8 2 3
3493 e5 3 0 2
3497 d4 9 0 5
3497 Nc3 7 0 5
3497 Bc4 4 0 4
3508 Nf3 3 0 2
3507 exd5 3 0 10
3510 c3 5 0 2
3509 exd5 1 1 11
3509 e5 2 0 4
3515 Qf3 4 1 9
3516 exd5 3 0 4
3518 e5 4 0 5
3522 Bb2 4 0 6
3523 Bb2 5 0 3
3521 exd5 9 0 15
3521 Bb2 4 0 14
3521 e5 6 0 6
3526 e5 2 1 7
3526 exd5 2 0 5
3529 Nc3 4 1 6
3529 Nf3 2 0 6
3529 d4 3 0 3
3531 d4 8 1 5
3531 Nc3 4 0 2
3528 exd5 16 2 6
3528 cxd5 8 0 8
3528 Nc3 7 0 4
3530 Nc3 8 0 3
3530 d4 7 0 3
3541 Nc3 2 1 4
3541 Nf3 3 0 2
3537 Be3 2 1 7
3537 c4 1 0 8
3537 Nf3 5 1 3
3540 Nf3 1 1 4
3540 Nc3 4 0 2
3538 Nf3 5 0 4
3538 Nc3 3 0 3
3535 exd5 26 1 48
3535 Nc3 19 0 33
3535 e5 12 0 15
3535 Nd2 12 1 2
3535 Nf3 5 1 9
3535 Qe2 6 3 6
3535 f3 4 0 3
3536 Nf3 7 0 5
3536 Nc3 9 0 3
3536 c4 3 0 2
3561 c3 14 0 2
3561 Bd2 4 0 2
3559 Nf3 15 1 9
3559 e5 2 0 3
3559 Nc3 4 0 1
3555 Nf3 33 0 8
3555 d5 9 0 7
3555 c3 6 0 2
3555 Be3 6 0 2
3555 c4 2 1 2
3553 Nf3 18 2 25
3553 c4 22 0 19
3553 Nc3 17 1 22
3553 f4 15 2 12
3553 Bd3 12 0 6
3553 e5 2 0 7
3553 c3 2 1 4
3553 Bg5 5 0 1
3554 e5 75 2 34
3554 Nc3 25 1 8
3554 Bd3 13 0 6
3554 Bg5 8 0 5
3558 Nf3 10 0 9
3558 c4 15 0 2
3558 Nc3 7 0 2
3558 f4 7 0 0
3558 e5 3 0 3
3562 Nf3 5 0 3
3562 Nc3 4 0 1
3556 Nc3 22 2 19
3556 Nf3 4 0 6
3556 Bd3 6 0 4
3556 Qf3 3 0 5
3556 e5 3 1 3
3560 Nf3 9 1 5
3560 c4 8 0 1
3560 Nc3 2 0 4
3551 Nf3 35 3 26
3551 c4 26 2 28
3551 Nc3 23 2 15
3551 Bd3 15 0 10
3551 e5 12 0 10
3551 f4 11 0 8
3551 d5 5 0 9
3551 c3 3 1 3
3551 g3 4 0 3
3551 Bc4 4 0 1
3550 Nf3 60 5 64
3550 d5 58 2 56
3550 c3 40 1 48
3550 dxc5 17 0 18
3550 Be3 7 2 5
3550 e5 3 0 6
3552 Nf3 38 1 31
3552 c4 45 2 23
3552 e5 17 2 15
3552 Nc3 18 1 11
3552 f4 14 0 9
3552 Bd3 5 0 5
3552 d5 4 1 4
3552 a3 1 1 3
3548 e5 542 33 644
3548 exd5 431 32 410
3548 Nc3 233 12 198
3548 Nd2 71 8 53
3548 Bd3 15 0 14
3548 c4 8 0 8
3548 f3 2 0 4
3548 Be3 4 0 1
3549 Nf3 74 6 55
3549 c4 71 6 51
3549 Nc3 49 1 15
3549 f4 36 1 15
3549 Bd3 30 1 12
3549 d5 4 1 12
3549 e5 2 0 9
3549 Bc4 6 0 4
3549 Be3 10 0 0
3549 c3 6 0 2
3564 exf5 4 0 3
3564 e5 6 0 1
3565 Nf3 2 0 3
3557 Nf3 19 0 3
3557 f4 9 0 2
3557 c4 6 0 3
3557 e5 7 0 2
3557 Be3 4 0 1
3563 Bd3 5 0 0
3563 Nf3 3 0 2
3577 d4 8 0 6
3573 d4 24 2 12
3573 Nf3 10 1 9
3573 f4 2 1 4
3580 d4 2 0 4
3579 Nf3 9 0 0
3575 d4 4 0 13
3575 Nf3 3 0 4
3574 Nf3 6 0 9
3574 c3 5 0 3
3574 f4 1 0 6
3574 Bc4 4 0 3
3581 d4 2 0 4
3571 d4 72 3 68
3571 exd6 22 3 30
3571 Nf3 2 0 4
3572 Nf3 23 0 16
3572 exd6 14 2 22
3572 d4 11 4 20
3572 f4 12 0 15
3576 exf6 3 0 7
3576 d4 1 0 4
3578 d4 4 0 5
3589 Nc3 1 0 5
3586 exd5 2 0 13
3586 d4 3 0 7
3586 Nc3 1 1 7
3587 Nc3 2 0 4
3603 Nf3 4 0 1
3603 d4 3 0 2
3601 Nf3 9 1 4
3598 Nf3 13 0 5
3596 Nf3 12 2 11
3596 d4 5 0 7
3599 e5 6 0 6
3599 Nf3 5 0 3
3599 Nc3 4 0 1
3600 Nf3 8 0 5
3595 g3 16 1 22
3594 Nf3 15 0 13
3594 d4 3 0 9
3593 Nf3 22 0 31
3597 Nf3 12 2 14
3597 d4 5 0 1
3591 e5 90 7 138
3591 exd5 69 2 87
3591 Nf3 8 0 8
3591 Nc3 1 0 4
3592 Nf3 43 3 16
3592 d4 6 0 4
3602 Nf3 12 0 3
3606 Bg2 4 0 13
3606 exd5 3 0 3
3610 f4 2 0 3
3611 Nf3 11 0 8
3611 Nc3 6 0 9
3611 Bc4 4 1 9
3611 d4 6 1 6
3611 g4 9 0 4
3611 d3 1 0 5
3611 b3 2 0 3
3613 d4 5 0 0
3616 d5 2 0 3
3619 Qxg4 10 0 18
3619 Nc3 5 0 1
3620 Qxg4 8 0 3
3622 Ne5 6 0 8
3622 Nd4 7 0 3
3622 Ng5 1 0 7
3622 Ng1 5 0 2
3624 Qxg4 4 0 5
3626 Nf3 7 0 4
3625 Qxg4 61 1 47
3625 Be2 4 1 0
3631 Qf3 55 2 47
3631 Nf3 25 1 24
3631 d3 14 2 11
3631 c3 12 0 14
3631 d4 9 1 12
3631 Bxf7 6 0 4
3631 Nc3 2 1 4
3632 d4 4 0 1
3634 d4 17 2 13
3634 Nf3 10 2 7
3634 d3 6 1 6
3634 f4 9 0 1
3634 Bc4 6 0 3
3634 a3 3 0 3
3635 Nbc3 4 0 1
3636 d4 142 11 108
3636 Bc4 89 10 80
3636 Nc3 40 1 37
3636 c3 22 2 16
3636 e5 9 2 9
3636 d3 6 1 11
3636 g3 3 0 4
3636 Bb5 2 1 3
3636 Be2 1 1 3
3642 Bc4 18 1 21
3643 c3 0 0 8
3643 Nc3 3 0 3
3644 d4 4 0 5
3645 d4 5 0 4
3645 Nc3 4 0 2
3646 c3 13 1 15
3646 Nf3 10 0 9
3646 Nc3 6 0 8
3646 c4 3 1 5
3646 f4 4 0 5
3646 Be2 2 0 4
3646 g3 2 0 3
3647 Nf3 153 9 110
3647 e5 67 3 76
3647 Be3 53 2 36
3647 c3 37 4 47
3647 Nc3 49 2 32
3647 f4 37 1 37
3647 c4 36 5 32
3647 Bc4 2 0 7
3647 d5 3 0 2
3647 b3 3 0 2
3651 e5 2 1 2
3650 Nf3 4 0 3
3648 e5 7 0 3
3654 d4 17 2 29
3656 Nc3 3 1 8
3657 Nf3 55 2 41
3657 d4 19 5 12
3657 e5 5 1 9
3659 Bg2 7 1 9
3668 fxe4 3 0 4
3671 e3 2 0 4
3670 e3 5 1 1
3673 e3 6 0 8
3675 e3 7 0 2
3674 e3 4 0 3
3678 d4 3 0 2
3679 e3 1 0 4
3680 e3 18 0 7
3682 Nf3 4 1 5
3683 d3 3 0 2
3684 e4 9 0 7
3684 e3 5 2 7
3685 e3 7 0 9
3686 e3 1 0 5
3688 e3 5 0 3
3687 e3 4 1 2
3693 e3 10 0 7
3700 e3 8 0 3
3700 d3 4 0 4
3699 e3 18 1 12
3699 Ne5 3 1 2
3696 e3 12 1 17
3696 d4 20 1 8
3696 b3 4 1 2
3696 d3 3 1 2
3698 e3 14 0 14
3698 d3 4 1 1
3698 d4 5 0 1
3695 e3 30 2 25
3695 c3 11 0 1
3695 d4 2 0 9
3695 d3 7 0 3
3701 e3 7 0 7
3697 e3 18 2 9
3697 d4 10 1 8
3697 d3 5 0 2
3702 e3 3 0 7
3705 e3 3 0 2
3703 e3 3 0 3
3708 e3 2 0 3
3707 e3 4 1 3
3712 Nf3 6 0 3
3711 Nf3 4 0 7
3713 Bb5 2 0 4
3713 Nf3 2 0 4
3714 Nf3 5 0 2
3723 exf4 8 1 19
3725 exd6 9 1 21
3725 Nf3 2 1 5
3728 e4 7 0 0
3727 e3 6 0 2
3727 e4 2 0 3
3726 e3 26 2 20
3726 d4 13 0 10
3736 e3 2 0 3
3737 Nf3 4 0 8
3738 e5 4 0 1
3739 e3 3 0 2
3740 e3 12 0 8
3740 e4 8 0 3
3740 d4 2 1 2
3742 Nf3 2 0 3
3746 b3 3 0 5
3748 b3 2 1 2
3745 c4 3 0 2
3750 Bg2 2 1 6
3754 Bxb7 6 0 1
3753 b3 3 0 4
3752 b3 13 0 6
3752 d4 2 0 4
3752 e3 3 0 2
3755 b3 3 0 5
3755 c4 5 0 1
3755 Bxc6 0 0 6
3755 Nf3 2 0 3
3758 d4 2 0 3
3756 b3 4 0 7
3757 b3 2 1 5
3762 Bg2 3 0 5
3763 Bg2 3 0 3
3761 Bg2 4 0 6
3764 b3 9 1 17
3764 Nf3 3 0 6
3764 d4 4 1 4
3764 e3 3 0 4
3766 Bg2 8 0 3
3773 b3 3 1 2
3773 e3 4 0 1
3774 f3 3 1 2
3772 b3 3 0 3
3769 Nf3 10 0 11
3769 b3 2 0 7
3769 e3 3 0 4
3769 d3 4 0 2
3769 Nh3 0 0 6
3771 b3 5 0 2
3771 Nf3 4 0 1
3770 b3 4 0 10
3770 e3 5 1 6
3770 d4 3 0 5
3770 Nf3 1 0 5
3770 d3 3 0 3
3770 h4 1 1 3
3767 b3 13 3 13
3767 e3 12 1 13
3767 d3 9 1 9
3767 Nf3 8 0 7
3767 d4 7 1 5
3767 h4 2 0 4
3767 c4 3 0 3
3767 Nh3 0 0 6
3767 f4 1 0 4
3768 e3 12 1 4
3768 b3 9 0 5
3768 Nf3 5 0 5
3768 d3 5 0 5
3768 e4 1 1 4
3768 d4 2 1 3
3768 c3 3 0 2
3768 c4 3 1 1
3781 Bg2 7 1 1
3782 Bg2 2 0 3
3777 Bg2 8 0 6
3777 d3 2 0 5
3779 Bg2 4 0 9
3778 Bg2 10 0 4
3780 Bg2 7 0 2
3783 Nf3 3 0 3
3786 b3 6 0 2
3784 b3 4 0 3
3785 b3 3 0 2
3789 Bg2 2 1 2
3793 e3 6 0 9
3793 b3 5 1 7
3793 Nh3 0 0 5
3792 b3 4 1 9
3792 e3 4 1 3
3792 Nf3 3 0 2
3791 b3 6 2 9
3791 e3 2 0 6
3791 d3 3 0 5
3791 Nf3 2 0 3
3791 e4 2 0 3
3796 b3 3 0 4
3797 e3 3 1 2
3790 e3 23 0 29
3790 b3 20 0 22
3790 d3 14 0 8
3790 Nh3 5 1 14
3790 Nf3 6 2 7
3790 e4 6 0 8
3790 d4 6 0 7
3790 Nc3 2 0 5
3790 c3 2 0 4
3794 b3 7 0 3
3794 e3 4 0 3
3794 Nf3 2 0 3
3795 b3 8 0 1
3799 d4 13 0 6
3800 Nd4 9 1 5
3803 Qxd4 3 0 2
3804 Nf3 3 0 4
3809 e3 1 0 4
3806 b3 13 2 31
3806 e3 16 2 11
3806 d4 4 1 6
3806 d3 7 0 3
3806 Nf3 7 0 3
3806 c4 3 0 2
3807 b3 5 0 6
3814 Bg2 4 0 7
3814 d3 3 1 2
3815 c3 6 4 15
3815 Nf3 6 2 2
3815 d4 3 0 3
3815 f4 3 0 3
3815 d3 3 0 2
3818 a3 15 1 21
3818 h4 1 0 4
3819 d4 0 0 8
3820 a3 4 0 1
3823 d4 26 0 21
3824 a3 2 0 9
3828 Nc3 0 0 6
3831 Bg2 3 0 2
3837 Nbd7 3 1 1
3847 Qxd4 4 0 1
3849 e4 3 0 2
3851 e5 32 0 9
3851 c5 6 1 6
3853 Bf5 2 1 2
3854 exf3 1 1 3
3855 exd4 17 1 7
3855 d6 4 0 2
3856 Nf6 4 1 7
3856 d6 3 1 1
3856 Bb4 3 0 2
3861 Nc6 16 0 24
3863 Nc6 4 0 6
3872 c5 4 0 1
3874 d5 2 0 3
3876 Nf6 3 0 8
3876 Bc5 2 0 4
3877 Kxf7 3 0 3
3882 Nf6 2 0 4
3881 dxc4 6 0 4
3881 e6 5 0 3
3881 Nf6 6 0 0
3884 Nf6 5 0 2
3888 exd4 2 0 4
3894 e4 5 0 4
3893 d5 3 0 6
3893 Nf6 5 0 0
3899 Bg7 3 0 5
3900 Bg7 5 1 1
3901 Bg7 4 0 1
3902 c6 3 0 3
3902 dxc4 2 0 3
3908 Bg7 1 0 6
3907 Bg7 5 0 5
3909 e5 5 0 3
3911 c6 4 0 4
3911 e6 1 0 5
3911 c5 1 0 4
3913 d5 5 1 8
3914 Bg7 22 1 22
3917 e6 2 0 4
3917 g6 3 0 3
3922 e6 10 0 5
3922 g6 8 0 3
3922 e5 3 0 3
3922 Nc6 4 0 1
3923 cxd4 2 1 4
3925 e5 3 0 3
3925 g6 4 0 1
3931 Nc6 10 0 11
3931 g6 2 1 2
3931 d6 1 0 4
3932 dxc3 7 1 2
3934 Qa5 4 0 1
3935 cxd4 2 0 5
3936 cxd4 3 0 4
3937 g6 8 0 6
3937 d6 7 0 4
3937 d5 7 0 1
3937 e6 3 0 4
3937 Nf6 5 0 2
3940 Nc6 4 0 4
3940 e6 1 0 4
3941 Nf6 5 0 3
3942 d5 8 0 2
3942 Nc6 5 0 0
3943 Bg7 7 1 9
3945 cxd5 3 1 1
3948 Nf6 6 1 6
3948 Bg4 2 0 4
3948 e6 4 0 1
3949 Bg4 1 0 4
3954 Nf6 1 0 5
3955 Nf6 3 0 2
3957 Nf6 6 0 1
3959 Nxd5 4 0 2
3961 Nf6 2 1 3
3960 e6 4 0 2
3960 dxc4 4 0 1
3964 c5 6 0 3
3964 dxe3 3 0 2
3967 Nc6 6 0 3
3971 Nf6 6 0 0
3978 Bxf3 3 0 4
3975 Bxf3 5 0 1
3981 Nf6 7 0 2
3980 dxc4 7 2 3
3980 e6 6 0 3
3980 Nf6 5 0 0
3979 Nf6 7 1 12
3979 Bg4 4 2 5
3979 Bf5 5 0 3
3989 e6 2 0 3
3987 e6 9 3 7
3987 c6 7 1 3
3987 dxc4 4 0 2
3988 e6 3 1 3
3988 Nc6 4 0 1
3993 Nc6 3 0 2
3992 e6 2 0 3
3992 Nc6 1 0 4
3999 c5 1 0 7
3999 Nf6 2 0 4
3997 Nf6 14 0 5
3997 c6 13 0 2
3997 dxc4 4 1 1
3998 Nf6 7 0 4
3998 c5 0 0 7
4005 Bd7 1 0 5
4004 e5 0 0 5
4006 e6 4 1 1
4010 Nf6 4 1 7
4011 e6 3 1 2
4011 Nf6 2 0 3
4012 Bxf3 6 1 4
4012 Nc6 3 0 5
4012 e6 6 0 2
4013 e5 17 1 31
4013 Nf6 10 0 5
4013 e6 6 0 2
4015 e6 8 2 2
4015 Bf5 5 0 6
4015 c5 6 0 5
4015 g6 5 0 6
4015 c6 3 2 5
4015 Nc6 1 0 5
4016 Bb7 4 0 1
4017 Nc6 28 2 40
4017 Nf6 8 1 6
4017 e6 4 1 3
4018 Nd7 7 1 6
4018 Nf6 6 0 1
4020 Nf6 16 0 12
4020 c5 4 1 3
4020 f5 2 0 4
4020 Bd6 2 0 3
4021 Bg7 3 0 5
4027 Bg7 4 0 1
4028 exd4 2 1 2
4030 g6 5 0 1
4033 Bg7 5 1 5
4035 Nc6 2 1 2
4037 Nf6 1 0 6
4038 Nf6 4 1 1
4039 exd5 1 0 4
4044 Nf6 6 1 3
4044 c5 6 0 0
4044 dxc4 4 0 1
4045 Nf6 2 0 6
4045 c5 2 0 3
4051 exd5 4 0 2
4053 Ng6 3 0 4
4055 Bb7 4 0 7
4057 Nf6 30 6 43
4057 c5 7 2 9
4057 Bd6 2 0 5
4057 Nc6 2 0 5
4057 c6 3 0 2
4068 d6 3 0 5
4069 Nf6 6 1 8
4069 d6 9 0 5
4069 d5 3 0 3
4069 c6 4 0 2
4071 Bg7 0 0 5
4072 g6 6 1 0
4073 cxd5 2 0 4
4074 c5 5 0 0
4074 Nf6 3 0 2
4075 e5 2 1 5
4076 Nc6 2 1 6
4077 Qxd5 6 1 7
4078 Nc6 0 0 5
4079 Nf6 1 1 4
4082 Qxd5 5 1 2
4086 Nf6 4 0 5
4086 Nc6 7 0 0
4086 c5 5 0 1
4087 e4 4 0 1
4088 exd5 3 1 3
4092 e6 3 0 2
4097 Bg7 3 2 3
4096 Bg7 2 1 7
4101 e6 5 0 5
4099 Nf6 10 0 6
4099 e6 3 0 3
4100 Nf6 8 0 1
4100 e6 2 0 4
4105 e5 3 0 3
4115 e6 2 0 3
4118 Nf6 3 0 2
4117 e5 17 0 13
4124 Nc6 4 1 5
4125 Nc6 1 0 7
4123 Nc6 9 1 10
4126 Nc6 4 0 2
4129 c5 6 0 4
4133 Nf6 6 1 2
4132 Nf6 4 0 3
4131 Nf6 10 0 6
4131 Nc6 7 0 0
4134 Nf6 3 0 2
4138 g6 3 0 3
4151 d6 2 0 3
4146 Bc5 4 2 4
4146 f5 1 0 7
4146 Nf6 3 0 3
4149 d5 2 0 3
4152 exd4 3 1 3
4145 d5 37 3 39
4145 Nf6 10 0 9
4145 Bc5 8 0 7
4145 d6 5 0 2
4145 g6 3 0 2
4148 Nf6 3 0 5
4148 d5 3 1 1
4147 d5 1 0 13
4155 Nf6 7 2 8
4155 Nc6 5 0 6
4155 Be6 3 0 3
4161 d5 5 0 1
4162 d5 3 1 4
4165 Be7 2 0 4
4164 Be7 2 0 4
4168 Nf6 6 0 2
4167 Nf6 5 0 7
4166 Nf6 6 0 13
4166 c5 4 0 3
4169 Nf6 4 1 6
4177 exf6 4 0 5
4184 Na5 3 0 4
4184 Nb4 3 0 2
4188 Nf6 9 1 4
4188 Bxb4 3 0 3
4192 Nf6 12 0 14
4192 f6 3 0 11
4192 Nc6 8 0 3
4192 Qg5 3 0 2
4193 Nd4 12 0 8
4196 Nf6 1 0 5
4200 Nf6 2 0 4
4197 Nf6 6 0 4
4199 Nf6 3 0 2
4203 d5 4 1 3
4207 axb5 2 2 4
4208 d6 3 1 2
4209 Bd6 7 0 5
4212 d5 3 0 3
4213 a6 0 1 5
4213 d5 2 0 3
4214 Nf6 1 0 5
4217 e4 7 0 3
4219 Nc6 0 0 7
4218 d5 1 0 4
4221 Nc6 0 2 4
4220 Nc6 4 0 1
4224 Nxd5 13 2 17
4226 Nc6 3 0 3
4233 c5 3 0 2
4230 Bb4 3 0 3
4230 d5 3 0 2
4229 d5 7 0 3
4229 Bb4 5 0 2
4238 Bg7 3 1 2
4237 Bg7 5 0 9
4236 Bg7 14 1 4
4235 d6 4 2 9
4235 Bg7 2 1 4
4234 Bg7 20 1 20
4239 d5 3 0 2
4240 Bg7 8 2 2
4242 Bg7 8 0 13
4244 Bb4 0 0 5
4245 Bg7 4 0 5
4246 Bg7 4 0 4
4249 Bg7 5 0 4
4251 e6 2 1 6
4252 e6 5 0 1
4250 g6 4 0 3
4250 e6 0 1 4
4256 e6 6 0 1
4259 Nf6 7 0 6
4259 g6 1 0 8
4259 d6 2 0 3
4260 g6 6 0 2
4260 d6 6 0 2
4258 g6 7 0 6
4258 e6 5 0 4
4258 d6 5 0 1
4258 Nf6 3 0 2
4258 e5 1 1 3
4267 Bb7 1 1 3
4266 Bb7 0 0 8
4274 Nf6 2 0 8
4278 Bg7 5 0 1
4279 cxd4 9 0 8
4281 cxd4 3 0 2
4282 cxd4 3 0 2
4288 Nc6 6 0 2
4295 cxd5 12 1 19
4297 cxd5 3 0 3
4299 cxd5 2 0 3
4301 e5 7 0 2
4306 Nxd5 3 0 2
4307 Qd8 49 2 33
4307 Qa5 26 2 11
4307 Qc6 14 0 3
4307 Qe6 4 0 7
4307 Qd6 7 0 2
4307 Qf5 3 0 3
4308 Nf6 6 0 2
4312 Qxd4 2 0 3
4313 e6 3 0 3
4313 Nc6 2 1 2
4314 g6 2 0 3
4317 Nf6 6 0 1
4326 Bc5 5 0 4
4327 Bxc3 7 0 4
4328 Bxc3 6 0 4
4329 Bxc3 2 1 6
4332 d6 9 2 4
4332 Nc6 6 0 3
4335 d6 0 0 8
4336 Nf6 3 0 6
4334 Nf6 1 1 3
4334 d6 1 0 4
4333 d6 4 0 3
4333 Nf6 1 1 5
4337 Nf6 12 0 10
4337 Bc5 4 0 3
4337 d6 2 0 3
4340 Nf6 7 0 5
4339 Nf6 7 1 6
4339 Bc5 1 0 8
4338 Nf6 8 1 6
4338 Bc5 5 0 2
4338 d6 3 0 2
4346 Nc6 17 0 23
4346 d6 6 0 1
4343 Nc6 14 0 7
4343 Bb4 8 2 7
4343 Bc5 7 0 10
4343 d5 9 0 6
4343 d6 4 1 4
4343 c6 3 0 5
4343 Be7 2 0 6
4347 d5 0 0 6
4347 Bc5 2 0 3
4347 Bb4 2 1 2
4345 Bc5 6 2 10
4345 Nc6 8 1 5
4345 Bb4 10 2 2
4345 c6 3 0 3
4345 d6 3 0 2
4345 Be7 3 0 2
4344 d5 7 3 12
4344 Bb4 9 0 5
4344 Nc6 9 0 3
4344 Bc5 4 0 5
4344 d6 4 0 5
4344 c6 4 1 4
4351 Bc5 3 0 4
4353 d6 2 2 3
4353 Nc6 3 0 2
4352 d6 4 1 1
4355 d6 4 0 3
4361 Nf6 9 1 1
4361 Be6 4 1 3
4361 Nc6 3 1 1
4362 Nf6 3 1 2
4362 Nc6 3 0 2
4363 Nf6 4 0 1
4360 Nf6 7 0 1
4360 Nc6 3 0 2
4365 Nf6 9 0 10
4366 Nf6 13 0 1
4373 d6 6 0 3
4375 Nc6 12 0 8
4375 d6 2 1 4
4377 d6 1 1 3
4377 Nc6 3 0 2
4383 Nc6 2 0 3
4382 Nc6 3 0 3
4388 Nc6 11 0 12
4390 Ba5 4 0 1
4392 Nf6 6 1 5
4392 Bc5 4 0 2
4394 d5 5 0 4
4394 Be7 3 0 2
4396 exd4 0 0 5
4400 Nf6 2 0 4
4401 c6 2 0 5
4401 Bb4 3 1 2
4404 d6 4 0 3
4405 Bc5 4 0 1
4406 d5 3 0 3
4407 Nf6 1 0 4
4408 Nf6 2 0 3
4411 Ng6 6 0 1
4412 d5 2 0 6
4417 Bb7 3 0 2
4418 Nc6 4 0 2
4423 exd5 36 1 27
4425 Nf6 2 0 4
4424 Nf6 5 1 8
4424 dxc4 2 0 3
4426 Nf6 3 0 4
4430 Nf6 3 0 3
4431 Be7 2 0 3
4432 exd5 7 0 6
4433 exd5 3 0 2
4435 exd5 5 0 1
4437 Nf6 1 0 4
4440 d5 2 0 4
4441 Nf6 3 0 2
4442 Nf6 1 0 4
4445 Nf6 8 2 2
4445 c6 3 0 3
4446 exd5 1 2 2
4452 d6 6 0 6
4452 e6 6 1 4
4452 Nf6 2 0 6
4452 b6 5 0 1
4454 d6 3 1 2
4454 e6 4 0 2
4453 Nf6 4 0 3
4458 Nf6 4 0 5
4466 Nf6 3 0 2
4467 g6 3 1 3
4469 Nc6 0 0 5
4471 Nf6 3 0 4
4471 c5 3 1 2
4473 Nc6 2 0 4
4470 f5 6 1 3
4470 Nf6 4 0 2
4470 c5 2 0 3
4478 Nf6 7 1 1
4480 Qxd1 7 3 11
4481 exd5 2 1 2
4483 Nf6 1 0 6
4485 d5 1 1 3
4486 Nc6 2 1 4
4489 Nc6 3 0 2
4490 c5 3 0 3
4494 Nf6 1 0 4
4496 Qxd5 4 0 5
4503 Nf6 6 0 7
4507 exd5 1 0 8
4519 e5 2 0 3
4522 Qxd5 3 0 2
4523 Nce7 3 0 13
4523 Nd4 4 0 1
4525 Na6 7 0 1
4527 e6 6 0 5
4527 Nf6 5 0 1
4528 Ng6 5 0 2
4533 Nce7 1 2 3
4534 e6 4 0 2
4534 Bf5 2 0 3
4537 g6 1 0 5
4536 g6 4 1 6
4540 Bb4 3 0 3
4540 d5 2 0 4
4539 d5 11 1 8
4539 c5 4 0 5
4545 Bg7 1 0 4
4544 Bg7 3 0 6
4546 Bg7 1 0 5
4543 Bg7 9 2 16
4547 d5 0 0 7
4548 g5 5 0 2
4550 gxf6 5 1 4
4551 exf6 9 0 8
4552 e6 2 0 4
4554 Qxf6 7 1 19
4556 d5 3 0 4
4555 Be7 6 1 3
4555 h6 1 0 5
4559 exf6 9 2 15
4560 Bg7 5 0 4
4561 exf6 4 0 6
4562 d6 8 0 3
4562 d5 3 0 2
4564 c6 7 0 6
4564 e6 9 0 4
4564 Bf5 7 0 4
4564 Nc6 5 0 1
4566 h6 1 1 3
4566 e6 2 0 3
4565 e6 3 0 7
4565 Nc6 3 0 2
4565 g6 2 0 3
4565 c6 2 0 3
4567 dxe4 2 0 9
4573 Ng4 2 0 3
4575 d5 4 2 4
4575 b6 5 0 3
4575 c5 4 0 1
4574 Bb4 14 2 12
4574 d5 3 1 3
4580 Bg7 15 0 3
4581 Bg7 2 0 3
4579 d6 4 0 19
4579 Bg7 12 0 2
4584 Bb7 1 1 3
4589 cxd4 1 2 2
4588 d6 1 0 5
4586 cxd4 5 0 3
4587 cxd4 5 1 8
4596 Nc6 3 0 2
4595 e6 5 0 2
4595 Ne4 2 0 3
4594 e6 3 1 7
4594 Bf5 3 0 2
4592 e6 6 0 7
4592 dxc4 5 0 2
4592 c6 3 0 4
4591 e6 10 0 10
4591 Bg4 3 1 12
4591 Bf5 7 1 6
4591 c6 5 0 5
4593 Bf5 4 0 1
4598 g6 6 1 5
4599 g6 2 1 4
4600 g6 3 0 3
4605 d5 4 0 7
4605 c5 3 0 4
4605 Bb4 2 0 3
4605 b6 2 2 1
4606 Be7 5 1 3
4606 d5 4 0 4
4608 d5 2 0 5
4607 d5 3 0 5
4607 b6 2 0 3
4603 b6 3 0 13
4603 d5 5 1 9
4603 Bb4 6 1 6
4603 c5 5 2 6
4602 d5 17 2 21
4602 b6 12 1 13
4602 c5 8 1 15
4602 Bb4 3 1 3
4604 d5 8 1 11
4604 c5 4 0 4
4604 b6 1 0 5
4612 Bg7 34 0 17
4615 Bg7 13 0 10
4614 Bg7 9 0 9
4614 d5 1 0 6
4617 Bg7 5 1 1
4616 Bg7 6 1 6
4610 Bg7 21 5 50
4610 d5 2 0 4
4611 Bg7 26 2 29
4611 d5 1 0 5
4613 Bg7 20 1 27
4620 Bf5 3 0 2
4622 d5 4 0 6
4625 Bg7 3 0 3
4624 Bg7 6 0 2
4626 Bg7 3 1 2
4629 Bg7 1 0 8
4630 Bg7 2 1 2
4631 e6 2 0 3
4635 Bb7 5 0 3
4637 cxd4 18 2 30
4637 g6 3 1 4
4637 b5 1 0 4
4639 cxd4 4 1 14
4636 b5 40 5 46
4636 e5 6 2 16
4636 e6 11 0 6
4636 d6 8 0 9
4636 g6 5 1 5
4640 e6 1 0 5
4638 cxd4 6 1 9
4638 g6 3 0 3
4638 e6 3 0 2
4641 d5 6 1 5
4642 d5 5 0 1
4643 dxc4 24 2 10
4643 e6 20 1 6
4643 c6 5 0 3
4643 Bf5 2 1 4
4646 dxc4 3 1 8
4647 Nc6 3 1 1
4644 Nxd5 20 0 6
4644 Qxd5 8 1 5
4645 e6 5 0 5
4645 dxc4 4 0 2
4649 g6 35 2 43
4649 Nbd7 6 1 8
4649 e6 3 0 2
4650 g6 5 1 10
4657 exd4 2 0 4
4654 exd4 9 0 14
4656 exd4 0 0 5
4653 Bc5 14 2 34
4653 Bb4 5 0 5
4652 Ng4 48 3 50
4652 Ne4 20 0 10
4655 exd4 3 0 5
4655 Bb4 4 0 1
4663 Be7 7 0 9
4658 Bb4 148 15 164
4658 d5 85 5 63
4658 c5 34 4 29
4658 b6 29 1 16
4658 g6 4 0 4
4658 Be7 7 0 0
4658 d6 3 0 2
4659 d5 18 4 31
4659 b6 18 2 29
4659 Bb4 15 2 23
4659 c5 7 1 15
4659 Be7 4 0 2
4660 d5 15 1 19
4660 c5 3 0 7
4660 b6 5 1 3
4660 Be7 2 0 3
4661 Bb4 4 0 8
4661 d5 5 1 4
4661 b6 2 0 5
4661 c5 1 0 4
4662 d5 8 1 4
4662 Bb4 10 0 2
4662 c5 8 0 1
4671 Bg7 4 1 7
4667 Bg7 240 14 231
4667 d5 98 13 140
4667 d6 10 0 7
4668 Bg7 30 5 36
4668 d5 7 2 9
4670 Bg7 12 2 10
4669 Bg7 8 0 19
4672 Bg7 4 0 3
4673 cxd5 2 0 10
4675 fxe6 2 0 4
4677 Bb7 0 0 5
4678 cxd4 2 0 3
4681 e6 4 0 5
4681 Nc6 3 0 4
4680 e6 6 0 7
4680 Bg4 6 0 4
4680 Bf5 0 1 7
4682 e6 3 0 6
4683 Bf5 2 0 3
4686 g6 1 1 3
4685 g6 3 0 3
4688 d5 8 1 5
4688 c5 5 2 7
4687 d5 5 0 13
4687 c5 7 1 5
4687 b6 5 0 8
4692 c5 0 0 6
4689 c5 6 0 7
4690 d5 3 0 2
4695 Bg7 12 2 13
4701 Bg7 0 0 5
4694 Bg7 20 2 40
4698 Bg7 3 1 4
4696 Bg7 10 0 14
4697 Bg7 7 1 7
4699 Bg7 2 1 5
4705 dxe4 2 0 4
4703 e6 2 0 3
4708 d5 2 1 4
4709 Bg7 2 0 11
4709 d6 4 0 6
4710 Bg7 5 0 4
4711 Bf5 11 0 0
4712 g6 2 0 3
4713 c5 6 0 0
4714 Bg7 3 0 3
4715 cxd4 2 0 3
4716 e6 3 0 5
4717 g6 1 0 6
4718 d5 7 0 9
4718 c5 0 0 7
4719 Bg7 13 1 14
4720 Bf5 3 0 2
4722 Bg7 3 0 7
4723 Bb7 5 0 1
4725 c6 6 0 4
4726 a6 4 0 2
4726 b4 1 0 5
4729 b4 2 0 7
4729 a6 6 0 1
4733 Bxe4 2 0 4
4732 a6 3 0 2
4730 a6 7 0 4
4730 b4 2 0 4
4736 e6 6 1 7
4735 e6 4 1 8
4735 g6 3 0 6
4739 h6 4 0 1
4741 g6 10 3 4
4741 e6 7 0 2
4741 d6 8 1 0
4748 e6 4 0 1
4748 g6 2 0 3
4745 e6 6 0 1
4746 e6 2 0 4
4746 Bxf3 2 0 4
4750 g6 3 0 2
4747 e6 4 0 3
4743 e6 11 0 12
4743 g6 4 1 4
4743 Bxf3 4 1 1
4743 h6 4 0 1
4744 g6 8 1 2
4756 e6 50 3 41
4756 g6 59 2 23
4756 Nf6 6 0 9
4756 d6 6 0 5
4756 c6 4 0 3
4756 c5 3 0 2
4756 d5 5 0 0
4757 e6 5 2 13
4757 g6 8 0 8
4758 e6 3 0 11
4758 g6 3 1 3
4759 g6 5 0 6
4759 e6 1 1 9
4762 g6 3 0 2
4763 e6 11 0 16
4763 g6 15 0 10
4763 Nf6 4 0 2
4768 g6 2 1 2
4765 g6 7 2 5
4765 e6 2 1 2
4764 g6 14 0 9
4764 e6 8 0 10
4766 g6 2 0 4
4766 e6 4 0 1
4771 e6 9 0 8
4771 g6 12 0 4
4772 g6 5 0 9
4772 e6 5 0 3
4770 e6 9 0 17
4770 g6 12 1 11
4770 c6 3 0 2
4773 g6 8 0 1
4773 e6 2 0 5
4775 e6 4 0 13
4775 g6 6 2 6
4776 e6 1 0 4
4780 Rxb8 9 1 13
4781 Nc6 2 0 4
4783 Nc6 4 2 5
4786 Nc6 21 1 19
4786 e5 11 0 5
4786 g6 7 0 6
4786 d5 1 0 7
4786 e6 6 0 1
4786 Nf6 2 1 2
4787 Nc6 6 0 10
4789 Nf6 5 0 4
4790 exd5 0 0 5
4792 Nc6 3 0 4
4793 g6 7 0 9
4793 d5 5 1 6
4793 d6 2 0 4
4793 Nf6 2 0 3
4797 Nc6 14 1 7
4796 Nc6 41 2 46
4796 e6 3 0 3
4798 dxe3 4 0 1
4799 Nf6 7 0 1
4799 d6 5 0 0
4800 e6 9 0 7
4800 d6 5 0 6
4800 e5 1 0 4
4805 e6 32 3 14
4805 e5 19 1 16
4805 Nf6 14 1 6
4805 g6 9 1 10
4806 e6 12 2 5
4806 Nf6 6 1 5
4806 g6 9 0 1
4806 e5 4 0 4
4806 a6 2 0 3
4809 f5 11 1 3
4809 d6 10 0 5
4811 fxe6 12 0 6
4810 d6 8 0 11
4812 exd5 17 1 14
4812 b5 4 0 10
4812 Nf6 9 0 5
4813 fxe6 19 0 16
4814 exd5 4 0 1
4816 e6 1 1 3
4819 Qxc5 15 1 11
4818 Qxc5 34 1 14
4821 Qxc5 3 0 4
4820 Qxc5 9 1 8
4822 Nc6 3 0 4
4824 Nc6 1 0 5
4823 Nc6 4 0 2
4823 a5 1 1 3
4827 Nf6 7 1 1
4827 Nc6 2 1 2
4830 Bxc5 1 2 5
4828 Bxc5 8 1 8
4826 a5 7 1 15
4826 Nc6 4 1 4
4831 Bxc5 3 0 3
4829 Bxc5 5 0 5
4834 Nc6 11 1 17
4834 a6 4 0 1
4833 d5 19 0 22
4833 g6 5 1 12
4833 Nf6 6 2 5
4833 Nc6 6 1 6
4833 d6 4 0 3
4837 Nf6 1 0 4
4837 d5 2 0 3
4836 Nf6 1 0 6
4839 Nc6 1 0 8
4840 Nc6 3 1 13
4841 Nc6 2 0 3
4842 Rxb8 5 0 9
4843 Bf5 2 1 3
4844 Nd7 4 0 1
4848 dxe4 4 0 1
4854 Bg4 2 0 3
4851 Nf6 4 0 3
4849 Nf6 10 1 9
4849 Bg4 8 0 6
4849 Bf5 1 0 4
4850 Nf6 6 0 2
4855 e6 5 0 1
4856 Nf6 42 3 30
4856 dxc4 32 1 15
4856 e6 28 0 18
4856 Bf5 8 0 4
4860 Nf6 3 0 4
4860 dxc4 2 0 3
4859 Bf5 6 0 5
4859 Nf6 0 2 3
4859 b6 3 0 2
4857 cxd5 23 0 22
4858 Nf6 5 1 10
4858 Bf5 6 0 8
4858 e6 6 0 2
4858 dxc4 4 0 2
4861 Nf6 4 2 4
4861 g6 4 1 2
4862 d5 5 0 3
4863 g6 2 0 3
4864 Bg7 1 0 4
4865 Nf6 7 0 9
4865 Bg4 2 0 4
4865 Nd7 2 0 4
4865 Bf5 2 1 3
4866 Nf6 7 2 6
4866 e6 0 1 5
4866 Bf5 3 0 2
4866 dxc4 5 0 0
4867 Nf6 5 0 3
4873 dxe4 4 0 3
4871 Bf5 17 1 16
4871 e6 12 0 4
4871 f6 10 1 5
4872 cxd5 4 0 15
4876 dxe4 3 0 5
4878 Nf6 2 0 5
4878 Bf5 3 0 3
4882 e6 16 0 17
4882 Nf6 6 1 3
4882 Nc6 5 0 4
4882 c6 3 0 3
4883 Nf6 1 0 6
4883 e6 3 0 4
4881 e6 19 1 14
4881 Nf6 6 0 7
4881 Nc6 8 0 5
4881 c6 4 1 1
4881 a6 2 0 3
4886 Nf6 23 1 8
4886 a6 13 0 10
4886 e6 6 4 7
4886 Bf5 10 0 6
4886 f6 5 0 3
4886 Nxd4 5 0 1
4887 Nf6 9 0 4
4887 f6 5 1 3
4887 Bf5 7 0 2
4885 Nf6 31 2 21
4885 Bf5 19 1 16
4885 e6 15 0 7
4885 a6 10 1 8
4885 f6 4 2 8
4889 e6 21 1 22
4889 a6 19 0 13
4889 Nc6 12 0 5
4889 c6 9 0 8
4889 Bf5 5 0 10
4890 e6 5 1 9
4890 Nc6 9 0 0
4888 e6 31 2 22
4888 Bf5 10 1 12
4888 Nc6 10 1 12
4888 g6 4 0 6
4888 c6 3 1 4
4888 c5 2 0 3
4896 cxd4 0 1 5
4894 Nc6 4 0 4
4894 e6 2 1 4
4894 Qa5 2 1 4
4895 e6 3 0 2
4902 Rxb8 4 0 1
4899 Nf6 4 1 4
4899 e6 2 1 4
4899 Bf5 2 0 3
4898 Nf6 3 0 5
4898 e6 2 0 6
4898 Bf5 4 0 2
4903 a6 15 0 16
4903 Bd6 10 1 14
4903 c5 7 0 16
4903 Nf6 7 1 4
4903 Bb4 4 1 2
4903 f5 3 0 3
4903 Nc6 5 0 1
4905 Bd6 3 0 6
4905 Nf6 6 0 2
4905 c5 2 1 5
4906 Nf6 9 1 3
4906 Bd6 9 0 3
4904 Nf6 25 1 18
4904 Bd6 18 0 10
4904 c5 6 1 9
4904 a6 4 0 2
4904 c6 4 0 1
4913 Bg7 3 0 3
4917 f6 5 0 2
4918 exf6 7 1 7
4921 Kxd8 10 0 2
4923 Nc6 2 0 3
4922 g5 11 1 6
4922 e6 5 0 5
4924 g5 9 0 7
4924 Nf6 3 0 5
4924 Nc6 3 0 2
4926 e6 17 0 4
4926 a6 17 0 2
4928 e6 2 0 4
4931 Nf6 20 0 4
4931 Bf5 16 1 6
4931 e6 15 0 2
4931 a6 6 1 3
4931 f6 5 0 2
4931 e5 5 0 1
4932 Nf6 7 0 5
4932 Bg4 6 0 1
4934 Bf5 3 1 1
4933 dxe4 3 2 8
4936 e6 52 0 16
4936 a6 39 1 16
4936 Nc6 46 1 9
4936 Bf5 29 1 4
4936 c6 12 0 6
4936 h6 9 0 2
4936 g6 4 0 3
4936 Bd7 2 0 3
4938 e6 13 2 6
4938 h6 6 0 2
4938 Nc6 3 0 2
4937 Nc6 14 2 8
4937 Bf5 10 1 12
4937 e6 6 1 13
4937 Bg4 7 1 6
4941 Bf5 2 0 4
4941 Nc6 1 0 4
4941 e6 2 0 3
4943 dxe4 3 1 5
4939 Nc6 4 0 10
4939 Bf5 4 0 4
4939 e6 1 0 4
4940 e6 10 0 3
4940 Nc6 3 0 4
4942 Nc6 2 0 3
4946 cxd4 5 1 1
4946 Nc6 3 0 2
4950 Nf6 2 0 4
4950 Bf5 4 0 1
4949 Nf6 2 0 5
4949 e6 5 0 2
4948 e6 24 1 12
4948 dxe4 27 1 7
4948 Nf6 9 0 4
4948 e5 5 0 0
4957 Nf6 3 0 7
4957 Bd6 6 0 1
4957 Bb4 4 0 2
4957 a6 4 0 2
4956 Nf6 7 2 13
4956 c5 8 1 5
4956 Bb4 3 0 5
4956 Nc6 3 0 3
4954 Nf6 68 1 16
4954 Nc6 26 2 8
4954 c5 28 0 6
4954 a6 11 0 6
4954 Bd6 14 0 1
4954 h6 11 0 3
4954 c6 12 0 1
4954 g6 8 0 3
4954 f5 5 0 0
4959 Nf6 5 0 3
4955 dxe4 8 1 15
4955 Bb4 6 0 5
4955 c6 8 1 0
4955 Nf6 4 0 3
4955 c5 2 1 3
4958 Nf6 6 1 6
4963 Bg7 7 1 2
4963 c6 6 0 1
4965 e6 15 1 25
4965 Nc6 5 1 9
4965 Nf6 3 0 2
4968 e6 9 0 6
4968 Nf6 3 0 2
4966 e6 8 0 4
4966 c6 4 0 4
4966 dxc4 4 0 4
4964 e6 22 2 21
4964 Nc6 10 0 6
4964 Nf6 8 2 4
4964 c6 2 1 2
4967 e6 4 0 12
4967 Nf6 6 0 3
4974 Bxf3 10 0 3
4974 Nf6 3 0 5
4977 e6 3 1 2
4976 Bxf3 4 1 4
4972 Bf5 14 0 4
4972 Bh5 10 0 7
4978 Bxf3 2 1 2
4971 Bxf3 11 0 12
4971 e6 15 0 6
4971 Nf6 13 1 7
4971 Nc6 4 1 9
4971 e5 1 1 3
4973 Bxf3 7 0 8
4973 e6 3 0 2
4975 Bxf3 13 0 4
4981 Nf6 16 1 15
4981 Bf5 15 1 8
4981 Bg4 9 2 9
4981 f6 7 0 2
4981 e6 5 0 4
4986 f6 5 0 2
4984 Nf6 16 0 14
4984 Bf5 5 2 4
4984 e6 3 0 6
4984 Bg4 3 0 3
4985 Nf6 5 0 6
4985 Bf5 7 0 4
4985 Bg4 1 0 5
4983 dxc4 22 2 15
4983 e6 9 1 11
4983 Nf6 3 0 5
4983 Bg4 4 0 1
4980 Nf6 46 3 28
4980 Bg4 29 2 23
4980 Bf5 26 0 14
4980 e6 17 3 5
4980 a6 9 1 6
4980 f6 9 0 5
4980 e5 4 0 3
4982 Nf6 23 0 9
4982 Bg4 13 0 4
4982 Bf5 5 2 6
4982 e6 5 0 2
4991 e6 17 1 10
4991 Nc6 12 1 8
4991 Bf5 10 1 9
4991 Bg4 4 1 6
4991 c5 5 1 2
4991 g6 3 0 2
4993 e6 12 0 12
4993 Bg4 6 0 4
4993 Nc6 4 0 4
4993 Ne4 1 1 4
4993 Bf5 3 1 1
4992 e6 10 0 13
4992 Nc6 7 2 8
4992 Bf5 4 1 7
4992 Bg4 3 1 2
4994 e6 5 1 3
4994 Bf5 4 0 2
4989 e6 25 0 20
4989 c6 13 1 15
4989 dxc4 11 4 13
4989 Bf5 6 0 2
4988 e6 37 1 23
4988 Bg4 18 1 19
4988 Bf5 19 2 13
4988 Nc6 23 1 9
4988 g6 9 3 10
4988 c6 5 0 6
4988 c5 2 0 7
4990 e6 27 2 19
4990 Bf5 10 0 7
4990 g6 7 3 6
4990 Bg4 3 0 9
4990 Nc6 4 0 3
4990 c5 3 0 3
4990 c6 2 0 4
4995 e6 2 0 3
5003 Nc6 7 0 3
5002 Nc6 5 0 3
5002 e6 5 0 2
5002 cxd4 4 1 1
5004 dxc4 4 0 3
5004 cxd4 4 0 1
5001 Nc6 7 1 11
5001 e6 6 1 3
5001 Qa5 1 1 3
5000 Nc6 9 0 11
5000 e6 8 0 4
5000 cxd4 4 2 4
5007 Nf6 12 1 7
5007 Bg4 7 1 3
5007 e6 4 1 3
5007 Bf5 5 0 1
5010 f6 6 0 0
5008 Nf6 10 1 7
5008 e6 8 0 3
5008 dxc4 5 0 2
5008 Bf5 1 1 3
5006 e6 11 1 12
5006 Nf6 13 0 9
5006 Bg4 11 0 10
5006 Bf5 4 2 5
5009 Nf6 4 1 7
5009 e6 4 0 2
5009 Bg4 3 0 2
5016 Nf6 25 5 22
5016 c5 13 2 12
5016 Bd6 11 1 1
5016 Nc6 5 0 6
5020 Be7 15 1 8
5020 Nf6 7 1 1
5020 f6 6 0 2
5019 Nf6 9 1 15
5019 c5 6 0 6
5019 Bb4 3 0 4
5019 Bd6 3 0 2
5021 Nf6 7 2 5
5021 c5 2 1 3
5018 Nf6 19 0 14
5018 c6 10 3 6
5018 dxc4 12 1 5
5018 c5 11 0 5
5018 Bd6 3 0 2
5015 Nf6 59 3 41
5015 c5 33 3 35
5015 Nc6 15 0 3
5015 a6 10 0 5
5015 f5 6 0 6
5015 c6 5 0 5
5015 Bd6 5 0 5
5015 Be7 7 0 1
5015 h6 5 0 2
5015 b6 3 0 2
5017 Nf6 28 3 14
5017 c5 14 0 10
5017 Nc6 7 0 4
5017 f5 6 0 3
5017 f6 4 0 2
5035 Bg7 4 1 2
5034 Bg7 3 0 2
5034 dxc4 3 0 2
5033 Bg7 6 3 8
5036 Bg7 4 1 3
5041 Nf6 4 0 1
5039 Nf6 5 0 4
5040 Nf6 6 0 1
5044 dxe4 2 0 3
5046 c6 2 0 3
5049 dxe4 3 0 5
5051 e6 2 0 5
5050 e6 3 0 4
5052 Nf6 5 0 5
5052 Bg4 6 0 3
5053 Nf6 9 0 4
5053 Bf5 4 0 1
5053 e5 1 0 4
5054 e6 6 0 5
5056 cxd4 5 1 1
5059 Nf6 6 0 7
5059 c5 2 1 6
5059 Nc6 3 0 2
5060 Nf6 7 0 1
5060 c5 3 0 3
5061 Nf6 3 0 2
5065 Nf6 7 0 4
5070 Bg4 4 0 3
5069 e5 4 0 4
5074 e6 3 0 2
5073 Bf5 2 0 3
5073 Nc6 3 0 2
5072 Nc6 3 0 4
5072 e6 2 0 4
5083 Nf6 5 1 8
5083 c5 8 0 5
5083 f5 3 1 3
5084 c5 1 0 5
5084 Nf6 1 0 5
5088 dxc4 5 0 1
5087 Bxd5 10 0 2
5090 e6 51 11 44
5090 dxc4 57 1 19
5090 Nf6 6 0 7
5090 c6 3 0 2
5093 e6 3 0 3
5093 Bxb1 3 0 2
5094 dxc4 2 1 2
5091 Qxd5 13 0 7
5091 Bxb1 7 1 5
5092 e6 4 0 5
5092 Bxb1 2 0 5
5096 Nf6 1 0 4
5097 dxc4 22 2 12
5097 Nf6 5 1 3
5097 Bf5 6 0 0
5097 e6 6 0 0
5100 Bg4 2 0 6
5100 Bf5 4 0 2
5100 dxc4 3 0 2
5099 Qxd5 20 0 11
5098 Bf5 10 0 1
5098 e5 5 0 4
5098 Nf6 4 0 2
5098 e6 2 0 4
5098 dxc4 4 0 1
5105 e6 8 1 3
5105 Ne4 5 1 2
5105 dxc4 2 0 3
5101 e6 124 7 63
5101 c6 51 1 32
5101 dxc4 55 0 26
5101 Nc6 18 1 2
5101 Bf5 10 0 11
5101 g6 9 1 11
5101 Bg4 9 0 5
5101 a6 2 0 4
5104 e6 18 0 16
5104 Nc6 10 2 8
5104 c6 4 1 7
5104 dxc4 7 0 5
5104 g6 5 0 4
5104 Bg4 3 0 3
5104 a6 4 0 1
5106 Nc6 4 0 3
5102 Nxd5 76 4 35
5102 Qxd5 11 0 8
5103 e6 24 2 28
5103 c6 5 0 7
5103 Bf5 4 1 5
5103 Bg4 3 0 5
5103 Nc6 3 0 3
5110 Qxd5 10 1 5
5114 cxd4 10 0 4
5114 dxc4 9 0 3
5114 e6 4 0 3
5112 Qxd5 15 1 11
5112 cxd4 13 0 2
5112 c4 4 0 2
5113 Qa5 10 0 2
5113 e6 3 2 5
5113 d4 3 0 5
5113 dxc4 5 0 1
5113 e5 1 1 3
5115 cxd4 4 1 3
5122 Nf6 5 2 5
5117 Nf6 208 20 162
5117 e6 134 7 86
5117 dxc4 43 4 36
5117 Bf5 25 2 20
5117 a6 7 0 5
5117 e5 6 0 4
5117 g6 3 0 5
5118 Nf6 74 4 67
5118 e6 30 3 18
5118 dxc4 13 1 9
5118 Bg4 9 0 8
5118 Bf5 8 0 6
5121 Nf6 4 2 5
5121 Bf5 5 1 4
5121 b6 5 0 3
5121 e5 2 1 2
5120 cxd5 72 7 49
5120 Qxd5 5 2 5
5120 Nf6 3 0 2
5119 Nf6 51 6 45
5119 e6 30 2 28
5119 Bf5 21 0 24
5119 dxc4 5 0 3
5119 g6 3 0 3
5119 Nd7 4 0 1
5123 Nf6 3 1 3
5126 e6 161 5 67
5126 Nf6 121 11 67
5126 Nc6 97 6 28
5126 c6 71 2 36
5126 a6 37 5 39
5126 Bf5 31 0 11
5126 e5 18 2 16
5126 Be6 21 2 4
5126 b5 21 1 4
5126 g6 13 0 6
5126 c5 12 1 5
5126 Bd7 10 0 6
5126 b6 6 0 3
5126 Nd7 3 0 2
5129 Nf6 25 4 12
5129 e6 16 0 14
5129 b5 16 2 10
5129 Bg4 15 1 6
5129 Nc6 16 1 3
5129 Bf5 7 0 7
5129 c6 7 1 4
5129 Be6 5 1 2
5129 a6 3 1 1
5130 Bd7 17 1 25
5130 Nc6 19 3 16
5130 c6 16 0 8
5132 Nf6 4 0 1
5127 b5 159 2 60
5127 Nf6 70 2 35
5127 e6 59 4 41
5127 Be6 30 0 23
5127 Bf5 32 0 16
5127 Nc6 14 2 11
5127 e5 14 2 9
5127 Qd5 16 0 5
5127 c5 7 0 4
5127 c3 8 0 1
5127 c6 6 0 3
5127 g6 5 0 2
5127 a6 6 0 1
5128 e6 81 7 37
5128 b5 58 3 50
5128 e5 32 1 19
5128 Nf6 28 0 19
5128 Nc6 15 1 10
5128 c5 11 0 7
5128 Be6 3 0 3
5128 g6 4 0 2
5128 c6 3 0 2
5128 a6 1 0 4
5134 dxc4 17 0 10
5134 exd4 15 3 6
5134 Nc6 4 0 1
5137 e4 3 1 2
5136 Qxd5 12 1 16
5133 d4 61 4 63
5133 dxc4 8 0 3
5133 Be6 4 0 3
5135 exd4 10 1 12
5135 dxc4 3 1 4
5135 Nc6 3 0 5
5135 e4 1 1 4
5144 Nf6 2 0 6
5138 Nf6 421 30 268
5138 c6 123 7 66
5138 Bb4 97 8 62
5138 dxc4 82 2 48
5138 c5 38 1 32
5138 f5 15 3 19
5138 Be7 9 0 9
5138 Nc6 8 1 4
5138 a6 4 1 3
5138 h6 5 0 1
5138 b6 4 0 1
5139 Nf6 96 9 78
5139 c6 20 1 12
5139 c5 8 2 16
5139 dxc4 17 1 6
5139 Bb4 7 2 5
5139 Nc6 5 0 8
5139 Be7 6 1 1
5139 b6 4 0 1
5139 a6 4 0 1
5139 f5 0 0 5
5142 Nf6 22 1 30
5142 c5 14 1 0
5142 dxc4 4 0 6
5142 c6 4 0 5
5143 b6 10 0 14
5143 Nf6 6 2 10
5143 c6 9 1 3
5143 Nc6 3 0 5
5141 exd5 51 3 51
5141 Qxd5 28 1 11
5141 Nf6 3 0 3
5140 Nf6 89 4 72
5140 c6 19 1 10
5140 c5 15 2 9
5140 dxc4 15 2 5
5140 Bb4 13 0 7
5140 Nc6 6 0 5
5140 f5 2 0 4
5146 dxe4 1 0 4
5145 Nf6 4 0 1
5147 Nf6 5 0 4
5149 Nf6 4 0 4
5149 Bg7 2 0 4
5150 Bg7 4 0 5
5152 Nf6 8 0 5
5153 Nf6 2 1 3
5153 Qxd5 4 0 1
5156 Bxd3 14 0 6
5156 Bg6 3 2 1
5156 e6 0 0 5
5158 e6 4 1 5
5154 e6 17 2 9
5154 Nc6 10 0 14
5154 Nf6 3 0 8
5161 Nc6 5 0 3
5163 e6 2 0 3
5162 Nf6 1 0 4
5155 e6 13 0 14
5155 dxc4 12 1 4
5155 c6 3 0 3
5155 Nf6 3 0 2
5157 e6 6 1 4
5157 Nc6 4 0 4
5159 Bg6 3 0 4
5159 Be4 2 0 3
5160 e6 3 0 2
5169 Bd7 7 0 15
5169 Nf6 1 0 4
5170 Nf6 9 1 2
5170 e5 6 0 5
5170 e6 2 1 2
5171 Nf6 7 1 4
5171 Bf5 0 0 7
5166 Nf6 24 2 13
5166 Bg4 18 0 18
5166 Bf5 14 0 14
5166 f6 11 2 4
5166 e6 4 0 6
5166 e5 2 0 4
5166 a6 2 0 4
5173 e5 6 1 5
5173 Nf6 4 1 1
5173 Bf5 2 0 4
5174 Nf6 3 0 5
5174 e5 3 0 2
5172 e5 4 0 6
5172 Bf5 4 1 3
5172 Nf6 4 1 2
5167 dxc4 27 1 15
5167 e6 9 2 7
5167 e5 6 0 5
5167 Nf6 4 0 3
5167 Bf5 4 0 1
5168 Bf5 14 0 12
5168 Nf6 16 0 9
5168 e6 8 0 6
5168 f6 8 0 5
5168 f5 2 0 4
5175 Nf6 2 1 2
5175 e5 4 0 1
5184 c6 4 0 9
5184 Bd7 3 0 7
5179 e6 18 3 15
5179 Nc6 17 1 10
5179 Bg4 6 0 13
5179 g6 3 2 6
5179 c5 3 1 3
5179 a6 2 0 3
5182 e6 6 0 8
5182 Bf5 3 0 4
5182 Nc6 1 1 4
5182 Bg4 1 0 4
5177 e6 26 4 28
5177 Bg4 21 3 29
5177 Nc6 17 3 8
5177 Bf5 6 0 10
5177 g6 7 0 7
5177 Ne4 4 0 3
5177 c6 2 0 4
5189 Bg4 2 0 3
5188 e6 4 0 2
5181 Bf5 2 0 9
5181 e6 4 0 7
5181 Bg4 5 0 6
5181 Nc6 3 1 6
5178 e6 20 1 17
5178 c6 7 1 19
5178 dxc4 12 0 12
5178 Bf5 4 0 7
5178 Nc6 3 0 7
5178 Bg4 7 0 2
5178 g6 5 0 0
5180 e6 19 0 10
5180 Bf5 5 1 8
5180 Bg4 8 0 5
5180 g6 3 0 4
5180 Nc6 4 0 2
5180 Ne4 1 0 5
5183 Nc6 6 0 7
5183 e6 7 0 2
5183 Bf5 4 0 3
5194 Nf6 2 0 3
5192 Nc6 3 0 3
5192 Bg4 3 0 3
5193 dxc4 6 0 2
5201 Bd7 1 0 5
5196 e6 5 0 7
5196 Nc6 2 0 9
5196 cxd4 3 0 8
5196 c4 3 0 2
5197 Nc6 7 0 8
5197 c4 3 0 5
5197 cxd4 5 1 0
5199 Nf6 2 0 5
5199 e6 1 0 5
5199 cxd4 4 0 2
5198 e5 8 0 6
5198 Nc6 5 0 2
5198 Nf6 3 0 3
5198 Qa5 2 0 3
5200 Nc6 4 0 1
5207 Nf6 11 0 9
5207 e6 2 0 5
5204 Nf6 7 1 9
5204 Bg4 5 1 8
5204 f6 5 0 4
5204 Bf5 4 0 3
5204 e6 3 0 4
5206 e6 7 0 7
5206 Nf6 6 1 7
5206 dxc4 4 0 1
5205 Bf5 6 1 4
5205 Nf6 7 0 1
5205 e6 2 0 4
5205 f6 3 0 3
5215 e4 0 1 5
5214 Nc6 3 0 4
5224 c6 6 0 11
5224 Bd7 1 0 10
5220 Nf6 34 1 20
5220 c5 18 0 9
5220 f5 4 0 6
5220 Bb4 6 0 1
5220 Nc6 4 0 1
5220 a6 4 1 0
5223 Nf6 6 0 5
5223 c5 3 0 6
5218 Nf6 52 4 50
5218 c5 19 1 33
5218 Nc6 12 1 10
5218 f5 10 3 9
5218 Bd6 8 0 2
5218 h6 6 0 3
5218 a6 5 1 2
5218 Bb4 3 0 5
5218 Be7 4 0 3
5218 c6 3 1 2
5218 f6 1 0 4
5225 Nc6 5 0 1
5225 c5 2 0 4
5225 Nf6 3 1 1
5227 Nf6 2 0 3
5222 Nf6 1 1 9
5222 c5 1 1 6
5222 f5 1 0 7
5221 Nf6 25 1 17
5221 c6 11 0 11
5221 dxc4 6 2 10
5221 c5 8 0 3
5221 Bd6 3 0 4
5221 f5 3 0 2
5219 c5 20 0 11
5219 Nf6 13 2 13
5219 f5 12 0 5
5219 a6 7 0 7
5219 Nc6 3 3 6
5219 Bb4 6 1 2
5219 Be7 4 0 5
5219 Bd6 1 0 6
5219 c6 5 0 1
5226 f5 0 0 8
5226 Nf6 1 0 4
5232 e5 4 0 1
5233 Bg7 6 0 5
5235 Bg7 4 0 4
5237 dxe4 7 0 1
5239 Nf6 5 0 2
5239 dxe4 3 1 1
5239 e6 4 0 1
5240 e6 2 0 5
5242 Nf6 56 3 64
5242 f5 15 1 17
5242 Bf5 11 0 15
5242 Nc6 8 0 8
5242 e5 3 0 6
5242 e6 6 0 2
5243 exf3 30 2 14
5243 Nf6 4 0 5
5246 Nf6 5 0 4
5246 dxe4 3 0 4
5246 Bb4 3 0 2
5247 exd5 8 0 3
5247 Qxd5 5 1 4
5249 Bg6 16 1 17
5250 Nc6 5 1 2
5251 Nf6 8 1 6
5251 e5 10 0 5
5251 Bf5 5 0 6
5251 e6 4 0 4
5253 dxe4 7 1 8
5252 Bf5 3 0 8
5252 e6 6 2 1
5252 Nf6 4 0 2
5257 e6 5 0 3
5257 Bf5 3 0 3
5259 dxe4 1 0 4
5256 e6 10 0 3
5256 Nc6 7 0 5
5256 h5 2 0 3
5260 dxe4 4 0 4
5260 cxd4 2 0 5
5260 e6 1 0 4
5261 e6 2 0 3
5264 dxe4 3 1 2
5264 e6 3 0 2
5263 Bf5 3 0 4
5263 Nf6 3 0 4
5270 c5 0 0 6
5270 dxe4 1 0 4
5268 c5 4 0 5
5268 Nf6 5 0 3
5268 Nc6 3 0 3
5268 g6 5 0 1
5269 Nf6 3 0 4
5267 c5 14 1 7
5267 Nf6 7 1 13
5267 f5 6 0 5
5267 Bb4 3 0 3
5267 Nc6 6 0 0
5271 e5 4 0 1
5275 Nf6 4 0 2
5275 e6 3 0 2
5277 Bf5 2 0 5
5282 Nf6 2 0 3
5285 c5 4 0 1
5286 Nf6 2 0 4
5287 e6 12 1 7
5287 Nc6 4 0 4
5289 Nf6 20 1 9
5289 Bf5 7 0 9
5289 e5 1 0 9
5289 e6 6 0 3
5292 e6 11 2 10
5292 g6 5 1 5
5292 Nc6 4 1 4
5292 c6 0 0 6
5294 cxd4 3 0 5
5295 Nf6 3 1 4
5295 Bf5 2 0 3
5296 c5 4 1 13
5296 Nf6 7 0 8
5296 Bd6 1 1 3
5296 Be7 2 1 2
5304 Nf6 1 0 4
5306 e6 3 0 2
5307 Bf5 2 1 2
5309 Nf6 1 2 3
5309 c5 4 0 1
5314 g6 5 0 3
5316 Bg7 4 0 1
5318 Bg7 2 0 4
5320 Bg7 2 1 3
5324 g6 6 0 1
5323 Nbd7 1 0 4
5322 g6 2 1 3
5325 g6 2 0 3
5328 f6 5 0 0
5327 Nc6 4 1 6
5329 Be7 4 0 1
5333 Bg7 4 0 2
5332 Bg7 5 1 2
5334 Bg7 3 0 2
5338 Nbd7 27 2 38
5338 g6 34 3 9
5338 Bg4 6 1 1
5338 e6 7 0 1
5338 Nc6 4 1 1
5338 e5 2 0 3
5339 g6 3 0 7
5339 Nbd7 2 0 4
5340 Nbd7 4 0 1
5348 exd4 5 1 8
5346 f5 5 0 7
5346 c6 3 0 2
5347 dxe5 1 3 7
5347 Nc6 4 1 3
5351 Be7 20 1 5
5351 Nf6 13 0 5
5351 c6 7 1 2
5351 f5 6 0 2
5351 Nd7 1 0 5
5351 b6 3 0 2
5353 c6 1 0 4
5355 e5 2 0 3
5356 Bg7 26 3 32
5357 Bg7 4 1 3
5359 Bg7 3 0 4
5358 Bg7 5 0 6
5362 g6 1 0 6
5363 g6 6 0 4
5368 Be7 2 0 3
5369 Be7 4 0 4
5372 Bg7 1 1 5
5371 Bg7 3 1 6
5373 Ne5 3 0 2
5375 Nbd7 7 0 4
5374 Nbd7 7 0 7
5374 g6 8 0 6
5374 Bg4 4 0 2
5377 Nf6 5 0 4
5376 dxe5 10 0 1
5379 Be7 2 1 3
5378 Nf6 2 0 3
5386 Bg7 4 0 1
5385 Bg7 3 0 2
5387 g6 3 0 3
5389 Bg7 1 0 4
5392 Nc6 2 0 4
5393 d5 6 0 1
5396 Bc5 5 0 1
5396 Nf6 4 0 1
5397 Nf6 2 0 3
5398 f5 3 0 2
5399 Nc6 21 1 13
5399 Nf6 5 0 5
5402 d6 3 0 3
5401 d6 1 0 9
5403 Bc5 3 0 6
5408 Nf6 5 0 2
5407 Nf6 5 1 10
5407 c6 5 0 1
5407 f5 3 0 3
5411 d6 4 1 3
5411 Nc6 4 0 2
5415 Qe7 2 0 5
5413 Qe7 26 1 35
5413 d6 10 0 8
5413 f6 7 0 7
5413 Bc5 5 0 8
5413 d5 10 0 1
5417 Nxe5 2 1 2
5414 d6 11 0 9
5414 Bc5 4 0 5
5414 f6 6 0 2
5414 Qh4 1 0 4
5414 d5 3 0 2
5418 Nc6 12 1 14
5420 Bxd6 8 2 8
5421 Bxd6 34 2 26
5421 Qxd6 10 0 4
5421 cxd6 4 0 2
5423 Nxf6 26 2 19
5425 Nc6 7 0 6
5425 d5 3 0 4
5424 d5 5 1 7
5424 Qe7 2 1 3
5424 Nf6 3 0 3
5426 Nc6 1 0 4
5427 Nc6 5 1 12
5428 Ba5 3 0 2
5431 d5 6 0 1
5435 Bb7 4 0 5
5436 Bb7 3 1 2
5439 Rxb8 6 0 1
5438 exd5 3 0 4
5440 Bxc5 0 0 5
5437 cxd4 2 1 3
5441 Nf6 7 1 15
5441 Bd6 7 2 8
5441 c5 4 0 4
5441 Nc6 3 0 2
5444 Nf6 3 1 2
5443 Nc6 5 0 1
5442 Bd6 4 0 10
5442 c5 4 0 5
5442 Nf6 4 0 4
5445 Be7 1 0 4
5446 Nd7 2 1 2
5452 Qd8 2 0 9
5453 Kxd8 8 1 4
5454 g6 5 0 0
5456 Bxc5 1 0 4
5455 cxd4 8 0 0
5458 Nf6 2 1 2
5457 Nf6 6 0 0
5460 dxe4 4 0 1
5467 Ng6 6 0 8
5468 g6 3 0 6
5473 Be7 7 0 3
5476 Nc6 1 0 4
5475 d5 3 0 4
5474 d5 4 0 3
5474 Be7 4 0 1
5479 Qb4 7 0 2
5483 Bb7 5 0 4
5486 Bb7 5 0 2
5482 Bb7 5 0 3
5481 Bb7 6 0 5
5484 Bb7 4 0 3
5490 f6 4 0 2
5489 cxd4 7 1 1
5491 cxd4 2 0 4
5488 Bxc5 7 0 7
5487 cxd4 6 0 4
5492 cxd4 3 0 2
5494 d5 6 0 0
5497 Nf6 17 2 15
5497 c5 10 1 9
5497 Bd6 5 0 6
5496 Nf6 16 1 15
5496 Be7 17 0 8
5496 f6 10 1 2
5500 Nf6 7 0 2
5500 c5 3 0 3
5499 Nf6 10 1 11
5499 c5 5 0 6
5499 c6 4 0 1
5499 dxc4 3 0 2
5495 Nf6 28 1 30
5495 c5 18 1 9
5495 Bd6 3 0 3
5495 c6 4 0 1
5495 a6 2 1 2
5498 Nf6 10 0 12
5498 c5 10 1 4
5502 Nf6 1 0 4
5502 Nd7 4 0 1
5503 c6 6 0 0
5503 Bd7 3 0 2
5510 Nf6 1 1 3
5509 Nf6 5 0 4
5512 Nf6 10 0 0
5513 Nc6 5 0 2
5513 d5 6 0 1
5517 Bb7 9 0 2
5518 Bb7 3 0 3
5520 Bxc5 9 1 3
5519 cxd4 10 0 4
5519 Nc6 4 0 1
5521 Nf6 9 0 5
5521 Nc6 12 0 1
5521 c5 9 1 2
5521 b6 4 0 1
5524 Nf6 3 0 3
5522 dxc4 3 1 2
5522 c5 3 0 2
5523 c5 1 1 3
5523 Nf6 2 0 3
5528 Nf6 2 0 3
5531 Nf6 3 1 5
5532 c5 4 1 2
5532 Nf6 4 0 1
5533 Nf6 2 0 5
5536 Bxd2 10 2 11
5536 a5 2 0 3
5537 Nf6 11 0 3
5537 Bxc3 6 1 4
5538 Nf6 7 0 6
5538 a6 0 0 5
5538 f5 4 0 1
5539 Nf6 4 0 1
5542 Nf6 5 0 0
5544 g6 16 2 28
5544 Ng6 20 1 19
5544 c6 2 1 7
5544 d5 6 0 3
5544 a6 3 0 2
5545 g6 0 0 5
5550 Be7 3 0 2
5547 Bb4 29 1 23
5547 d5 21 2 7
5547 Be7 14 1 2
5547 c5 4 1 7
5547 g6 3 0 2
5547 c6 4 0 1
5548 d5 5 0 6
5548 Bb4 3 1 6
5549 c5 1 0 4
5549 d5 1 0 4
5553 g6 20 0 7
5557 Bb7 32 2 27
5559 Bb7 3 0 5
5560 Bb7 4 0 4
5558 Bb7 6 1 3
5565 cxd4 16 1 6
5564 cxd4 12 1 9
5564 Nc6 3 0 4
5562 exd5 27 2 13
5562 d6 16 3 13
5562 Nf6 9 0 6
5562 e5 2 0 4
5566 Bxc5 3 0 5
5563 cxd4 18 2 11
5563 Nf6 7 0 4
5563 d5 5 0 6
5563 Nc6 6 0 3
5567 d5 19 2 11
5567 Bb4 4 0 2
5569 d5 2 1 4
5570 Nf6 149 13 133
5570 dxc4 95 2 44
5570 c6 25 1 17
5570 c5 24 0 12
5570 Bb4 18 0 5
5570 a6 5 0 3
5570 Be7 3 0 2
5570 f5 3 2 0
5571 Nf6 23 3 20
5571 dxc4 12 1 10
5571 c6 3 0 5
5571 c5 5 0 3
5575 dxc4 3 0 2
5574 b6 18 2 6
5574 Nf6 7 1 8
5574 c6 4 1 7
5573 exd5 24 3 24
5573 Qxd5 11 0 6
5572 Nf6 16 1 12
5572 dxc4 12 0 12
5572 c5 8 0 8
5572 c6 4 0 4
5577 Bd7 20 0 20
5577 c6 21 1 12
5577 Nf6 16 0 7
5577 b6 9 1 8
5577 Nd7 9 1 5
5577 g6 9 0 3
5577 Be7 7 0 4
5577 a6 4 0 2
5577 f6 5 0 0
5578 Bd7 7 0 4
5578 c6 6 0 4
5580 g6 2 0 3
5579 c6 4 0 5
5579 Bd7 2 0 5
5579 b6 2 0 3
5581 Nf6 21 2 18
5582 Nf6 5 3 5
5583 Nf6 2 1 2
5585 Bg7 12 0 6
5586 Bg7 3 1 1
5587 Nf6 3 0 3
5588 Bxe6 2 0 4
5590 Nf6 10 0 16
5590 Qf6 4 0 2
5591 Ba5 7 0 2
5593 g6 2 1 9
5593 Ng6 1 0 4
5597 d5 6 0 2
5600 g6 1 0 5
5601 Bb7 6 0 5
5602 Bb7 7 0 4
5603 cxd4 5 0 5
5607 cxd4 1 0 5
5604 cxd4 4 0 6
5606 cxd4 3 0 2
5605 Bxc5 3 1 5
5608 cxd4 4 0 1
5610 d5 3 1 5
5614 c5 7 0 8
5614 Nf6 5 1 7
5614 Nc6 2 0 4
5611 Nf6 15 3 36
5611 c5 16 0 16
5611 Nc6 10 1 4
5611 Bd6 5 0 2
5611 c6 2 0 4
5611 g6 2 1 2
5615 c5 1 0 6
5615 Nf6 1 0 6
5612 Nf6 3 0 12
5612 dxc4 6 0 1
5612 c5 5 0 2
5612 c6 2 1 3
5612 f5 3 1 2
5613 Nf6 3 0 9
5613 c5 6 1 4
5613 Nc6 2 0 4
5613 f5 4 0 1
5616 Nf6 5 2 2
5621 Bd7 2 1 2
5623 b6 3 1 2
5622 b6 5 0 1
5626 Nf6 4 0 5
5627 Bg7 0 1 6
5629 Bxd2 3 0 2
5628 Ba5 6 0 0
5630 d5 3 0 2
5632 Ng6 2 0 4
5635 Nd5 15 1 8
5635 Ng8 4 0 2
5638 g6 2 0 3
5639 Qf5 6 0 1
5641 Bb4 7 0 6
5645 Bb7 2 1 2
5643 Bb7 3 2 4
5646 Bb7 2 0 3
5644 Bb7 2 0 6
5649 cxd4 4 0 9
5647 cxd4 8 3 18
5647 d5 2 2 3
5647 Nf6 5 0 2
5648 d6 5 1 8
5648 exd5 6 0 7
5648 e5 0 0 5
5650 Bxc5 3 0 8
5657 dxe4 7 0 3
5657 Nf6 4 0 4
5657 Bb4 2 0 4
5657 c6 3 0 2
5655 c5 33 0 58
5655 Nc6 21 0 17
5655 f6 17 1 12
5655 Bb4 8 0 2
5655 Ne7 4 1 4
5655 c6 3 0 5
5655 b6 3 1 3
5655 a6 1 0 4
5656 exd5 22 2 24
5656 Qxd5 11 0 4
5659 g6 5 0 1
5659 c6 3 1 1
5666 d5 2 0 4
5668 Bb7 2 0 7
5669 cxd4 3 0 2
5672 dxe4 5 1 4
5671 Nf6 3 0 4
5671 Nc6 3 0 2
5670 c5 4 1 4
5670 g6 2 0 4
5670 Nf6 2 0 4
5674 c6 3 0 2
5674 Bd7 3 0 2
5675 Nf6 5 1 4
5675 f5 3 1 3
5675 c5 3 0 2
5677 d5 4 0 2
5679 cxd4 5 0 3
5680 Bxc5 2 0 4
5681 Nf6 8 0 8
5681 c5 5 0 6
5681 Nc6 3 0 3
5681 b6 3 0 2
5687 d5 3 0 2
5686 e6 5 2 3
5689 d5 5 0 1
5690 g6 0 0 5
5696 e6 4 0 2
5695 e6 2 0 3
5693 e6 6 0 1
5692 e6 3 0 5
5694 e6 6 1 2
5698 e6 41 3 45
5698 g6 17 1 12
5698 d6 3 1 7
5698 c6 3 0 3
5699 e6 3 0 5
5700 e6 6 0 2
5702 Qxd5 4 0 1
5704 Nf6 10 2 7
5704 c6 4 0 2
5705 Nf6 4 0 2
5706 Nf6 3 0 2
5707 Bg7 6 0 2
5709 e6 2 0 6
5710 e6 5 0 1
5714 Nf6 2 0 5
5715 e6 4 0 4
5715 g6 3 1 1
5719 f6 5 0 0
5716 e6 3 0 4
5716 d6 2 0 3
5723 e6 20 0 3
5723 d6 8 0 4
5723 Nf6 8 0 1
5728 d6 8 1 1
5728 e6 4 0 4
5729 e6 3 0 4
5731 d6 3 0 3
5726 d6 9 1 3
5726 Nf6 4 1 5
5726 e6 7 1 2
5726 d5 1 1 4
5726 b6 4 0 1
5727 d6 4 1 5
5727 b6 2 0 5
5736 c5 1 0 4
5739 d6 43 2 21
5739 e6 38 2 20
5739 c5 16 0 19
5739 Nf6 21 1 10
5739 b6 12 1 14
5739 c6 15 1 9
5739 Nc6 6 0 4
5739 f5 4 0 2
5740 d6 12 1 12
5740 Nf6 7 0 4
5740 e6 3 1 7
5740 b6 3 0 5
5741 d6 4 0 10
5741 e6 8 0 3
5741 b6 7 0 2
5741 Nf6 1 0 4
5742 d6 8 0 8
5742 Nc6 6 1 1
5742 e6 3 0 2
5745 Bg7 4 0 4
5755 e6 2 0 3
5747 Nf6 7 1 5
5747 d6 3 0 8
5747 e6 6 0 5
5747 b6 5 0 4
5750 d6 2 1 2
5748 e6 4 0 4
5748 d6 3 0 2
5748 b6 3 0 2
5749 e6 2 2 2
5749 b6 1 0 5
5758 d6 13 1 6
5758 b6 3 0 5
5758 e6 2 0 5
5761 e6 4 0 3
5759 d6 3 0 4
5757 e6 15 2 9
5757 d6 9 1 15
5757 b6 5 0 6
5757 d5 4 1 4
5760 e6 5 0 0
5760 d6 1 0 4
5767 e6 7 1 9
5767 b6 2 1 6
5767 d6 2 0 6
5768 e6 5 0 0
5771 c6 1 0 4
5771 d6 2 1 2
5771 d5 0 0 5
5773 Nc6 1 0 6
5776 Bg7 2 0 3
5780 Nc6 3 1 3
5781 Bb7 2 0 4
5789 g6 2 0 4
5794 Nc6 0 0 6
5802 Nc6 3 0 5
5801 d5 10 0 18
5801 g6 3 0 4
5804 Bg7 7 0 8
5807 Nc6 2 0 3
5810 Nf6 1 0 4
5810 Bf5 3 0 2
5812 Bf5 3 0 2
5818 Nc6 2 0 3
5820 Nf6 2 0 8
5823 e6 1 0 6
5824 Nc6 2 1 4
5826 Nc6 5 0 8
5826 e4 5 0 1
5830 exd5 2 0 3
5833 c5 2 0 4
5847 Nf6 4 0 1
5851 Bxd3 2 0 3
5850 Be4 6 1 6
5850 Nc6 3 0 2
5854 Nf6 7 0 11
5854 e4 8 1 5
5854 c6 3 1 8
5854 Be6 0 0 5
5856 Nf6 6 0 1
5857 g6 2 0 4
5858 Be7 9 1 4
5858 b6 7 0 4
5861 Nbd7 1 1 3
5863 g6 3 0 2
5865 Nf6 1 1 8
5865 c5 2 0 6
5866 Bd7 0 1 4
5869 Bxg4 6 0 5
5869 Nf6 1 1 6
5869 f5 2 0 4
5870 e4 3 0 3
5871 e4 2 0 3
5875 c6 0 0 5
5874 e4 1 0 5
5879 exd4 6 0 8
5879 e4 4 0 8
5883 e4 1 0 5
5885 d5 3 1 8
5885 c5 3 0 3
5886 d5 7 0 3
5889 c5 3 0 9
5889 Nf6 1 0 6
5894 c6 0 0 5
5897 Nf6 2 0 7
5898 g6 3 0 4
5898 d5 3 0 2
5899 Be7 3 0 6
5901 g6 2 0 4
5902 d6 4 0 2
5903 Bc5 5 0 8
5903 d5 6 0 6
5903 d6 6 0 4
5903 Nf6 3 0 4
5904 Nc6 1 0 11
5905 Nc6 21 1 21
5905 Bd6 11 0 15
5905 d4 4 0 6
5905 e4 2 1 4
5906 Nc6 4 0 4
5908 Nc6 4 0 3
5909 d5 5 0 7
5913 e4 14 0 10
5913 exd4 4 0 3
5916 Bc5 4 0 2
5917 d5 1 1 3
5922 d4 3 0 3
5918 c5 5 1 2
5918 Nf6 2 0 5
5918 Nc6 4 0 1
5918 Bd6 3 0 2
5919 Nf6 4 0 7
5919 c5 2 0 3
5921 c5 1 0 4
5921 Nf6 1 0 4
5920 Nc6 3 0 2
5920 Be6 4 0 1
5931 Nce7 4 0 1
5930 Nxe5 8 0 3
5932 Nc6 0 0 5
5933 dxe5 5 0 2
5935 d5 5 0 15
5934 Nf6 10 1 12
5934 d6 12 0 8
5936 d5 5 1 2
5939 Nc6 11 2 23
5939 d5 5 0 4
5938 d5 14 1 14
5938 Nf6 9 2 9
5938 Nc6 5 1 5
5938 Qe7 4 0 5
5942 Nf6 3 0 2
5944 Nf6 3 0 3
5945 d5 1 0 5
5947 Nf6 14 3 17
5947 e4 15 0 8
5947 c6 3 0 9
5947 Be6 1 0 4
5949 d5 3 0 3
5951 d5 3 0 2
5953 Nf6 2 1 9
5956 Nf6 4 0 3
5961 Nf6 1 0 5
5959 Nf6 1 0 5
5967 Nf6 2 0 3
5966 Nf6 1 0 6
5965 Nf6 2 0 5
5965 c6 4 0 1
5964 Nf6 4 1 4
5964 c5 5 1 1
5973 c5 6 0 4
5973 Nf6 3 0 6
5973 Nc6 2 0 4
5983 dxc6 6 0 0
5984 dxc6 3 1 3
5987 e6 2 0 4
5986 e6 2 0 5
5991 Kxf7 4 0 1
5989 Nf6 4 0 1
5990 Nf6 5 0 3
5994 d5 4 1 4
5997 e5 3 0 2
5998 Nf6 1 0 9
5998 Bb4 4 1 2
5998 d6 2 1 2
6000 e5 9 0 8
6000 d5 2 0 6
6001 Nd5 7 0 3
6001 Ng4 2 0 5
6005 Bg4 5 1 6
6004 Qxd5 30 2 22
6009 Bg4 2 0 4
6008 Bg4 3 0 2
6012 a6 10 2 12
6012 d6 9 0 2
6012 Qf6 9 1 1
6012 Nf6 6 0 5
6012 Nd4 5 0 2
6011 Bc5 16 0 14
6011 Nf6 16 1 10
6011 h6 7 0 5
6011 f6 5 0 2
6011 Be7 2 0 4
6014 Nf6 13 0 10
6014 Bb4 4 0 1
6015 Nf6 3 0 5
6015 d5 4 0 2
6013 exd4 15 1 19
6013 d6 3 0 2
6019 d5 3 1 5
6025 d5 2 0 3
6024 Nd5 8 0 6
6024 Ne4 7 0 0
6029 dxe4 8 0 5
6027 Bf5 30 3 32
6027 e6 10 0 7
6027 f6 10 0 6
6027 g6 8 1 4
6027 Nh6 1 0 6
6028 Qxd5 25 4 20
6030 Ne5 4 0 2
6032 exd4 7 2 2
6031 Nce7 37 0 43
6031 Nd4 15 0 3
6033 Nxe5 6 0 3
6034 Nf6 4 0 2
6035 exd5 9 0 3
6040 Bf5 3 0 2
6039 Qxd5 3 1 6
6042 exf4 10 0 5
6047 e5 5 0 4
6055 dxe4 3 0 2
6053 Ne4 30 0 26
6053 Nfd7 8 2 23
6053 d4 7 1 19
6053 Ng4 4 0 3
6052 Nxd5 73 9 70
6058 g6 2 0 3
6056 g6 3 1 7
6056 Nc6 2 0 3
6060 Bc5 4 0 2
6060 Bb4 6 0 0
6060 Nxe4 0 0 5
6059 Nc6 26 1 27
6059 d6 10 1 2
6059 Bb4 3 0 5
6059 Bc5 3 0 2
6059 Bd6 4 1 0
6062 d5 3 0 2
6063 exd4 5 0 7
6061 d5 7 0 4
6061 exf4 3 0 2
6064 d5 6 0 6
6068 Nf6 1 0 6
6067 d5 3 0 2
6065 Nf6 1 0 9
6066 d5 4 0 4
6071 Nc6 1 0 5
6076 dxe4 2 0 4
6077 dxe4 1 0 5
6073 Nfd7 8 0 19
6073 Ng4 6 0 2
6074 Nxd5 6 1 13
6081 Be7 3 0 4
6080 Nc6 2 0 8
6080 d6 4 0 1
6084 Nf6 2 0 3
6087 Nb6 30 1 27
6087 e6 12 0 11
6087 c6 3 0 2
6089 Nxc3 7 0 3
6089 e6 3 0 2
6088 d6 14 1 19
6088 Nb6 2 0 3
6088 Nc6 3 0 2
6086 Nb6 123 10 135
6086 Nb4 6 1 6
6086 Nf4 11 0 0
6085 d6 96 8 121
6085 Nb6 19 2 33
6085 e6 9 1 15
6085 Nc6 12 0 6
6085 c6 8 0 2
6085 g6 3 0 3
6085 f6 5 0 0
6091 Nc5 7 1 4
6091 Nxf2 8 0 2
6092 Nc5 4 0 1
6094 d6 3 0 4
6094 e6 5 0 1
6095 g6 5 0 0
6097 Bb7 9 0 5
6098 c6 2 1 3
6099 Bb7 0 0 6
6100 Bb7 3 0 2
6104 Bb7 6 0 0
6103 Bb7 5 0 2
6102 Bb7 25 4 30
6106 c6 4 2 1
6105 c6 2 0 7
6107 e6 5 0 1
6108 Bb7 3 0 3
6112 Bb7 11 0 9
6115 Bb7 1 0 4
6109 Bb7 36 1 19
6114 Bb7 0 1 6
6111 Bb7 11 1 11
6117 Bb7 4 0 1
6110 Bb7 6 2 15
6116 Bb7 2 0 3
6113 Bb7 3 0 7
6118 c6 1 1 3
6119 Bb7 7 1 9
6122 Bxd5 16 2 7
6122 c6 15 0 5
6125 Kxf7 7 2 7
6123 e6 9 0 10
6123 g6 5 0 5
6126 e6 4 0 3
6121 e6 24 1 20
6124 e6 7 0 7
6124 g6 3 1 4
6120 e6 27 4 28
6120 g6 8 0 8
6120 d5 3 1 2
6132 e6 4 0 2
6130 e6 6 0 7
6130 g6 6 1 0
6131 e6 0 0 7
6129 g6 13 0 5
6129 e6 5 2 6
6135 Nxa6 6 1 3
6138 Bxe4 22 0 16
6138 e6 11 0 19
6138 g6 14 0 8
6138 c5 3 0 4
6140 e6 5 0 8
6140 g6 5 0 6
6136 e6 71 10 77
6136 g6 63 1 46
6136 c5 7 2 20
6136 d6 6 0 10
6136 Nf6 7 0 8
6136 Nc6 7 1 3
6136 d5 5 0 1
6142 g6 5 0 2
6137 e6 11 2 32
6137 g6 21 1 17
6137 c5 2 0 5
6137 d5 5 0 1
6139 Bxe4 15 0 13
6139 e6 6 0 12
6139 g6 5 0 6
6141 g6 3 0 4
6141 e6 3 0 3
6146 e6 13 0 14
6148 e6 4 0 4
6148 g6 5 0 0
6149 e6 5 1 3
6151 g6 12 0 4
6150 e6 5 0 7
6150 g6 2 0 5
6152 e6 7 0 4
6153 e6 2 0 3
6157 Nxa6 8 1 2
6160 e6 56 8 56
6160 g6 43 2 21
6160 d6 7 0 9
6160 Nf6 9 1 2
6160 d5 7 0 5
6160 f5 5 0 1
6160 c5 3 0 2
6159 e6 62 4 61
6159 g6 41 1 32
6159 d6 8 0 6
6159 d5 9 0 2
6159 Nf6 3 0 3
6166 e6 3 0 2
6165 Bxe4 4 1 2
6164 Bxe4 3 0 2
6164 g6 3 0 2
6161 e6 30 3 33
6161 g6 24 1 26
6161 c6 20 1 8
6161 Nf6 8 0 12
6161 d6 6 1 3
6163 e6 5 0 3
6163 g6 1 0 5
6162 e6 21 2 16
6162 g6 12 0 1
6168 e6 5 0 4
6168 d6 0 0 7
6169 e6 4 1 10
6169 g6 2 0 3
6170 e6 4 1 4
6170 g6 2 1 4
6173 e6 15 0 19
6173 g6 5 0 7
6172 e6 11 0 25
6172 g6 3 0 6
6174 e6 5 1 9
6176 g6 5 0 2
6176 e6 4 0 2
6178 b5 2 0 7
6177 e6 0 0 5
6177 b5 3 0 2
6186 Kxf7 12 0 15
6181 e6 23 0 23
6181 Nf6 15 1 4
6181 d6 7 0 10
6181 a6 7 0 4
6181 g6 2 1 5
6181 e5 4 0 1
6179 e6 42 5 73
6179 d6 27 2 31
6179 g6 9 2 22
6179 Nf6 11 0 13
6179 a6 7 0 11
6179 h6 9 1 8
6179 e5 8 2 7
6183 e6 21 1 30
6183 Nf6 4 1 14
6183 Ne5 6 0 9
6182 e6 28 6 36
6182 g6 3 0 8
6185 e6 6 2 18
6185 g6 4 0 4
6185 Nf6 1 2 4
6185 a6 5 0 2
6180 e6 26 3 27
6180 Nf6 11 2 25
6180 d6 10 0 9
6180 e5 8 0 6
6180 g6 4 0 10
6180 a6 5 0 3
6184 e6 16 0 13
6184 d6 11 0 8
6184 Nf6 6 0 7
6184 e5 5 1 3
6184 g6 3 0 5
6187 e6 4 0 4
6190 d5 2 0 5
6191 d5 1 0 4
6191 Ne4 4 0 1
6194 e6 2 1 5
6196 e6 2 0 7
6195 e6 4 1 4
6207 Kxf7 2 0 4
6200 Nc6 12 2 14
6200 e6 5 1 10
6200 Nf6 1 1 11
6198 Nc6 20 2 19
6198 Nf6 13 2 18
6198 e6 6 1 14
6198 h6 6 0 4
6198 Bg4 4 0 4
6198 a6 2 0 4
6199 e6 11 0 24
6199 Nf6 16 0 15
6199 Nc6 5 0 4
6202 g6 11 0 5
6202 e6 4 1 10
6206 Nf6 1 0 4
6206 a6 5 0 0
6204 Nf6 5 1 1
6204 Nc6 1 0 6
6204 e6 1 1 4
6201 Nc6 6 0 10
6201 Nf6 9 0 3
6201 e6 2 0 7
6205 cxd4 5 1 10
6203 Nf6 4 0 6
6203 Nc6 3 1 5
6203 e6 3 1 3
6219 Nc6 5 1 3
6211 Nc6 35 2 55
6211 a6 31 2 31
6211 Nf6 5 0 11
6211 d6 5 1 5
6211 Be7 3 0 4
6211 d5 4 0 1
6210 Nc6 39 2 55
6210 d5 32 1 34
6210 a6 21 4 39
6210 Nf6 10 1 11
6210 d6 8 1 4
6210 h6 2 0 4
6210 Qc7 2 0 3
6220 d5 3 0 3
6217 Nc6 8 0 8
6217 a6 7 0 8
6214 Nc6 8 0 11
6214 a6 4 1 6
6214 Nf6 1 0 5
6222 Nf6 2 0 7
6215 a6 8 0 8
6215 d5 8 1 5
6215 Nc6 2 0 8
6218 a6 2 3 10
6218 Nc6 5 0 5
6218 d5 4 0 2
6212 a6 8 1 16
6212 Nc6 3 1 20
6212 d5 12 1 11
6212 Nf6 4 0 3
6213 cxd4 13 0 28
6213 d5 2 1 6
6216 Nc6 8 1 10
6216 a6 4 0 4
6216 d5 2 1 4
6227 Bg7 3 0 3
6226 e6 4 0 5
6232 e6 4 0 8
6232 a6 7 0 4
6232 d6 1 0 4
6232 Nd4 2 0 3
6233 e6 10 0 6
6233 Nf6 4 1 3
6233 d6 3 0 3
6233 g6 0 0 5
6229 e6 25 2 21
6229 d6 19 3 16
6229 g6 11 1 17
6229 e5 8 1 9
6229 Nf6 2 0 3
6234 e6 4 0 8
6234 d6 1 0 4
6230 g6 15 1 10
6230 e6 12 0 9
6230 d6 7 0 4
6230 e5 3 0 7
6231 g6 6 1 8
6231 d6 5 3 3
6231 Nf6 7 0 2
6231 e6 1 0 6
6237 Nc6 4 0 2
6243 Bd7 4 0 6
6243 Nc6 4 0 4
6240 e6 4 0 10
6240 Nf6 8 0 3
6240 Nc6 5 0 4
6240 a6 2 0 3
6238 Nf6 11 0 18
6238 Nc6 9 0 18
6238 a6 7 2 8
6238 e6 2 1 10
6238 g6 4 1 1
6244 Nf6 0 0 5
6242 Nc6 3 0 6
6242 Nf6 4 0 2
6245 cxd4 1 0 6
6239 Nf6 15 0 5
6239 Nc6 14 0 4
6239 g6 5 0 1
6241 Nf6 8 0 1
6247 Nc6 4 0 2
6255 a6 2 0 3
6251 a6 4 1 8
6251 Nc6 4 0 1
6248 d5 17 3 8
6248 Nc6 12 0 14
6248 a6 9 4 5
6252 d5 3 0 2
6253 cxd4 2 1 5
6249 d5 8 1 0
6249 Nc6 6 0 2
6250 d5 3 0 5
6250 Nc6 4 0 3
6250 a6 4 0 1
6258 Bg7 5 0 2
6256 Bg7 9 0 14
6257 Bg7 7 0 5
6259 e6 4 1 4
6259 e5 1 2 2
6261 Nf6 3 0 3
6266 d6 47 11 55
6266 a6 46 5 53
6266 g6 39 3 56
6266 e6 53 2 40
6266 Nf6 24 0 7
6266 Nd4 14 2 13
6266 Qc7 8 1 17
6266 Qb6 8 0 6
6266 e5 7 1 3
6266 d5 4 0 1
6265 e6 173 13 218
6265 d6 50 4 66
6265 g6 30 2 42
6265 e5 20 0 26
6265 Nf6 24 1 16
6265 a6 13 0 13
6265 h6 8 1 12
6273 e6 2 0 3
6267 e6 56 5 51
6267 d6 41 7 51
6267 g6 20 1 39
6267 e5 19 3 35
6267 Nf6 11 1 12
6267 a6 6 1 9
6267 b6 4 0 1
6272 d6 4 0 4
6268 d6 19 4 32
6268 e5 23 0 27
6268 e6 23 2 23
6268 d5 16 2 21
6268 Nf6 13 1 15
6268 g6 16 0 13
6268 a6 1 0 9
6270 e6 12 0 7
6270 d6 5 0 12
6270 e5 9 0 8
6270 g6 2 0 3
6269 d6 8 0 11
6269 e6 4 0 11
6269 e5 3 0 8
6269 g6 3 0 8
6264 cxd4 642 43 658
6264 e6 38 0 11
6264 d6 21 1 5
6264 d5 6 0 12
6264 b6 9 0 2
6264 Nxd4 7 0 2
6264 e5 3 1 2
6264 g6 4 0 2
6264 Nf6 4 1 0
6271 d5 2 0 6
6271 d6 2 0 6
6275 e6 2 0 3
6277 d5 9 0 2
6277 d6 4 0 3
6278 Nd5 2 1 5
6281 e6 2 1 9
6281 Nc6 4 0 6
6281 d6 2 0 3
6282 Nc6 5 0 9
6282 d6 2 0 3
6283 Nc6 4 0 3
6280 cxd4 26 3 22
6280 e6 5 0 0
6286 Nc6 7 0 11
6286 Bb7 5 2 6
6287 Bb7 3 0 3
6285 cxd4 30 1 16
6285 Bb7 4 1 1
6292 dxe4 1 0 4
6291 Nc6 3 0 2
6290 Qxd5 14 1 8
6290 e6 3 0 2
6297 Bd7 77 15 85
6297 Nc6 29 3 42
6297 Nd7 6 2 12
6295 Nc6 93 9 108
6295 e6 67 7 126
6295 Nf6 74 4 95
6295 a6 10 1 17
6295 h6 17 1 8
6295 g6 5 0 8
6295 e5 10 0 2
6295 Bg4 5 2 2
6301 Nf6 2 2 10
6301 Nc6 1 0 6
6296 Nc6 52 3 79
6296 Nf6 50 6 71
6296 a6 16 0 27
6296 e6 11 1 19
6296 e5 8 0 13
6296 g6 4 0 13
6296 Bg4 1 3 3
6296 h6 3 0 2
6303 Nc6 3 1 5
6303 Nf6 1 2 4
6298 Nf6 42 1 47
6298 Nc6 43 4 30
6298 e6 4 0 12
6298 e5 7 0 3
6298 a6 8 0 2
6298 g6 6 0 2
6299 Nc6 9 0 9
6299 Nf6 8 0 9
6300 Nc6 9 0 14
6300 Nf6 4 0 4
6300 g6 2 0 3
6294 cxd4 611 41 628
6294 Nc6 18 0 4
6294 Nf6 11 1 7
6294 b6 10 0 6
6294 g6 6 1 3
6294 a6 4 0 5
6294 Bg4 4 0 4
6294 h6 6 0 0
6304 d5 3 0 4
6305 Nc6 5 1 2
6302 Nc6 3 0 6
6302 Nf6 0 1 6
6318 a6 8 1 11
6311 Nc6 35 3 52
6311 a6 19 2 42
6311 d5 24 1 15
6311 Nf6 11 1 9
6311 d6 5 1 3
6311 Qc7 3 0 2
6317 Nc6 4 0 8
6317 d5 6 0 3
6310 a6 30 3 52
6310 Nc6 31 1 39
6310 d5 24 1 22
6310 Nf6 6 2 3
6310 d6 4 0 6
6320 d5 4 0 2
6320 Nc6 4 0 1
6316 d5 8 1 5
6316 Nc6 2 0 4
6312 d5 26 0 22
6312 Nc6 11 1 21
6312 Nf6 5 1 8
6312 a6 9 0 5
6313 Nc6 7 0 12
6313 d5 7 0 3
6313 a6 2 1 3
6314 Nc6 11 0 8
6314 d5 10 1 6
6314 a6 3 0 2
6309 cxd4 304 20 317
6309 d5 70 4 70
6309 Nf6 11 0 6
6309 Nc6 11 0 6
6309 b6 5 1 10
6309 d6 5 0 2
6309 a6 2 0 3
6315 Nc6 5 1 8
6315 d5 3 0 4
6319 d5 3 0 2
6319 Nc6 5 0 0
6322 Bg7 24 3 28
6322 e6 5 0 6
6322 Nc6 3 0 2
6324 Bg7 21 0 22
6324 Nc6 3 0 2
6323 Bg7 28 1 23
6326 Bg7 3 0 2
6325 Bg7 3 0 2
6321 cxd4 80 0 87
6321 Bg7 11 0 12
6321 b6 3 0 3
6329 e6 3 2 17
6329 Ne5 3 0 8
6329 Nf6 1 0 5
6330 Nf6 4 0 3
6330 d6 2 0 4
6330 e6 2 0 3
6331 e6 2 0 6
6331 Nf6 3 0 4
6334 Nxe4 3 0 14
6336 e6 4 0 2
6337 e6 6 1 19
6337 g6 6 0 8
6340 Nf6 3 0 9
6338 Nf6 3 0 13
6341 Nf6 2 0 9
6339 Nc6 1 0 9
6343 e6 6 0 13
6343 e5 6 1 5
6343 d6 6 0 4
6343 Nf6 3 0 3
6343 d5 2 0 3
6344 Qxd5 0 1 4
6345 e5 5 0 2
6345 Nc6 4 1 1
6345 Nf6 0 0 5
6346 d6 1 1 5
6346 Nc6 4 0 1
6347 d5 4 0 4
6348 bxa3 3 0 7
6350 e5 4 0 3
6350 d6 3 0 3
6350 e6 2 0 3
6349 cxd4 48 2 34
6349 e6 5 2 2
6349 b6 1 0 4
6354 Nd5 7 1 13
6357 e6 3 0 5
6357 d4 0 0 5
6356 Qxd5 16 1 16
6359 Nc6 0 0 6
6358 cxd4 35 0 36
6362 d6 1 0 5
6361 cxd4 3 0 10
6363 cxd4 9 2 13
6363 d5 8 0 14
6365 cxd4 7 0 5
6369 a6 2 0 4
6366 d6 17 0 14
6366 e6 10 0 12
6366 g6 13 0 7
6366 e5 5 0 8
6366 Nf6 4 0 2
6367 g6 4 0 16
6367 d6 7 2 7
6367 e6 4 0 9
6367 e5 3 0 4
6367 Nf6 5 0 1
6368 g6 1 0 9
6368 e6 3 0 3
6371 Nc6 9 1 14
6371 Nf6 9 0 3
6371 e5 5 0 2
6373 Nc6 1 1 5
6373 Nf6 1 1 4
6372 Nc6 2 0 5
6372 Nf6 2 0 3
6376 Nf6 6 1 4
6376 Nc6 3 0 5
6378 Nc6 1 1 4
6377 Nc6 5 0 3
6379 Bg7 8 1 12
6383 e6 5 0 9
6383 e5 6 1 1
6383 d6 2 0 4
6381 e6 5 1 8
6381 Nf6 0 0 8
6381 g6 3 1 4
6381 e5 1 1 5
6381 d6 4 0 1
6380 g6 2 1 9
6380 e6 4 1 7
6380 e5 6 0 5
6380 d6 5 0 3
6382 e5 7 0 3
6382 d6 3 0 6
6382 e6 1 0 6
6382 g6 1 0 4
6385 e6 7 0 1
6384 e6 4 0 3
6384 g6 2 1 3
6386 e6 3 0 4
6393 Qxd5 2 0 3
6401 Nf6 1 0 4
6398 Nf6 2 0 5
6394 Nc6 8 0 7
6394 Nf6 3 1 9
6395 Nc6 6 0 8
6395 Nf6 7 0 4
6395 g6 2 0 3
6399 Nc6 4 0 6
6397 Nc6 3 0 7
6400 Nc6 4 0 1
6400 Nf6 2 0 3
6396 Nc6 2 1 7
6396 Nf6 4 0 3
6403 Nc6 3 0 5
6405 d5 1 1 16
6404 d5 12 0 5
6404 Nc6 3 0 8
6407 d5 1 0 4
6410 Nc6 3 1 1
6415 Bg7 3 0 3
6413 Bg7 5 0 7
6414 Bg7 4 0 2
6416 Ne5 4 0 5
6416 Nd4 5 0 3
6417 e5 3 0 2
6419 bxc5 5 1 6
6423 Nc6 49 4 43
6423 d6 9 1 9
6423 e5 9 0 5
6423 e6 7 1 6
6421 Nc6 158 11 320
6421 d6 4 0 15
6421 Nf6 8 0 10
6421 e6 6 0 8
6422 dxc3 103 0 89
6422 Nc6 11 1 13
6422 e6 6 0 15
6422 d3 9 0 11
6422 e5 3 0 7
6422 Nf6 2 0 7
6422 d5 4 0 5
6426 e6 3 0 2
6425 dxc5 10 2 7
6425 Qa5 6 0 2
6429 d5 3 0 3
6430 cxd4 5 0 2
6427 exd5 9 0 4
6427 e5 4 0 2
6427 d6 4 0 1
6428 Bxc5 14 0 12
6432 d6 3 3 10
6432 Qc7 5 0 6
6432 f6 2 1 7
6432 d5 2 0 7
6432 g6 0 0 8
6432 e6 1 0 5
6433 e6 3 0 8
6433 d6 2 0 8
6433 d5 5 0 3
6437 Nc6 2 0 3
6440 g6 1 0 8
6440 d6 0 1 6
6440 e6 2 0 3
6442 Nc6 4 0 7
6444 Bg7 0 0 5
6447 e6 3 0 6
6445 d6 57 2 51
6445 e6 61 3 41
6445 g6 32 3 30
6445 d5 11 0 12
6445 Nf6 6 0 2
6445 Qc7 2 0 5
6445 e5 3 0 2
6445 Nd4 3 0 2
6446 d6 3 1 3
6448 e6 0 0 5
6452 Bb7 9 0 10
6455 dxe4 7 1 8
6454 Nc6 15 0 15
6454 e6 4 0 6
6454 Bf5 4 0 3
6453 Qxd5 31 1 27
6453 Nf6 2 0 8
6457 Nc6 2 0 7
6456 Nc6 57 4 50
6456 Nf6 13 0 17
6456 e6 12 1 12
6456 g6 5 2 5
6456 Bg4 4 0 3
6456 Nd7 1 2 2
6456 a6 3 0 2
6459 Nc6 0 1 4
6458 Nc6 4 0 1
6460 exf4 4 0 6
6461 d5 37 3 49
6461 Nc6 30 3 25
6461 a6 8 1 6
6461 Nf6 8 1 4
6461 Be7 5 0 6
6461 d6 3 0 2
6462 d5 2 0 3
6464 Bg7 21 3 25
6465 e5 3 0 4
6465 d6 3 0 2
6467 d5 1 0 5
6467 Nc6 4 0 2
6470 dxe4 1 0 4
6469 cxd5 173 11 136
6472 d5 0 0 5
6471 d5 5 0 4
6473 d5 4 0 2
6476 dxe4 15 0 5
6476 Bg4 3 0 3
6480 dxe4 5 0 1
6479 dxe4 4 0 4
6477 dxe4 11 4 5
6478 d4 3 0 5
6475 cxd5 38 7 35
6486 Bf5 0 0 7
6485 cxd5 2 1 9
6487 Bb7 3 0 2
6496 dxc4 2 0 4
6494 dxe4 5 0 6
6491 dxe4 29 4 29
6491 d4 11 0 12
6491 Bg4 10 1 8
6491 e6 4 0 1
6492 dxe4 9 0 9
6492 Nf6 7 1 4
6492 Nd7 3 0 5
6495 dxe4 4 1 5
6493 dxe4 5 0 12
6490 Bg4 39 4 62
6490 Bf5 42 5 39
6490 e6 13 3 18
6490 Nd7 2 0 4
6490 f6 3 0 2
6490 c5 2 0 3
6489 cxd5 345 32 391
6489 Qxd5 9 1 8
6498 e6 4 0 6
6497 e6 5 0 3
6497 g6 4 1 1
6497 Nd7 3 0 2
6502 d5 2 1 6
6502 a6 3 0 3
6501 a6 4 0 3
6501 h6 4 0 2
6500 d5 5 2 7
6500 d6 5 1 6
6500 a6 4 0 2
6500 h6 5 0 1
6505 d5 1 0 4
6504 Bg7 4 0 8
6506 cxd5 9 0 12
6508 d5 4 0 1
6509 cxd5 3 0 8
6513 dxe4 4 0 1
6511 cxd5 14 1 9
6512 cxd5 8 1 9
6516 dxe4 5 0 6
6516 d4 3 0 6
6520 dxe4 3 0 4
6518 dxe4 3 0 6
6517 Bf5 5 0 4
6515 cxd5 17 0 25
6519 dxe4 2 0 5
6523 Nd5 4 0 2
6531 dxe4 4 0 2
6527 dxe4 96 9 102
6527 Nf6 22 2 10
6527 e6 12 0 14
6528 dxe4 12 0 10
6530 dxe4 4 1 4
6525 Bf5 267 11 238
6525 e6 61 4 51
6525 c5 14 2 24
6525 f6 12 0 9
6525 Nd7 4 0 2
6526 cxd5 221 14 177
6526 Qxd5 6 1 4
6529 dxe4 12 2 1
6529 e6 4 0 4
6533 Nf6 2 1 4
6537 a6 5 0 4
6537 d5 5 0 3
6537 h6 8 0 0
6538 d5 7 0 4
6538 a6 2 1 2
6540 d6 5 0 2
6540 d5 1 0 5
6540 a6 1 1 3
6544 Bf5 6 0 12
6544 e6 2 1 5
6545 exd6 2 0 8
6546 d5 1 0 4
6547 cxd5 2 0 3
6551 dxe4 5 0 10
6552 dxe4 3 0 4
6549 Bf5 43 7 45
6549 e6 20 1 25
6550 cxd5 40 5 45
6556 Qh4 1 0 4
6557 d6 4 0 2
6558 cxd5 3 0 3
6560 dxe4 8 0 5
6560 Nf6 3 0 4
6563 Nf6 2 0 10
6564 d4 4 0 1
6571 e5 1 0 4
6569 e5 5 1 12
6569 c5 4 0 1
6570 e5 3 0 5
6570 c6 5 0 1
6570 a6 2 1 3
6567 e5 47 1 26
6567 c5 8 0 4
6567 d3 6 0 2
6568 e6 4 2 5
6568 c6 4 0 7
6568 e5 3 0 5
6572 Bf5 18 2 12
6572 Nf6 12 1 8
6572 e5 8 0 5
6572 Nc6 6 0 5
6572 e6 3 0 7
6572 Nd7 4 0 2
6579 Qxd4 3 0 3
6577 Nf6 15 0 11
6577 Qd5 9 1 8
6577 f6 13 0 4
6577 Nc6 5 0 1
6577 Nd7 1 0 4
6578 Nf6 5 0 10
6576 Nf6 28 5 40
6576 Bf5 11 1 19
6576 f5 16 0 7
6576 f6 6 0 4
6576 Qd5 5 0 5
6576 e5 4 0 5
6576 h6 5 0 2
6580 e5 1 0 4
6581 exd5 3 0 3
6582 Nf6 3 1 4
6585 Nf6 7 0 24
6587 Nc6 1 0 5
6588 e5 0 1 5
6590 exd3 9 0 8
6589 Qxd1 26 7 59
6594 Nf6 5 0 2
6593 Nf6 11 1 16
6593 Bf5 5 2 3
6593 f5 7 0 3
6593 e5 3 0 4
6593 Nc6 3 0 3
6603 e6 3 0 2
6600 e6 38 3 52
6600 Nc6 4 0 2
6601 e6 4 0 4
6607 Bd7 6 0 2
6605 Bg4 7 1 14
6605 f6 6 0 3
6604 Bf5 30 3 28
6604 f6 27 3 31
6604 e6 21 1 14
6604 Nh6 9 0 0
6604 a6 3 0 3
6606 Bf5 4 0 4
6616 Bd7 2 1 5
6616 Nc6 2 0 5
6614 Nc6 7 0 7
6614 Bg4 5 0 4
6615 Nc6 8 0 9
6613 cxd4 5 1 8
6613 e6 3 1 4
6613 Nc6 2 0 5
6613 c4 3 0 3
6612 Nc6 15 0 14
6621 e6 6 1 3
6621 Nc6 7 0 2
6621 c5 4 0 5
6621 Bf5 3 0 4
6623 Qd5 1 0 4
6618 Nc6 13 0 18
6618 c5 14 1 10
6618 Bg4 11 1 10
6618 Qd5 8 0 5
6618 Bf5 4 0 8
6618 e6 4 0 2
6622 dxc3 9 2 1
6622 d3 4 1 3
6622 c5 3 0 2
6619 c5 12 2 11
6619 Nc6 13 0 9
6619 Qd5 11 0 8
6619 e6 5 0 5
6619 Bf5 2 1 4
6619 f6 4 0 2
6620 c5 13 0 5
6620 Bf5 7 0 6
6620 e6 8 1 3
6620 Qd5 7 0 2
6620 Nc6 2 0 3
6627 Nc6 4 0 3
6627 c5 4 1 2
6627 b6 2 0 4
6625 c5 48 0 41
6625 Nc6 22 0 22
6625 b6 15 0 14
6625 f6 14 0 6
6625 a6 8 0 11
6625 Bb4 10 0 9
6625 c6 13 0 1
6625 f5 6 1 6
6625 Ne7 3 2 2
6625 g6 1 1 3
6626 c5 5 0 2
6626 f5 4 0 2
6626 Bc5 2 1 2
6632 fxe5 8 0 0
6631 fxe5 13 0 8
6631 Nc6 4 1 9
6630 Nxf6 10 0 18
6630 gxf6 6 0 2
6630 exf6 4 0 3
6639 Bd7 6 0 6
6639 c6 6 0 2
6638 Nxd5 11 1 14
6638 c6 4 0 9
6634 Nxd5 97 13 137
6634 c6 35 8 42
6634 e6 10 1 13
6634 Bg4 3 0 3
6637 Nxd5 29 4 34
6637 c6 13 1 9
6637 Qxd5 6 0 1
6635 c6 48 4 61
6635 e6 44 3 39
6635 e5 5 0 6
6635 Bf5 3 0 2
6642 Nxd5 1 0 4
6636 Nxd5 54 3 38
6636 c6 25 3 14
6636 Qxd5 10 2 6
6636 e6 10 1 6
6636 Bg4 2 0 10
6640 exd6 2 0 3
6646 Qd8 494 39 374
6646 Qa5 354 25 345
6646 Qe6 449 16 249
6646 Qe5 363 13 147
6646 Qd6 74 3 55
6646 Qc6 29 0 6
6646 Qd7 20 0 8
6646 Qd4 16 3 3
6646 Qc5 17 0 3
6646 Qf5 11 0 7
6646 Qg5 5 1 0
6647 Bg4 52 6 41
6647 Qd8 52 5 31
6647 Qe6 45 1 32
6647 Nf6 26 2 23
6647 Qe4 26 2 15
6647 Qa5 19 1 17
6647 Nc6 11 1 11
6647 e5 18 0 5
6647 Bf5 13 0 3
6647 c6 6 0 7
6647 e6 6 0 5
6647 Qd6 9 0 2
6647 g6 4 1 3
6650 Qxf3 24 4 14
6650 Qd8 9 0 6
6650 Nf6 8 1 5
6650 Qe6 8 0 6
6650 Qe5 5 0 2
6650 Qa5 1 0 4
6649 Qd8 22 1 17
6649 Qe6 11 0 6
6649 Qe5 10 1 5
6649 Qa5 3 0 11
6649 Qe4 4 0 3
6651 Qd8 5 0 9
6651 Qa5 5 1 5
6651 Nf6 9 0 1
6651 Qe6 2 2 5
6651 e5 4 0 1
6648 Nc6 39 2 19
6648 Qd8 19 2 36
6648 Qe4 34 3 17
6648 Qe6 27 2 20
6648 Qa5 26 3 19
6648 Nf6 23 4 21
6648 e5 19 0 10
6648 Bf5 13 0 6
6648 c6 10 0 7
6648 e6 9 0 3
6648 c5 2 0 5
6655 cxd5 7 0 7
6655 Nf6 3 0 2
6656 cxd5 1 1 4
6654 Nxc6 48 1 41
6654 e5 3 1 6
6659 Nf6 3 0 15
6658 Bxe6 24 0 12
6661 exd5 3 1 1
6660 Bxe6 25 1 34
6663 e5 1 0 4
6664 e5 4 1 22
6664 Nf6 5 0 8
6664 Nc6 2 0 6
6664 e6 4 0 3
6666 Nf6 3 0 2
6665 exd3 5 1 3
6673 Kxf7 2 0 3
6670 c6 2 0 5
6670 g6 4 0 2
6669 g6 8 0 5
6669 e5 2 0 4
6669 c6 2 0 4
6674 Nf6 3 0 2
6678 Nf6 6 0 2
6678 a6 3 0 3
6678 Be7 3 0 2
6679 a6 4 0 2
6679 Nf6 2 1 2
6680 a6 5 0 1
6677 a6 7 0 5
6677 c6 2 0 4
6677 d5 2 0 4
6682 Bxf5 6 0 0
6684 Bg7 2 2 3
6683 Nf6 2 0 3
6686 Bg7 4 1 0
6687 g6 4 0 3
6690 g6 3 0 2
6697 Bxf5 4 0 1
6698 Bg7 5 1 4
6699 Bg7 3 0 8
6700 Bg7 5 0 2
6704 Bh5 5 0 3
6715 Nxe4 1 0 9
6715 g6 4 0 2
6715 e6 3 0 2
6713 g6 41 3 44
6713 Nbd7 21 1 21
6713 e5 11 1 22
6713 c6 6 0 15
6713 c5 5 2 10
6713 Bg4 4 0 10
6713 Nc6 6 1 4
6714 g6 10 1 9
6714 Bg4 3 0 3
6714 e5 2 0 3
6717 Nxe4 4 0 2
6716 dxe5 12 2 11
6723 Nc6 3 0 2
6722 Nc6 2 0 3
6721 cxd4 4 0 3
6724 Bg4 1 1 5
6724 Nf6 2 0 3
6727 Qxd5 2 0 3
6729 Bg4 9 0 10
6729 Nf6 12 0 1
6729 h6 6 0 3
6729 Be6 3 0 5
6729 Be7 3 0 3
6729 Nc6 2 0 3
6730 Nc6 7 1 5
6730 Bg4 8 1 2
6730 Nf6 3 1 5
6730 h6 3 1 3
6728 Bg4 11 1 14
6728 exd4 8 0 8
6728 Nd7 6 0 6
6728 Nc6 4 0 5
6733 Nf6 6 1 4
6733 Be7 3 0 2
6732 Be7 16 0 8
6732 Nf6 11 0 9
6732 c6 11 0 3
6732 g6 3 0 2
6732 Bd7 3 1 1
6732 b6 1 0 4
6741 Nf6 4 0 1
6740 dxe5 5 0 1
6739 Bxf5 4 1 4
6743 Bg7 12 2 22
6744 Bg7 7 2 10
6746 Bg7 1 0 4
6742 Bg7 27 6 40
6752 g6 5 0 1
6752 Nbd7 1 0 5
6754 c6 4 0 2
6755 Bg7 3 1 3
6759 f5 3 0 2
6763 Bg7 2 0 4
6766 g6 5 0 1
6765 Ne5 9 0 5
6767 e5 1 0 4
6770 g6 28 3 24
6770 Nbd7 29 2 16
6770 e5 10 2 12
6770 Nc6 4 0 8
6770 Bg4 6 0 4
6770 c6 3 0 2
6769 g6 77 5 70
6769 Nbd7 58 1 56
6769 Bg4 28 0 11
6769 c6 15 0 23
6769 e5 8 0 6
6769 a6 7 0 1
6769 Nc6 6 0 2
6769 e6 2 0 5
6772 dxe5 4 0 10
6771 g6 7 0 6
6771 Nbd7 4 0 3
6777 cxd4 1 0 4
6775 Qa5 4 0 3
6778 Nf6 8 0 0
6779 Nf6 5 0 1
6780 cxd5 2 1 2
6783 e6 4 1 0
6785 Nf6 5 1 4
6785 f5 2 0 8
6785 c6 4 0 5
6784 Nc6 23 1 23
6784 dxe5 23 2 8
6789 c6 6 1 3
6789 Be7 6 0 2
6789 Nf6 4 0 2
6789 a6 5 0 0
6787 Be7 12 1 7
6787 Nf6 8 0 8
6787 c6 3 1 6
6787 d5 5 0 3
6787 h6 4 0 4
6787 b6 5 0 1
6788 Be7 10 0 1
6788 b6 4 1 4
6788 c6 4 2 3
6788 Nf6 3 0 5
6792 e5 3 0 3
6792 exd5 1 0 4
6791 dxe5 3 0 5
6794 Be7 4 1 2
6794 b6 3 0 2
6795 Nf6 3 0 3
6797 dxe5 4 0 1
6796 Bxf5 5 0 0
6807 Bg7 4 0 3
6804 Bg7 7 0 7
6800 Bg7 27 1 15
6799 Bg7 26 1 30
6805 Bg7 2 2 5
6801 Bg7 21 1 14
6803 Bg7 6 1 10
6806 Bg7 3 0 4
6802 Bg7 20 0 12
6812 Bg4 4 0 3
6812 g6 3 0 3
6813 g6 3 0 3
6814 dxe5 3 1 2
6815 Nc6 3 0 2
6816 exf4 14 1 8
6816 Nd7 4 0 3
6817 Nc6 4 1 4
6817 dxe5 4 0 3
6819 b6 4 0 2
6819 Nc6 3 0 2
6820 Bg7 13 0 13
6821 Bg7 4 0 5
6823 dxc6 4 0 1
6826 b5 4 0 1
6825 d5 3 0 5
6832 Kxf7 24 0 24
6833 d6 5 0 5
6833 Nf6 5 0 5
6833 c6 5 1 0
6833 Qf6 1 0 4
6827 d6 43 4 42
6827 Nc6 31 6 37
6827 Nf6 12 3 15
6827 Qf6 13 2 7
6827 h6 6 1 4
6827 f6 4 0 1
6829 Nf6 31 0 28
6829 Qf6 10 2 17
6829 f6 4 0 1
6828 Qf6 37 4 29
6828 Qe7 10 0 2
6828 g6 5 0 2
6831 Nf6 10 1 13
6831 Nc6 8 0 3
6831 d6 5 0 3
6831 Qf6 3 0 2
6830 Nf6 16 0 9
6830 d6 14 0 9
6830 h6 7 0 5
6830 Nc6 8 0 4
6830 Qf6 5 0 6
6835 d6 2 0 4
6837 Nf6 1 0 4
6836 g6 3 1 1
6846 Kxf7 27 0 17
6843 Nf6 36 3 31
6843 Bc5 13 2 13
6843 d6 12 1 3
6843 h6 6 0 2
6843 Bb4 5 0 2
6843 a6 4 1 0
6839 Nf6 68 8 69
6839 Bc5 63 4 68
6839 h6 31 0 33
6839 Nd4 30 2 28
6839 d6 28 1 23
6839 Be7 11 0 6
6839 g5 3 0 7
6839 f6 7 0 1
6839 a6 2 0 4
6839 Nge7 2 0 4
6840 Nf6 57 2 73
6840 Qf6 15 7 16
6840 Nh6 6 0 3
6840 f6 5 0 3
6840 Qe7 4 0 3
6844 g6 21 1 20
6844 Qf6 13 1 11
6844 Qe7 8 0 10
6844 Nh6 6 0 2
6845 Nf6 22 0 17
6845 Bc5 12 0 3
6845 d6 2 0 5
6842 Nf6 40 5 40
6842 Bc5 18 2 17
6842 d6 11 4 11
6842 h6 4 0 7
6842 a6 3 0 5
6842 Na5 2 0 5
6841 Nf6 30 4 36
6841 Bc5 26 4 27
6841 h6 15 0 11
6841 d6 10 1 9
6841 Nd4 4 0 1
6841 Be7 3 0 2
6857 Kxf7 13 1 17
6855 Bc5 60 4 42
6855 Bb4 40 1 23
6855 Nc6 32 2 27
6855 c6 24 2 17
6855 d6 13 1 10
6855 a6 14 0 2
6855 Be7 7 2 4
6855 Nxe4 7 1 4
6855 g6 3 0 3
6855 h6 3 0 3
6855 d5 3 0 2
6854 Nc6 73 3 75
6854 Nxe4 32 2 35
6854 d6 44 2 19
6854 d5 30 0 19
6854 Bc5 14 0 15
6854 h6 12 0 9
6854 Bd6 7 0 4
6854 c6 5 0 3
6856 Nc6 35 1 48
6856 Bc5 16 2 26
6856 c6 13 3 12
6856 d6 15 1 9
6856 d5 4 1 4
6856 Be7 7 0 2
6856 h6 3 0 4
6856 a6 3 0 2
6859 Nxe4 2 1 5
6859 Bc5 2 0 3
6853 Bc5 106 4 108
6853 Nc6 77 3 64
6853 d5 51 3 54
6853 h6 48 4 28
6853 c6 36 4 36
6853 d6 23 2 16
6853 Be7 20 6 8
6853 a6 14 0 6
6853 Bb4 9 0 3
6853 g6 5 0 2
6853 b6 3 0 2
6858 exd4 6 0 7
6858 Nxe4 2 0 3
6860 Nxe4 4 0 2
6869 Bc5 7 0 4
6869 c6 6 1 2
6867 Bc5 11 0 12
6867 d6 3 0 3
6868 Bc5 6 1 4
6868 Qxf3 4 0 1
6870 Bc5 6 0 5
6873 Bb4 5 0 3
6873 Bc5 3 0 4
6875 Qxe4 8 0 4
6872 Nf6 11 0 7
6874 Bc5 6 0 4
6874 d6 4 0 2
6876 b5 6 0 2
6876 Nc6 2 1 4
6877 Qf6 2 1 2
6881 b5 4 0 1
6883 g6 6 0 0
6890 Kxf7 9 0 6
6889 b5 4 0 1
6889 Nf6 2 1 2
6885 d5 15 1 12
6885 f6 6 0 0
6885 d6 1 0 5
6887 Nf6 6 0 10
6887 d5 4 0 4
6886 d5 10 2 2
6886 Qf6 4 0 3
6886 Qe7 3 0 3
6886 g6 6 0 0
6892 d5 4 0 3
6888 d5 11 0 12
6901 Kxf7 17 2 9
6898 Nf6 7 0 9
6898 c6 6 0 7
6898 Be6 6 0 3
6898 h6 4 0 4
6898 Nc6 3 0 3
6898 f5 0 1 4
6898 Be7 2 1 2
6894 h6 24 2 18
6894 Be7 20 0 10
6894 Nc6 13 1 14
6894 Nf6 19 0 5
6894 Be6 13 1 8
6894 c6 9 1 3
6894 f6 8 0 3
6894 c5 6 0 1
6894 Nh6 4 0 2
6894 Bg4 2 0 3
6894 g6 5 0 0
6895 Nf6 37 0 34
6895 Qf6 10 1 10
6895 Be6 5 1 8
6895 f6 9 0 4
6895 Nh6 5 0 2
6895 Qe7 4 1 1
6897 g6 21 2 9
6897 Nh6 9 1 5
6897 Qf6 5 1 5
6897 Qe7 4 1 5
6903 Nf6 0 0 6
6899 Nf6 11 0 4
6896 Nc6 11 1 7
6896 Nf6 10 1 8
6896 Be6 7 0 10
6896 h6 8 0 5
6896 Be7 5 1 3
6902 exd4 5 0 1
6900 Nf6 5 0 4
6900 Nc6 1 0 7
6900 Be6 1 0 5
6908 Rxg8 1 0 4
6907 Nf6 0 0 5
6906 g6 2 0 5
6905 Nf6 7 1 13
6910 c6 3 1 1
6913 Nf6 4 0 1
6921 Kxf7 3 1 3
6916 Nc6 5 2 4
6916 d6 3 0 4
6917 Nf6 6 1 8
6918 Qf6 7 1 1
6918 Qe7 4 0 2
6928 Bxc3 1 0 4
6926 Bc5 2 0 3
6923 Bxc3 4 3 7
6923 d6 7 0 2
6925 Bxc3 4 0 4
6927 Bxc3 1 0 4
6930 Nf6 5 0 1
6929 d6 24 1 18
6929 Nc6 5 1 9
6929 Nf6 3 1 5
6931 exf4 4 0 3
6941 Bb4 1 0 4
6937 Nf6 13 1 13
6937 Bc5 10 0 11
6937 d6 3 0 4
6936 Nf6 49 6 45
6936 Bc5 33 1 26
6936 d6 14 2 16
6936 Bb4 12 0 5
6936 Nge7 2 0 3
6936 g6 1 2 2
6940 Nf6 9 0 3
6940 Bc5 7 1 0
6940 d6 4 0 1
6939 Nf6 10 0 4
6939 Bc5 3 0 4
6938 exf4 16 0 3
6938 d6 7 1 3
6938 Bc5 1 0 4
6945 Bc5 12 1 5
6945 Nc6 3 1 8
6945 Bb4 4 1 4
6945 c6 2 0 3
6943 Nc6 60 7 55
6943 d6 18 1 8
6943 Bc5 8 1 4
6943 Bb4 3 0 6
6943 d5 3 0 3
6947 Bc5 4 0 3
6947 d5 3 0 3
6947 Nc6 3 1 2
6946 d5 2 0 8
6946 Nc6 2 0 7
6946 Bc5 4 1 2
6946 Bb4 3 0 2
6948 exd4 4 1 3
6944 exf4 22 1 8
6944 d6 9 0 4
6944 Nc6 4 0 5
6944 d5 4 1 2
6949 Bb4 4 0 1
6954 d6 3 0 5
6954 f6 5 0 1
6954 Qf6 2 0 3
6957 Nc6 5 0 3
6957 Nf6 3 0 3
6957 Be6 3 0 3
6956 Nf6 10 0 8
6956 Bg4 10 1 4
6956 Nc6 10 0 4
6956 f5 6 0 5
6956 c6 6 0 2
6956 Be7 3 0 4
6956 Nd7 1 0 6
6956 c5 2 0 4
6956 Be6 4 0 1
6960 Nc6 3 0 2
6959 Nc6 4 0 2
6961 exd4 1 0 4
6958 exf4 12 0 4
6962 Nf6 6 2 8
6965 Nf6 8 2 10
6965 Bc5 1 0 4
6965 d6 2 0 3
6967 Bc5 3 0 4
6967 Nc6 2 2 1
6969 Nc6 5 0 3
6969 Nf6 2 0 5
6970 d6 6 0 3
6974 Nf6 27 1 22
6974 d6 27 0 14
6974 Qf6 21 0 9
6974 Nc6 14 0 14
6974 h6 5 0 3
6974 Qe7 4 0 1
6974 f6 3 0 2
6974 d5 2 1 2
6977 Nc6 7 1 10
6977 Nf6 11 0 7
6977 d6 2 1 6
6977 Qf6 4 0 1
6975 Qf6 13 0 16
6975 Nf6 13 0 13
6975 Qh4 12 0 9
6975 Qe7 11 1 2
6975 d6 7 1 3
6978 d6 5 1 4
6978 Nf6 5 1 2
6979 Nf6 4 0 2
6976 exd4 24 3 18
6976 Bb4 6 0 0
6976 Bb6 4 0 1
6981 Nf6 36 2 13
6981 h6 12 0 2
6981 Nh6 8 0 3
6981 Nc6 7 0 2
6981 a6 5 0 0
6983 Nf6 8 0 2
6986 Nf6 4 0 1
6984 Nf6 10 0 2
6982 exd4 16 0 8
6982 f6 10 0 2
6982 Qe7 3 1 3
6982 Nc6 3 0 3
6989 a6 585 35 528
6989 d6 542 48 485
6989 Nf6 294 25 275
6989 Bc5 240 15 218
6989 Nge7 173 12 157
6989 Nd4 126 8 98
6989 Qf6 120 5 94
6989 Bd6 45 3 49
6989 f6 31 2 16
6989 f5 15 2 23
6989 d5 18 0 8
6989 Bb4 14 1 10
6989 h6 13 0 9
6989 g6 11 0 4
6989 Qe7 6 0 3
6989 Nb4 4 0 1
6989 b6 2 0 3
6988 Bc5 916 74 965
6988 Nf6 759 46 700
6988 h6 672 44 465
6988 d6 255 18 180
6988 Nd4 161 9 163
6988 Be7 124 11 100
6988 a6 81 0 42
6988 f6 40 3 27
6988 Nge7 20 0 32
6988 g5 15 1 27
6988 Qf6 23 1 12
6988 Nh6 24 0 10
6988 Bb4 16 1 14
6988 Qe7 17 0 11
6988 f5 11 1 11
6988 Bd6 13 2 7
6988 Na5 10 0 9
6988 d5 14 0 2
6988 g6 7 0 8
6988 b6 7 0 5
7000 Nf6 0 0 7
6997 Nf6 8 2 13
6997 Bc5 6 1 15
6997 d6 4 1 4
6991 Nf6 357 25 340
6991 Bc5 212 19 184
6991 d6 86 8 67
6991 Bb4 69 7 59
6991 a6 35 1 29
6991 h6 14 1 5
6991 Nge7 9 1 9
6991 f5 11 0 5
6991 Nd4 9 0 6
6991 Be7 7 0 8
6991 Bd6 5 0 5
6991 b6 8 0 1
6991 f6 5 0 3
6991 g6 3 0 4
6991 d5 5 1 0
7001 Nxe5 3 0 6
6994 Nf6 24 1 33
6994 Bc5 14 1 27
6994 d5 7 1 6
6994 a6 4 0 10
6994 d6 2 2 6
6995 Bc5 23 3 15
6995 Nf6 13 1 23
6995 d6 6 0 4
6995 d5 3 0 3
6992 Nf6 110 8 138
6992 Bc5 55 2 69
6992 d6 32 2 27
6992 d5 11 0 20
6992 a6 3 1 6
6992 Nge7 4 1 3
6992 g6 4 0 2
6992 Be7 3 0 3
6996 Nf6 13 1 18
6996 Bc5 8 0 15
6996 d6 2 0 3
6993 Bc5 46 1 47
6993 Nf6 26 2 60
6993 d6 13 0 20
6993 h6 13 1 8
6993 d5 12 0 9
6993 Bb4 6 0 2
6993 a6 4 0 2
6990 exd4 818 77 824
6990 d6 98 6 63
6990 Nf6 54 1 26
6990 Nxd4 44 5 29
6990 d5 30 5 17
6990 Bd6 22 3 25
6990 f6 34 1 14
6990 Qf6 19 1 18
6990 Bb4 17 0 15
6990 f5 3 0 4
6990 Qe7 3 0 2
6990 Bc5 5 0 0
6999 Nf6 8 1 5
6999 Bc5 2 1 4
6998 Nf6 6 1 9
6998 Bc5 4 0 6
7012 c6 3 0 3
7005 Nc6 65 2 53
7005 Nxe4 61 1 45
7005 Bc5 46 1 23
7005 d6 32 0 10
7005 d5 21 1 8
7005 c6 12 0 10
7005 h6 11 0 5
7005 Bd6 3 0 4
7005 Be7 3 0 4
7005 Qe7 5 0 2
7008 Nc6 9 0 14
7003 Nc6 215 21 165
7003 Bb4 81 4 74
7003 d6 57 3 43
7003 d5 35 0 34
7003 Bc5 34 0 17
7003 c6 13 0 4
7003 Bd6 9 0 1
7003 Be7 4 0 3
7003 Qe7 1 2 2
7003 b6 4 0 1
7009 h6 6 0 5
7009 d5 6 0 1
7004 Qe7 111 12 116
7004 Nxe4 147 8 67
7004 d6 74 9 72
7004 Nc6 10 1 9
7004 Bc5 11 1 8
7004 d5 5 0 6
7004 Bd6 6 0 2
7010 Nc6 3 0 7
7010 Bc5 2 1 2
7011 Nxe4 2 0 4
7006 Nc6 63 6 61
7006 d5 20 2 30
7006 d6 24 2 11
7006 Bc5 19 3 10
7006 Bd6 4 0 4
7007 exd4 42 2 37
7007 Nxe4 22 2 18
7007 d5 5 0 4
7007 d6 4 0 3
7007 Nc6 3 0 2
7015 Nf6 4 0 3
7015 h6 3 0 2
7016 Nf6 5 1 2
7018 Bc5 99 5 68
7018 h6 13 0 11
7018 c6 5 1 7
7018 d6 6 0 4
7018 g5 5 0 4
7018 Nc6 6 0 0
7018 Nh6 3 0 2
7018 a6 3 0 2
7023 Bc5 4 1 5
7019 c6 95 3 52
7019 Bc5 28 0 14
7019 d6 4 0 2
7019 Bb4 3 0 2
7024 Bc5 2 2 6
7022 Bc5 10 0 4
7021 Bc5 17 0 13
7021 h6 13 1 9
7020 exd4 43 6 37
7020 d6 17 0 10
7020 Nc6 12 1 6
7020 Bb4 3 0 3
7028 Bb7 5 0 1
7031 d6 4 0 3
7033 d5 6 0 6
7034 Qe7 2 0 4
7044 c6 1 0 4
7042 dxe4 2 0 5
7039 d4 12 0 5
7039 dxe4 5 0 5
7038 dxe4 30 0 9
7038 Bd6 6 0 12
7038 f6 3 0 2
7038 Qe7 3 0 2
7040 dxe4 4 2 8
7041 dxe4 9 0 9
7037 Qxd5 75 2 33
7037 e4 28 2 27
7037 c6 7 0 5
7037 Bg4 6 0 1
7050 c6 70 7 57
7050 Bd7 20 2 24
7050 Nc6 2 0 4
7045 h6 352 23 284
7045 Bg4 383 19 253
7045 Nc6 180 9 147
7045 Be7 149 6 142
7045 Nf6 146 7 84
7045 Be6 129 10 77
7045 f5 65 1 40
7045 c6 53 3 42
7045 c5 36 0 45
7045 Qf6 37 2 22
7045 Qe7 26 2 23
7045 f6 36 0 14
7045 a6 27 2 15
7045 Nh6 14 0 5
7045 g6 16 0 3
7045 Nd7 11 0 4
7045 Bd7 9 0 2
7045 Ne7 4 0 3
7056 Bg4 3 0 4
7052 Nf6 13 1 3
7052 Nc6 6 1 4
7052 Bg4 5 0 5
7052 h6 2 1 2
7047 Bg4 119 11 74
7047 Nf6 90 9 70
7047 c6 74 3 42
7047 Nc6 57 2 51
7047 c5 27 3 23
7047 Be7 24 0 24
7047 Be6 20 1 15
7047 h6 15 1 19
7047 f5 13 1 18
7047 a6 10 0 7
7047 f6 9 0 2
7047 g6 8 0 2
7047 b6 5 0 5
7047 Nd7 1 0 5
7055 Nf6 2 1 4
7055 Be7 4 0 2
7055 Bg4 4 0 1
7049 Bg4 32 1 21
7049 Nc6 14 1 15
7049 Nf6 18 0 8
7049 f5 7 1 9
7049 Be7 8 0 9
7049 h6 6 0 4
7049 Be6 6 0 3
7049 c5 2 0 6
7049 Nd7 4 0 3
7053 Nf6 5 3 1
7053 Nc6 4 1 3
7053 Be6 3 1 3
7053 c5 1 1 4
7053 Bg4 2 0 4
7051 Bg4 33 1 11
7051 Nc6 18 2 10
7051 h6 7 0 12
7051 Nf6 4 1 8
7051 Be7 5 0 4
7051 f5 2 0 4
7046 exd4 498 44 412
7046 Bg4 188 7 91
7046 Nc6 101 6 59
7046 f6 62 2 22
7046 Nd7 46 4 29
7046 Nf6 36 2 16
7046 Qe7 20 2 15
7046 Be7 19 1 13
7046 f5 17 1 12
7046 Qf6 15 0 7
7046 c5 8 0 2
7046 c6 6 1 3
7046 h6 6 2 0
7046 Be6 7 0 1
7046 g6 5 0 2
7046 d5 5 0 1
7054 Bg4 4 0 5
7054 Nf6 2 0 7
7048 Nf6 79 8 68
7048 Nc6 28 2 25
7048 h6 19 3 20
7048 f5 16 1 16
7048 Be7 15 1 15
7048 a6 13 0 9
7048 Be6 11 0 9
7048 c6 7 2 5
7048 c5 8 0 5
7048 f6 5 0 1
7048 g6 1 0 5
7048 Qf6 3 0 3
7048 b6 4 0 1
7062 fxe4 4 0 2
7061 Nf6 8 0 4
7061 fxe4 4 1 5
7061 Nc6 4 0 2
7059 Nf6 18 2 10
7059 Nc6 17 1 9
7059 Qf6 4 2 6
7059 fxe4 9 0 2
7059 d6 2 0 8
7059 Bc5 2 2 2
7059 Qe7 4 0 1
7060 Nf6 9 0 6
7060 Nc6 3 0 7
7063 fxe4 1 1 3
7058 e4 35 1 42
7058 Nf6 14 1 35
7058 Nc6 3 1 9
7058 Bc5 7 0 5
7058 d6 5 0 3
7064 Ne7 20 0 7
7064 c6 19 1 6
7064 Nh6 20 0 5
7064 Nc6 19 0 0
7064 d6 12 1 2
7064 Bc5 9 0 4
7064 a6 4 0 2
7066 c6 10 0 5
7066 d6 9 0 0
7066 Nc6 7 0 1
7066 Bb4 2 0 3
7066 a6 2 0 3
7068 g5 4 0 1
7067 fxe5 42 0 6
7065 d6 26 1 7
7065 Nc6 16 1 7
7065 exd4 12 0 3
7065 d5 6 0 3
7065 Bd6 2 1 3
7074 Bg7 4 1 2
7073 Bg7 3 0 3
7080 Nf6 6 2 9
7080 Qf6 1 0 4
7082 Nf6 29 0 33
7082 Qf6 4 0 4
7082 f6 2 0 3
7083 Nf6 12 0 18
7083 Bc5 4 1 1
7083 d6 2 0 3
7084 Nc6 15 0 15
7084 Bc5 8 0 8
7084 d6 4 0 9
7084 c6 4 0 3
7084 Be7 2 0 3
7085 Nc6 9 1 13
7085 h6 7 1 8
7085 d5 4 0 6
7085 d6 6 1 2
7085 Bc5 2 0 5
7090 Bc5 2 0 7
7090 Qxf3 4 1 1
7093 Nf6 7 0 9
7093 f6 5 0 1
7093 Qe7 1 0 4
7093 Be6 1 0 4
7094 Nc6 2 0 3
7096 Be7 3 0 4
7096 Qe7 6 0 0
7097 g6 4 0 1
7099 Nf6 14 5 32
7099 g6 8 1 5
7099 d6 4 1 8
7098 g6 121 11 189
7098 Qf6 28 2 29
7098 Qe7 16 4 34
7098 Nh6 14 0 6
7098 Nf6 10 0 6
7102 Nf6 8 0 3
7101 Nf6 6 0 12
7101 g6 1 1 3
7100 Nf6 13 1 19
7100 g6 3 0 3
7105 Nc6 2 0 3
7105 Bc5 1 0 4
7104 Be7 78 6 67
7104 Qe7 29 2 30
7107 g6 3 0 5
7108 Nf6 3 0 3
7106 Nf6 4 0 2
7106 d6 2 0 3
7106 Nc6 2 0 3
7111 Bc5 11 0 15
7111 g6 10 1 14
7112 Bc5 9 1 5
7112 g6 4 1 2
7112 c6 3 0 3
7110 d6 9 3 11
7110 Nc6 10 0 12
7110 g6 10 2 5
7110 Bc5 3 0 5
7113 Bc5 2 1 8
7113 g6 5 0 4
7117 c6 10 1 14
7117 Bd7 10 1 6
7116 g6 62 3 72
7116 Qe7 19 1 19
7116 Qf6 13 1 13
7116 Nh6 14 0 9
7116 Qd7 5 0 9
7116 Be6 8 0 0
7116 Nf6 4 0 1
7118 Nf6 4 1 7
7120 Qe7 32 1 5
7120 Be7 18 0 1
7120 Ne7 8 0 2
7122 Nf6 2 1 5
7123 Nc6 2 0 8
7123 d5 4 0 1
7125 d4 5 0 0
7128 d6 4 0 6
7129 Nf6 8 1 4
7129 Bc5 0 1 4
7129 d6 1 0 4
7131 Nc6 2 0 4
7130 Nc6 6 0 4
7130 Bc5 1 1 5
7132 Nf6 5 1 4
7134 d6 3 0 2
7133 exd4 7 1 8
7136 exd4 6 0 7
7138 Nc6 2 0 8
7138 Bc5 3 0 5
7138 d5 5 0 3
7140 exd4 5 0 3
7149 Nf6 5 2 1
7148 d6 5 0 6
7148 Nc6 3 0 3
7151 Bc5 19 0 18
7151 Nf6 13 1 6
7151 d6 9 1 1
7151 Bb4 2 0 3
7152 Nf6 1 0 4
7154 Nf6 2 0 3
7155 Bb4 6 1 7
7155 Bc5 8 0 1
7155 Nc6 3 0 4
7155 d6 3 0 2
7156 Nc6 3 1 7
7156 Bc5 5 1 4
7162 Nc6 14 0 6
7162 Nf6 7 1 2
7162 Be6 4 0 2
7162 c6 2 0 3
7165 Bc5 4 0 6
7168 d6 2 0 5
7168 Nf6 4 0 2
7173 d6 2 0 4
7167 d6 9 0 20
7167 Nc6 4 0 11
7167 Nf6 2 0 4
7169 Nf6 0 0 7
7183 Nf6 3 0 2
7182 Nf6 8 0 4
7177 Nf6 10 1 13
7177 Bb4 8 0 9
7177 Bc5 6 1 9
7177 d6 6 1 6
7177 Nd4 3 0 2
7176 Bc5 21 1 18
7176 Nf6 10 0 21
7176 d6 17 1 11
7176 Bb4 4 0 1
7184 Nf6 1 1 5
7180 Nf6 9 0 12
7180 Bc5 1 0 4
7178 Nf6 16 0 1
7178 Bc5 7 2 5
7178 d6 10 0 2
7185 Bc5 0 0 5
7179 exf4 8 1 4
7179 d6 2 0 7
7181 Nf6 3 0 7
7181 Bc5 4 0 5
7194 Bc5 3 0 5
7194 d5 1 0 5
7192 Be7 2 2 8
7192 h6 4 0 6
7190 d5 5 1 7
7190 Bc5 7 0 5
7190 Bb4 7 0 3
7190 Nc6 5 0 3
7197 Bc5 4 0 1
7189 Nc6 15 0 27
7189 Bc5 8 0 9
7189 d6 10 0 4
7189 d5 3 1 4
7195 Bc5 5 0 3
7196 d5 4 0 4
7191 exf4 3 1 5
7191 Nc6 3 0 5
7191 d6 4 0 3
7193 d5 5 0 4
7193 Bc5 3 1 1
7201 h6 3 0 5
7201 Bc5 3 0 2
7206 d4 6 0 10
7207 dxe4 1 0 7
7205 Qxd5 24 1 9
7205 Nf6 2 0 5
7215 Nc6 3 1 1
7211 Nf6 10 0 7
7211 Nc6 9 0 1
7211 f5 4 0 3
7211 c6 3 1 2
7210 Nc6 9 0 10
7210 Nf6 6 0 12
7210 c5 6 0 8
7210 Bg4 2 0 8
7210 f5 4 0 4
7210 f6 3 0 4
7210 h6 3 0 3
7212 c5 4 0 2
7212 Nf6 5 0 1
7212 Nc6 3 0 2
7213 exf4 3 0 5
7214 Be7 1 1 4
7214 Nf6 2 0 3
7222 Nc6 3 0 5
7222 d6 3 0 2
7226 Ba5 4 0 1
7228 Qe7 4 0 1
7227 Nf6 5 1 5
7229 Bxe5 4 0 4
7231 exd4 20 1 7
7231 d6 7 1 5
7233 exd4 5 1 1
7230 Nd4 55 2 22
7230 Nce7 36 0 36
7230 Nb8 14 0 8
7230 Nb4 13 0 3
7230 Na5 3 0 2
7232 Nxe5 18 0 24
7236 exd4 3 0 3
7235 Nxe4 3 0 3
7235 d6 5 0 0
7234 Nxe4 24 3 12
7240 Qxe5 3 0 3
7242 Nc6 7 0 1
7242 exd4 5 0 1
7244 Bc5 3 0 6
7243 Qxe5 8 2 3
7245 Bb4 4 1 5
7246 Qxe4 11 0 3
7248 Nc6 4 0 1
7249 dxe4 15 2 5
7249 d4 6 1 7
7249 Be6 4 1 2
7250 Qxd5 4 1 3
7253 exd4 8 1 2
7253 Nc6 4 0 3
7253 Bg4 5 0 2
7252 Nf6 16 1 7
7252 c6 10 0 4
7252 f5 3 0 3
7251 dxe5 55 4 21
7251 Nc6 12 0 9
7251 f6 5 0 0
7260 Nc6 6 0 4
7258 Nc6 60 3 34
7258 c5 44 1 19
7258 d5 6 1 2
7258 d6 5 0 3
7258 Bc5 4 0 3
7256 Nc6 257 23 493
7256 d6 20 1 19
7256 c5 20 1 11
7256 Nf6 14 0 13
7256 Qf6 9 1 9
7256 b6 6 0 4
7256 Qe7 2 0 3
7256 f6 3 0 2
7257 dxc3 376 14 200
7257 Nc6 33 0 17
7257 d5 16 3 18
7257 Nf6 12 1 12
7257 d3 9 0 12
7257 d6 9 0 7
7257 c5 9 0 4
7257 Qe7 5 0 2
7257 Bc5 3 1 1
7259 Nc6 5 0 8
7265 d6 3 0 3
7266 d6 4 0 4
7264 fxe5 25 0 7
7269 Nf6 6 0 12
7270 Nf6 0 1 4
7279 Qxd5 3 0 4
7280 Nc6 2 0 4
7281 Nc6 3 0 2
7283 d6 35 2 31
7283 Nc6 5 1 8
7283 exf4 9 0 2
7285 exf4 5 0 3
7285 Qe7 6 0 0
7285 Nf6 4 0 1
7286 Bxe5 2 0 3
7289 Nf6 3 0 5
7289 exf4 4 0 3
7287 d6 119 5 66
7287 exf4 124 0 62
7287 Bd6 17 1 21
7287 Bc5 18 0 17
7287 d5 12 0 22
7287 Nf6 12 1 6
7287 f5 2 0 10
7287 f6 7 0 5
7288 Nxe5 18 2 13
7292 exf4 8 1 2
7293 Nxe4 8 0 5
7295 exf4 6 1 0
7296 Qxf4 8 1 4
7296 exf4 3 0 3
7297 Qf6 29 1 21
7297 Qe7 21 0 13
7297 Qd8 8 0 4
7301 dxe4 0 0 5
7299 dxe4 13 0 15
7299 exf4 4 0 2
7298 e4 35 5 28
7298 exf4 30 1 29
7298 Qxd5 18 0 12
7298 c6 3 0 5
7300 Qh4 1 0 9
7300 dxe4 5 0 3
7303 exf4 4 0 3
7302 Nc6 64 2 47
7302 Bg4 59 5 28
7302 exf4 55 1 27
7302 f6 19 0 8
7302 Nf6 14 0 5
7302 Nd7 14 0 1
7302 f5 4 0 1
7304 dxe5 10 0 7
7308 d6 10 1 6
7308 Qh4 5 0 8
7308 Be7 6 0 4
7308 Nf6 5 0 4
7308 Nc6 4 0 3
7307 d6 188 8 109
7307 g5 156 8 127
7307 Nc6 158 2 70
7307 Be7 113 3 82
7307 Nf6 86 3 49
7307 d5 74 1 49
7307 Bc5 84 2 31
7307 h6 39 2 27
7307 f6 32 0 13
7307 Qe7 24 0 14
7307 Bd6 24 0 7
7307 Qf6 12 0 5
7307 b6 5 0 7
7307 Ne7 8 0 4
7307 c6 5 0 4
7307 g6 4 0 3
7309 d6 1 0 6
7309 Qh4 5 0 1
7309 Nf6 4 0 1
7310 d5 6 0 4
7312 exf4 9 0 3
7312 e4 2 1 3
7313 fxe4 0 0 5
7314 Nc6 6 0 7
7314 d6 12 0 1
7315 fxe5 12 0 0
7319 Bc5 0 0 7
7319 Nf6 1 0 5
7320 d5 0 1 4
7320 Nc6 2 0 3
7326 d5 2 0 4
7326 b5 3 0 3
7330 d5 5 0 0
7331 Ng8 2 0 3
7333 g6 5 0 2
7336 Bb7 5 0 3
7337 Bb7 2 1 3
7335 Bb7 4 0 6
7343 d5 4 1 7
7346 exd5 99 7 143
7350 c6 2 0 3
7348 c6 12 1 2
7348 a6 4 0 2
7348 b6 3 1 2
7348 Bd7 4 0 1
7352 exd5 0 0 5
7358 Nf6 5 0 0
7359 Ng6 4 0 5
7364 Bb7 3 0 8
7365 Bb7 2 0 3
7366 Nc6 7 1 6
7369 d5 2 2 3
7370 d5 8 0 0
7373 d4 4 0 6
7373 Nf6 3 0 3
7373 dxe4 4 0 2
7375 d4 4 0 5
7372 dxe4 6 0 7
7372 Nf6 3 0 5
7372 Bb4 4 0 1
7374 c5 3 0 4
7371 exd5 60 8 92
7378 g6 1 0 8
7379 Bd7 3 0 2
7382 exd5 7 0 8
7384 Bb6 15 1 9
7387 Nf6 2 0 5
7387 b6 2 0 3
7392 a6 6 0 2
7393 d5 3 0 2
7391 Bb4 4 1 1
7390 Nf6 8 0 12
7390 d5 6 1 4
7390 b6 2 0 3
7390 Bb4 3 0 2
7398 Ng6 4 0 5
7397 Ng6 12 0 4
7396 Ng6 16 1 23
7396 g6 4 0 2
7399 Ng6 1 0 4
7404 d5 4 0 1
7402 Bc5 6 0 7
7402 d5 8 0 3
7402 Nc6 6 1 2
7402 Bb4 5 0 3
7403 d5 4 0 2
7401 Nd5 20 1 20
7401 Ng8 16 0 5
7401 Ng4 7 0 3
7401 Ne4 4 0 2
7410 g6 4 0 1
7408 g6 4 0 5
7409 g6 2 0 6
7411 g6 3 0 2
7407 g6 14 3 8
7421 Bb7 1 0 6
7418 Bb7 9 0 19
7417 Bb7 17 1 23
7420 Bb7 7 0 2
7416 Bb7 44 1 61
7419 Bb7 4 1 8
7423 Nc6 18 1 15
7423 a6 11 1 14
7423 d5 11 0 10
7424 Nc6 18 0 17
7424 a6 6 0 9
7424 d5 6 0 6
7424 b6 5 1 3
7426 Nc6 3 0 5
7426 a6 5 0 0
7428 Nc6 4 0 4
7427 d5 4 0 3
7427 Nc6 3 0 3
7422 cxd4 24 1 46
7422 d5 10 0 11
7422 a6 8 0 6
7422 Nc6 7 0 4
7422 d6 6 0 3
7425 d5 7 0 5
7425 Nc6 2 0 4
7434 d5 11 1 15
7435 d5 13 1 8
7433 d5 34 1 35
7433 b5 5 0 3
7433 h6 2 0 5
7446 c6 4 0 7
7446 Bd7 1 0 5
7444 dxe4 3 1 6
7444 Nf6 3 0 2
7441 d4 26 1 35
7441 dxe4 18 1 13
7441 Nf6 10 1 15
7441 c5 4 0 8
7441 c6 3 1 2
7442 dxe4 8 0 4
7442 Bd6 3 0 5
7442 f6 6 0 1
7442 c5 5 0 1
7443 dxe4 8 2 17
7443 c5 0 0 5
7445 dxe4 11 1 8
7440 c5 100 9 176
7440 Nc6 19 3 14
7440 f6 18 1 16
7440 Ne7 10 0 14
7440 a6 2 0 10
7440 d4 2 0 9
7440 c6 7 0 2
7440 Bc5 5 0 3
7439 exd5 380 44 564
7439 Qxd5 63 2 37
7439 Nf6 4 0 1
7453 c6 1 0 5
7453 Bd7 3 0 2
7450 Nd7 5 1 9
7450 c6 6 2 3
7450 b6 10 0 1
7450 Bd7 3 1 4
7450 Nf6 5 0 2
7450 Be7 5 0 1
7451 Bd7 4 1 7
7451 c6 7 0 3
7451 b6 3 0 4
7451 Nf6 5 0 2
7451 Nd7 2 0 4
7451 g6 3 0 2
7449 Nd7 20 0 16
7449 Bd7 17 1 15
7449 c6 19 2 12
7449 Nf6 19 1 8
7449 b6 13 0 4
7449 Be7 8 0 4
7449 Nc6 1 0 7
7449 Ne7 4 0 2
7449 d5 4 0 1
7449 g6 2 0 3
7457 exf5 10 0 3
7463 Bg7 7 1 8
7464 Bg7 7 2 2
7462 Bg7 21 0 14
7465 Bg7 3 0 2
7467 a6 3 0 3
7470 Qxd5 3 0 7
7472 exd5 1 1 8
7474 Nc6 1 1 4
7476 c5 2 0 4
7477 Bb7 4 0 5
7480 dxe4 3 0 12
7481 Nc6 4 0 2
7481 c5 2 0 4
7479 exd5 6 0 12
7479 Qxd5 3 0 3
7482 c5 2 0 4
7483 exd5 2 0 5
7485 Nc6 1 0 4
7486 cxd4 2 0 3
7488 d5 4 0 1
7487 d5 7 1 4
7491 dxe4 3 0 3
7490 exd5 7 0 8
7489 exd5 16 2 6
7493 c6 2 0 3
7496 g6 2 1 7
7498 g6 5 1 3
7497 g6 1 0 6
7502 d5 2 0 3
7504 d4 8 0 12
7504 Nf6 0 0 8
7504 Bb4 2 0 3
7504 dxe4 4 0 1
7507 dxe4 3 1 9
7508 dxe4 5 1 1
7505 c5 6 0 11
7503 exd5 21 1 42
7503 Qxd5 5 0 6
7514 Bxd2 3 0 2
7513 Ba5 7 0 2
7515 b6 4 0 2
7515 d6 3 0 2
7518 Nf6 8 0 2
7518 d5 6 0 2
7518 Bb4 6 0 0
7518 d6 3 0 3
7519 exd5 6 0 5
7527 a6 5 0 2
7525 Ng6 5 0 17
7525 a6 4 0 2
7525 g6 5 1 0
7523 Ng6 12 1 21
7529 Ng6 1 1 3
7524 Ng6 8 0 6
7524 a6 4 0 4
7524 c6 2 0 5
7524 b6 4 0 1
7528 Ng6 1 0 4
7526 g6 7 1 10
7533 d5 5 0 1
7534 Be7 5 0 4
7532 d5 10 0 4
7532 Bb4 9 0 0
7532 b6 1 1 3
7531 Nd5 42 0 16
7531 Ng8 19 1 10
7531 Ne4 11 1 7
7537 g6 5 0 2
7535 g6 6 0 9
7536 g6 14 0 1
7542 Bb4 12 1 14
7542 b6 4 1 2
7543 Qxe4 4 0 5
7546 Qe4 2 1 2
7553 Bb7 11 0 10
7552 Bb7 20 2 14
7550 Bb7 32 3 25
7557 Bb7 3 1 3
7551 Bb7 24 2 25
7556 Bb7 3 0 7
7554 Bb7 8 0 10
7555 Bb7 9 0 7
7558 Bb7 4 0 3
7564 cxd4 4 1 2
7564 Nc6 2 1 2
7560 cxd4 37 2 30
7560 d5 9 0 16
7560 Qc7 1 1 7
7560 Nc6 4 0 4
7560 a6 6 1 1
7562 cxd4 17 1 22
7562 d5 9 0 7
7562 Nc6 6 0 4
7562 Nf6 3 0 3
7562 d6 2 0 3
7561 exd5 26 1 24
7561 d6 14 0 22
7561 e5 8 0 6
7563 Bxc5 14 0 16
7565 cxd4 1 0 6
7571 d5 3 0 3
7569 d5 14 1 8
7566 d5 21 1 19
7566 h6 4 0 2
7566 b5 4 0 2
7567 d5 30 2 14
7567 a6 5 0 5
7572 cxd5 2 1 3
7568 d5 8 0 9
7568 d6 5 2 4
7570 d5 8 0 7
7578 Nf6 8 0 4
7578 c5 3 0 4
7578 dxe4 3 0 2
7576 Nf6 70 2 54
7576 Bb4 53 2 61
7576 dxe4 48 6 39
7576 c5 30 1 22
7576 c6 11 1 7
7576 Nc6 4 0 8
7576 Ne7 7 0 0
7577 Nf6 22 1 22
7577 c5 20 4 14
7577 dxe4 13 2 7
7577 Nc6 6 0 4
7579 dxe4 3 0 6
7574 c5 380 26 515
7574 f6 42 1 43
7574 Nc6 47 0 30
7574 Ne7 22 0 24
7574 c6 12 2 5
7574 a6 7 0 8
7574 Bd7 7 2 4
7574 b6 5 0 4
7574 Bb4 5 1 2
7574 Be7 4 0 2
7574 h6 3 1 2
7575 exd5 359 29 360
7575 Qxd5 61 3 45
7575 Ne7 4 0 1
7586 c6 7 1 3
7586 Bd7 5 0 3
7586 Nd7 6 0 1
7586 Nf6 4 0 1
7584 c6 10 1 3
7584 Bd7 11 0 1
7584 Be7 7 0 1
7584 Nf6 5 0 2
7584 Nd7 4 0 2
7582 c6 13 2 18
7582 Bd7 12 1 5
7582 Nf6 6 0 8
7582 Nd7 7 1 4
7582 Ne7 9 0 3
7582 g6 5 0 6
7582 h6 5 1 3
7582 b6 5 0 2
7582 Be7 3 0 2
7583 c6 16 2 14
7583 Nd7 11 1 10
7583 Bd7 11 0 6
7583 Nf6 6 0 6
7583 b6 6 1 5
7583 g6 4 1 4
7583 Be7 4 0 3
7587 e5 1 0 4
7585 c6 11 0 0
7585 Qh4 6 0 2
7585 b6 5 0 2
7585 Nf6 5 0 0
7592 exf5 3 0 2
7595 Bg7 15 0 3
7597 Bg7 5 0 3
7598 Bg7 6 0 2
7596 Bg7 7 0 1
7602 Bb6 6 0 4
7604 d6 7 1 2
7603 d5 6 0 2
7603 f6 5 1 0
7603 Qh4 3 0 2
7603 d6 3 0 2
7603 Bb4 3 1 1
7607 Qe4 7 0 0
7609 Bb7 1 0 4
7608 Bb7 4 0 11
7615 c5 42 1 53
7615 Nc6 7 1 2
7615 Ne7 4 0 4
7615 f6 3 0 3
7615 c6 3 0 2
7616 cxd6 9 3 15
7616 Bxd6 10 0 9
7616 Qxd6 3 0 4
7618 dxe5 12 0 4
7618 Nc6 3 0 4
7620 dxe5 6 4 15
7620 d5 3 0 3
7619 Bxd6 10 2 17
7619 cxd6 3 0 4
7621 dxe5 7 0 8
7622 Nxf6 2 0 4
7624 Bg7 4 0 4
7625 g6 1 0 5
7627 dxe4 1 0 4
7626 exd5 2 0 11
7632 a6 3 1 2
7633 Nf6 4 0 1
7634 g6 11 2 10
7635 g6 3 0 4
7636 Nd5 2 0 5
7639 g6 7 0 5
7640 Qd8 9 1 16
7640 Qf6 3 0 5
7641 Bb7 14 0 13
7642 Bb7 3 0 9
7643 Nc6 7 0 12
7643 d5 6 0 10
7644 d5 9 1 12
7648 dxe4 6 0 7
7646 c5 51 4 91
7646 f6 13 2 11
7646 Ne7 6 1 3
7646 a6 1 0 8
7646 Nc6 4 0 4
7646 d4 1 0 5
7646 b6 3 0 2
7646 Bc5 2 0 3
7647 exd5 57 2 76
7647 Qxd5 11 0 10
7650 Nd7 9 0 3
7650 c6 6 1 3
7650 g6 2 1 4
7650 Ne7 3 1 1
7650 Nf6 3 0 2
7650 b6 3 0 2
7650 Bd7 4 0 1
7650 Be7 5 0 0
7652 Bg7 7 0 2
7653 dxe4 1 0 6
7653 Nf6 1 0 4
7655 dxe5 2 0 3
7658 d5 4 1 9
7657 d5 2 0 8
7656 d5 10 0 6
7662 d5 2 0 3
7661 d5 1 0 5
7659 d5 6 1 5
7660 h6 4 0 3
7660 d5 5 0 1
7665 d5 10 0 18
7667 d5 8 0 3
7668 h5 6 0 6
7671 Nc6 4 0 2
7670 h6 1 0 6
7672 d5 4 0 5
7673 g4 6 0 4
7674 d5 61 1 47
7681 Kxf7 6 0 4
7682 e6 2 1 2
7677 e6 12 1 7
7677 d6 6 0 10
7677 Nf6 2 0 3
7676 e6 47 2 38
7676 Nf6 3 0 2
7679 e6 7 0 4
7679 d6 1 0 9
7678 e6 9 1 4
7678 Nc6 1 1 3
7680 e6 4 1 4
7680 d6 1 0 4
7685 e6 3 1 4
7684 e6 9 0 4
7684 Nc6 1 0 5
7684 d6 1 2 3
7687 d6 6 0 1
7698 c6 1 1 3
7692 e6 28 2 27
7692 d6 26 1 26
7692 b6 10 2 8
7692 Nf6 9 1 5
7692 c6 6 0 3
7692 c5 1 2 5
7692 Nh6 3 1 2
7693 d6 11 0 15
7693 e6 13 0 8
7693 Nf6 6 0 2
7693 c6 2 0 4
7693 b6 3 0 2
7694 d6 10 1 8
7694 e6 6 1 3
7691 d6 50 3 37
7691 e6 39 4 25
7691 b6 20 1 17
7691 c6 8 0 7
7691 Nf6 8 1 4
7691 c5 1 2 9
7691 Nh6 5 0 2
7691 h6 3 0 2
7691 Nc6 2 0 3
7695 d6 5 1 2
7695 b6 2 0 3
7700 e6 11 1 20
7708 e6 3 0 4
7707 d6 3 0 4
7706 e6 4 0 8
7706 b6 5 1 3
7715 d6 13 1 19
7715 e6 14 0 6
7715 b6 7 1 3
7715 Nf6 5 0 1
7717 d6 26 1 10
7717 e6 8 1 7
7717 Nc6 2 0 4
7717 c5 2 0 4
7717 c6 2 0 4
7713 d6 59 5 50
7713 e6 39 1 22
7713 b6 10 0 11
7713 d5 8 0 7
7713 Nf6 12 2 1
7713 c6 8 0 7
7713 Nc6 4 1 7
7713 Nh6 9 0 0
7713 c5 3 0 4
7716 d6 18 2 19
7716 e6 6 1 7
7716 c5 3 1 9
7716 b6 4 0 4
7719 d6 12 2 15
7719 e6 7 2 8
7719 c6 5 0 0
7719 Nc6 3 0 2
7714 d6 23 1 32
7714 e6 22 1 19
7714 c5 4 0 12
7714 b6 5 1 5
7714 Nh6 6 0 2
7714 d5 3 0 2
7718 d6 17 1 19
7718 e6 9 0 4
7718 b6 2 0 4
7718 c5 1 0 4
7726 d6 8 1 15
7726 e6 0 1 4
7726 b6 1 0 4
7726 c5 2 0 3
7727 d6 0 1 5
7728 d6 15 1 12
7728 e6 15 0 8
7728 b6 7 0 8
7728 c6 2 0 6
7728 Nf6 6 0 0
7728 c5 1 1 4
7728 Nc6 3 0 2
7729 d6 5 3 7
7729 e6 3 2 1
7730 d6 2 0 6
7731 d6 1 0 4
7735 c5 3 0 5
7736 d5 4 0 2
7737 Bg7 4 0 2
7738 Bb7 3 0 2
7740 g6 6 0 2
7740 e6 4 0 2
7741 g6 3 0 4
7743 d6 5 0 1
7745 Nc6 4 0 9
7747 d5 3 0 2
7748 Bg7 4 0 2
7749 Nf6 2 0 3
7750 e6 3 0 3
7752 Bxf3 5 0 4
7752 e6 4 1 1
7752 Nf6 2 0 3
7755 Bg4 11 1 2
7755 Bf5 2 0 3
7754 Bg4 3 1 9
7754 Nf6 3 0 4
7758 e6 3 0 4
7758 g6 2 0 3
7762 Nc6 10 0 1
7764 Nc6 6 0 2
7763 cxd4 1 0 4
7761 Nc6 23 2 22
7761 Nf6 3 0 2
7765 Bg4 1 0 4
7767 Nc6 2 0 3
7767 Nf6 3 0 2
7766 Nf6 7 1 1
7766 c5 5 1 2
7769 Nf6 1 0 5
7771 Bg7 3 0 2
7776 Bd7 2 0 3
7779 d5 4 1 9
7779 Nf6 1 0 4
7779 Bc5 3 0 2
7781 dxe5 2 1 5
7780 Bxd6 9 1 20
7782 Bb7 7 0 0
7786 c5 8 0 2
7786 Nf6 3 0 2
7785 Nf6 9 1 7
7785 c5 10 0 5
7785 Nc6 3 0 2
7791 b6 2 0 5
7791 d6 5 0 0
7797 Bg7 3 0 2
7798 c5 2 0 4
7800 Bb7 3 0 4
7801 Bb7 11 0 6
7802 Bb7 1 0 4
7803 Bb7 3 0 2
7806 bxc6 0 0 5
7809 Nf6 0 0 5
7810 Nf6 1 0 4
7812 Nc6 3 0 2
7813 Bg7 4 0 6
7814 e5 3 0 6
7814 Nf6 3 0 6
7814 e6 2 0 4
7818 Nf6 5 0 1
7821 Bf5 2 1 2
7823 e6 2 0 3
7823 Nc6 2 0 3
7824 e5 0 0 5
7830 e5 0 0 6
7831 e5 4 1 3
7839 e4 3 0 3
7836 Nf6 4 0 5
7838 f5 2 0 3
7840 e4 5 1 5
7837 Nf6 4 1 4
7837 e4 3 0 4
7846 Nf6 2 0 3
7852 Nf6 3 1 1
7845 Nf6 4 0 1
7854 e5 2 0 3
7857 Nc6 4 0 8
7858 Bg4 4 0 2
7858 Bf5 4 0 1
7865 Nf6 2 0 3
7869 Nf6 3 1 1
7871 d5 2 2 2
7873 d5 3 0 2
7872 d5 2 0 4
7876 Bc5 3 0 4
7882 e4 3 2 5
7881 Be6 2 0 3
7879 Nf6 8 0 4
7879 e4 4 0 5
7879 Nc6 2 0 4
7879 c5 1 0 4
7880 Nf6 5 0 4
7884 e4 5 0 3
7878 e4 8 0 7
7878 Nf6 3 0 7
7878 c6 1 0 6
7878 Nc6 3 0 4
7883 dxe4 2 0 3
7883 d4 2 0 3
7891 exd4 10 0 1
7891 e4 3 0 5
7892 d5 3 0 4
7892 c5 4 0 1
7893 Nc6 3 0 2
7895 g6 1 0 4
7900 Nf6 4 0 2
7896 Nf6 1 1 11
7896 Nc6 5 0 4
7896 c6 2 0 6
7896 c5 1 1 4
7899 Nf6 5 0 2
7898 Nf6 2 1 2
7897 Nf6 6 0 6
7897 c5 6 0 0
7906 Nf6 4 1 0
7905 c6 2 2 3
7905 Nf6 0 0 6
7905 e6 2 1 2
7910 Qxg5 14 1 12
7910 Nc6 0 0 7
7914 Qe7 8 0 8
7914 Qf5 4 0 4
7914 Qd8 4 0 3
7914 exd4 5 0 0
7914 Qf6 2 0 3
7918 f4 3 1 1
7922 Ng3 5 1 5
7921 Ng3 28 0 7
7925 Nxd4 17 1 7
7930 Qa4 12 0 17
7930 Qe3 2 0 4
7932 Be3 4 0 1
7938 e4 3 0 2
7941 Bg2 5 0 2
7942 Nxd4 2 0 4
7945 Bg2 5 0 0
7944 Bg2 2 0 6
7947 Nc3 5 1 1
7949 Nc3 3 0 2
7952 Nc3 5 0 5
7953 O-O 3 0 2
7954 O-O 4 0 4
7955 O-O 1 0 5
7957 O-O 5 1 6
7958 O-O 21 0 20
7964 O-O 4 0 1
7961 O-O 8 0 5
7962 O-O 8 0 2
7965 cxd4 2 1 4
7968 Nxc6 5 0 4
7971 Nxc3 7 1 2
7973 Nxd4 2 0 5
7974 Nxd4 2 0 3
7979 O-O 4 0 2
7976 O-O 5 0 2
7978 O-O 1 0 4
7975 O-O 7 0 5
7982 O-O 5 0 2
7983 O-O 7 0 2
7985 O-O 6 1 8
7988 O-O 2 0 4
7987 O-O 5 0 6
7989 O-O 4 0 1
7990 O-O 1 0 4
7992 e3 3 0 2
7993 e3 6 0 1
7997 Bxc4 4 0 1
7996 Nc3 3 0 2
7998 b4 4 0 2
7999 fxe3 3 0 2
8000 Qxc4 6 0 3
8003 Qxf3 5 0 1
8004 e3 6 0 1
8005 Nc3 3 2 1
8008 Bb5 2 0 5
8008 Bd3 3 0 3
8012 Nc3 6 3 3
8022 Nc3 8 0 4
8022 cxd5 6 0 1
8023 Nc3 9 0 0
8023 cxd5 4 0 1
8030 Bc4 4 1 5
8033 Bxf3 5 1 2
8034 O-O 3 0 3
8037 O-O 6 0 3
8037 d4 4 0 1
8036 d3 15 1 17
8036 O-O 1 0 10
8038 O-O 5 0 2
8040 O-O 3 0 6
8041 O-O 5 0 5
8043 O-O 3 2 5
8039 O-O 5 1 2
8042 O-O 5 0 4
8045 O-O 4 0 1
8046 O-O 14 0 30
8046 d4 13 2 8
8047 O-O 6 1 5
8048 O-O 3 1 2
8049 O-O 4 0 3
8049 d4 3 1 2
8050 O-O 5 0 1
8054 O-O 2 0 3
8051 O-O 12 0 12
8052 O-O 3 1 3
8053 O-O 2 0 4
8055 O-O 3 0 4
8056 Nc3 4 0 1
8058 O-O 4 0 1
8059 O-O 3 1 4
8064 Nc3 4 1 2
8070 O-O 1 0 4
8071 O-O 3 0 6
8074 O-O 1 0 4
8072 O-O 29 4 41
8073 O-O 5 1 8
8076 O-O 3 0 2
8077 Bc4 1 0 4
8078 O-O 6 1 7
8081 O-O 3 0 2
8080 O-O 3 0 2
8079 O-O 7 0 3
8083 Nc3 5 1 0
8086 d3 3 0 2
8087 b4 2 1 5
8088 Qxc4 2 1 6
8089 Nc3 6 1 7
8090 Bg2 0 0 5
8091 Bg2 1 1 4
8092 Nc3 5 1 2
8094 Bg2 7 0 0
8093 Bg2 4 0 5
8095 Bg2 5 0 1
8096 c4 4 0 1
8099 Nd2 2 2 2
8100 f4 1 1 3
8101 Nc3 2 0 3
8102 Ne2 6 0 4
8104 e4 5 0 1
8109 Bb5 9 0 5
8109 Ne2 2 0 4
8109 f4 4 0 1
8110 g3 3 1 3
8112 Bb5 6 0 6
8113 Bg2 4 0 2
8115 g3 5 1 2
8116 Nd2 4 0 1
8117 Ne2 5 0 0
8117 f4 2 0 3
8120 e4 3 0 3
8122 Nc3 3 2 3
8124 Nc3 3 0 2
8123 Nc3 1 0 5
8126 Bxd4 3 1 3
8129 f4 4 0 2
8128 Bb5 2 0 5
8127 Bb5 27 2 21
8127 f4 5 0 5
8127 Ne2 2 1 4
8130 Bb5 5 0 2
8132 d3 3 0 3
8134 Bg2 1 0 13
8136 Ne2 4 0 2
8135 Ne2 4 1 2
8142 g3 6 0 1
8143 Nd2 3 0 5
8146 Bg2 4 1 4
8147 e3 1 0 4
8151 Bxg7 3 0 3
8150 b5 5 1 1
8150 a3 3 0 3
8154 Bxg7 8 0 3
8152 a3 4 0 3
8152 Nc3 1 0 4
8153 Bb2 3 0 9
8156 e3 12 0 8
8158 Nf3 1 0 4
8159 Nf3 6 0 4
8160 Nc3 3 0 2
8161 e3 3 0 2
8162 cxb5 2 2 4
8164 Nf3 5 0 2
8169 e3 7 0 3
8173 Bg2 4 0 1
8174 g3 7 0 3
8174 e4 2 1 7
8174 Nxd5 0 1 5
8180 e5 3 0 2
8179 e5 6 0 2
8182 g3 1 0 6
8183 Nf3 11 0 0
8184 d4 3 1 8
8186 Bg2 19 1 16
8188 Bg2 7 2 2
8189 Nc3 5 0 13
8191 e4 2 0 3
8193 Nc3 2 0 3
8199 g3 3 0 3
8203 Nf3 4 0 1
8202 Nf3 5 0 1
8207 Bg2 3 0 2
8206 Bg2 5 0 1
8208 Bg2 1 1 3
8205 Bg2 5 0 4
8204 Bg2 7 0 6
8210 Nf3 0 0 6
8211 Bg2 2 0 7
8213 Nxd4 9 0 8
8214 Nxd4 3 0 2
8215 Nxd4 3 0 2
8217 d4 11 1 16
8218 Bb2 3 0 3
8219 Nc3 2 0 3
8220 d3 6 0 0
8223 Nf3 8 1 1
8223 g3 4 1 4
8223 d4 5 0 2
8224 Nf3 8 0 2
8226 Nf3 5 0 1
8222 Nf3 31 0 15
8222 g3 9 2 8
8222 d4 4 0 2
8228 Bb2 6 0 2
8233 Bg2 5 0 1
8235 bxc3 6 0 3
8236 Qxc3 6 0 4
8237 dxc3 2 1 6
8238 g3 4 0 2
8245 Bg2 1 1 5
8244 Bg2 3 0 3
8246 d3 4 0 5
8246 g3 3 0 2
8249 Nf3 4 0 4
8251 Nf3 1 0 6
8250 Nf3 6 0 5
8253 Bg2 5 0 2
8252 Bg2 8 1 6
8254 Bg2 3 0 2
8255 g3 9 0 14
8255 a3 3 0 3
8255 d4 2 0 4
8256 d4 6 0 0
8258 Bd2 5 0 2
8258 Nf3 1 1 3
8259 Nf3 6 0 6
8263 Nf3 1 0 4
8257 Nf3 12 0 4
8260 cxd5 7 0 4
8269 d3 6 2 0
8269 Nd5 3 0 2
8267 h3 3 2 5
8272 Nf3 3 0 2
8268 Nf3 6 0 3
8274 Bg2 7 0 3
8276 Bg2 4 0 5
8275 Bg2 9 0 3
8278 Bg2 4 1 3
8273 cxd5 4 2 9
8277 Bg2 3 0 5
8281 g3 3 0 2
8282 Bg2 4 1 1
8291 Bg2 3 0 2
8290 Bg2 7 0 1
8292 Nf3 4 0 2
8292 g3 2 0 3
8293 Bg2 13 0 1
8294 Nc3 4 0 2
8295 Nc3 9 0 5
8296 Nc3 2 1 3
8297 Nc3 1 1 3
8301 Qd1 6 0 3
8301 Qe3 1 0 4
8302 b4 4 0 1
8304 b4 4 0 2
8303 d4 1 1 4
8305 d4 3 0 3
8311 Nc3 4 0 3
8313 cxd5 3 0 2
8316 Nf3 6 0 1
8317 e5 1 0 4
8319 Bg2 4 0 2
8320 d4 26 1 25
8321 cxd5 2 0 4
8322 Nf3 3 1 4
8324 Nf3 3 0 3
8325 Bg2 2 0 3
8327 Bb2 7 0 6
8329 cxd5 5 0 1
8334 Nf3 7 2 2
8336 Bg2 1 2 2
8339 Nf3 2 0 3
8337 e4 1 0 5
8338 Nf3 5 0 3
8341 d4 2 1 2
8344 Bb2 4 0 5
8345 Nc3 3 0 2
8346 g3 2 1 2
8349 g3 3 1 2
8352 Bg2 4 0 2
8351 Bg2 3 1 2
8354 g3 5 0 1
8355 Kxd1 7 3 11
8361 h3 3 0 2
8363 Nc3 4 0 4
8364 Nf3 5 0 4
8366 d5 2 0 3
8368 Nc3 1 0 9
8368 e4 2 0 4
8370 b4 6 0 0
8371 f4 4 0 1
8378 Nf3 2 1 4
8381 Bd3 3 0 3
8381 Nf3 2 0 4
8383 Bxf6 1 0 4
8386 Nf3 6 0 3
8387 e3 0 0 5
8388 Bg3 5 0 2
8389 dxc5 3 1 1
8390 e3 7 0 3
8392 e4 3 0 9
8392 e3 2 1 9
8396 e4 7 1 11
8400 Nb5 3 0 2
8399 d5 8 0 2
8403 Nb5 7 0 3
8404 Nb5 5 0 1
8401 Be5 5 0 3
8402 Nb5 9 0 3
8410 Bg5 2 0 3
8407 Bg5 1 0 4
8411 f3 2 0 8
8414 Bf4 5 0 1
8413 Bf4 4 2 3
8416 e5 4 1 9
8416 Bd2 4 0 1
8416 Bd3 3 1 1
8417 e5 2 1 2
8418 Nb5 14 0 3
8421 e5 7 0 1
8420 Bg5 1 0 5
8423 cxd4 1 2 2
8424 c4 1 0 4
8425 exd4 4 0 3
8426 Bg2 4 0 2
8426 Nxd4 1 0 5
8430 e3 1 1 5
8437 c4 2 0 3
8436 c4 2 0 3
8435 Bd3 4 0 5
8435 Be2 3 0 2
8439 Bg2 4 0 1
8440 Nc3 5 1 5
8442 Bg2 3 0 3
8445 c3 2 0 3
8444 e3 2 0 3
8443 e3 4 0 6
8450 e3 1 0 4
8454 Bd2 2 1 3
8454 Nc3 2 0 3
8452 Nc3 2 0 8
8455 Nc3 2 1 2
8453 Nc3 3 1 2
8457 Bd3 8 1 7
8457 Be2 4 0 2
8458 Be2 3 1 6
8456 Bd3 9 1 13
8456 Be2 3 1 4
8461 c3 3 0 3
8460 Bg2 8 1 11
8463 e3 23 0 13
8463 h3 2 0 3
8464 Bxf6 5 0 2
8464 e3 2 0 5
8465 e4 5 0 2
8465 e3 1 0 5
8467 Bb2 5 1 1
8468 Nbd2 3 0 2
8468 Bg5 2 1 2
8469 Nc3 20 4 43
8469 e3 1 1 3
8470 Nc3 1 0 4
8471 Be2 7 2 14
8471 Bd3 7 0 6
8471 c4 5 0 5
8473 Bg2 20 1 27
8474 h3 3 0 2
8475 Nf3 4 0 6
8476 e3 3 0 3
8477 Nf3 6 0 2
8483 Qxd4 17 2 27
8486 Nxd4 4 1 14
8487 cxb5 26 3 22
8487 b3 8 1 14
8487 Nc3 3 1 6
8487 e3 1 0 4
8490 Nc3 7 0 7
8488 Nc3 5 2 8
8488 dxe6 1 0 6
8489 Nc3 10 0 4
8491 Nc3 5 1 5
8492 Nc3 1 0 4
8493 exd4 6 1 9
8496 e3 3 1 1
8500 Nf3 4 0 1
8498 e4 11 2 5
8498 e3 7 0 2
8498 Nf3 3 0 2
8499 Nf3 6 0 2
8499 Bg5 4 0 2
8499 a3 3 1 1
8499 e3 5 0 0
8502 e3 1 0 4
8504 e4 12 0 4
8504 Nc3 3 0 2
8505 Nc3 8 1 5
8507 Bxc4 4 0 2
8506 Nf3 3 0 3
8509 Nf3 3 1 4
8509 e4 3 0 3
8508 e4 21 0 25
8508 Nf3 8 1 12
8511 Nc3 2 1 3
8511 b3 2 0 3
8513 Qxd4 8 0 11
8514 Nxd4 0 0 5
8516 Bd2 2 0 3
8516 Nc3 3 0 2
8515 e3 7 0 12
8515 Nc3 4 2 13
8518 Nf3 6 0 2
8518 e3 6 0 0
8517 Nf3 24 0 32
8517 Bf4 6 1 2
8517 e4 5 0 4
8517 Qd4 3 1 5
8517 f4 5 0 3
8519 exd4 3 0 5
8521 e3 5 0 3
8522 Nf3 37 4 33
8522 Bd2 30 4 34
8522 Qc2 30 4 22
8522 a3 18 1 34
8522 e3 18 2 12
8522 Bg5 7 0 15
8522 Qb3 4 0 6
8522 f3 1 0 4
8527 Nf3 5 0 0
8525 e4 9 1 6
8525 Nf3 12 0 3
8525 Bg5 3 0 4
8524 d5 12 3 6
8524 Nf3 9 0 12
8524 e3 12 1 7
8523 Nf3 17 2 24
8523 Bg5 21 1 13
8523 e3 19 1 13
8523 cxd5 17 1 4
8523 c5 8 0 9
8531 Bd2 14 1 17
8531 Nc3 1 1 6
8530 g3 5 1 14
8530 Nc3 8 1 9
8530 e3 2 0 4
8532 e3 4 1 9
8532 d5 1 0 4
8529 Nc3 7 1 7
8529 g3 3 1 10
8529 e3 4 0 6
8529 Nbd2 3 0 3
8537 Nc3 2 0 3
8536 Nc3 4 1 1
8534 Nc3 10 0 9
8534 c5 3 0 4
8534 cxd5 2 1 2
8538 Bd2 3 0 6
8539 c5 3 1 1
8543 Bd2 10 0 2
8544 d5 5 0 0
8542 Bg2 7 1 3
8546 e4 145 8 122
8546 Nf3 59 3 56
8546 e3 13 0 22
8546 Bg5 6 0 10
8546 Bf4 2 1 6
8546 a3 3 1 2
8546 d5 3 0 2
8547 cxd5 41 9 53
8547 e3 14 3 36
8547 Nf3 28 0 24
8547 Bg5 9 0 8
8547 c5 2 0 12
8547 e4 4 0 1
8548 e4 8 0 7
8549 Nc3 10 2 14
8549 e3 7 1 12
8549 g3 8 1 4
8550 e3 2 2 5
8551 Bb2 11 2 9
8552 Nf3 3 0 6
8552 Nc3 2 0 6
8552 Bd3 1 0 6
8554 cxd5 2 0 10
8560 Be2 1 0 5
8564 Nf3 2 0 3
8568 c3 3 2 5
8571 Bd3 4 0 2
8569 Be2 2 0 4
8572 Bb2 0 0 6
8573 Nc3 3 0 5
8575 f4 7 0 2
8575 Nd2 2 0 3
8577 Be2 8 1 11
8577 Bd3 5 0 8
8577 Bc4 2 0 5
8577 Nc3 2 1 4
8577 c4 2 0 3
8578 Bb2 3 1 4
8579 Nc3 6 0 3
8579 Nf3 2 0 4
8580 Nf3 4 1 4
8581 Bg2 2 1 4
8582 fxe4 2 0 4
8583 g4 2 0 3
8584 e5 2 1 4
8585 e5 1 0 11
8586 e5 2 0 3
8587 g4 4 0 4
8588 Bd3 10 0 0
8590 c3 5 0 0
8593 Nf3 2 0 4
8594 Nf3 1 0 4
8595 Nf3 7 0 6
8597 Nf3 7 1 12
8601 Nf3 5 0 2
8610 Nb5 4 1 4
8612 Nf3 3 0 3
8613 Bh4 4 0 1
8616 f3 7 1 0
8615 Nb5 7 0 2
8614 Nb5 10 3 3
8619 Bxd8 6 0 1
8623 Nc3 2 0 3
8626 Qxf3 4 1 1
8624 Be2 5 0 7
8628 Bg2 8 1 2
8629 Nf3 13 2 25
8629 e4 25 1 11
8629 e3 3 0 3
8629 d5 5 0 0
8630 e4 35 2 13
8630 Nf3 14 0 8
8630 e3 5 0 1
8636 g3 1 2 8
8636 e3 2 0 3
8637 g3 5 0 3
8637 e3 2 0 3
8638 e4 3 0 5
8639 e4 1 1 3
8641 Nf3 1 0 4
8640 Nf3 4 0 3
8643 Be2 4 0 5
8643 g3 1 0 5
8644 Be2 8 0 3
8644 Nc3 5 0 2
8647 Nc3 6 0 0
8650 Bd3 5 0 7
8649 Bd3 12 0 4
8652 Nf3 4 0 1
8653 Nd2 3 0 2
8654 c4 4 0 2
8655 Nf3 2 0 7
8657 c4 5 0 11
8658 c4 3 1 4
8658 Nf3 5 0 2
8658 Nc3 3 0 3
8662 e5 4 0 11
8663 e5 5 2 5
8665 Qxd4 9 1 13
8666 Qd1 2 0 3
8667 Qd1 3 2 2
8668 Nxc6 5 0 7
8668 Nf3 7 0 1
8668 e3 1 0 6
8669 Nf3 6 0 3
8669 Nb3 5 0 2
8672 e3 4 0 1
8674 Qd1 5 0 7
8675 Bg5 5 0 3
8676 Qxd5 0 0 5
8677 Qd1 3 0 3
8679 e3 1 1 3
8678 Nc3 3 0 5
8678 Nf3 3 0 2
8682 Nxd4 13 1 6
8683 Qd1 36 2 39
8683 Qc3 2 0 3
8684 Qd1 2 0 3
8685 Bxe3 4 0 1
8686 Nc3 5 0 0
8688 Nc3 6 0 5
8693 Nc3 7 0 5
8692 Nc3 9 0 8
8692 dxe6 4 1 3
8692 e4 4 0 3
8691 Nc3 22 1 9
8691 e4 10 2 2
8694 Nc3 7 1 4
8696 Nc3 3 0 3
8698 c4 3 0 2
8695 c4 5 1 3
8697 Nc3 5 0 0
8701 Nc3 7 0 3
8700 Nc3 9 1 1
8703 c4 4 0 7
8703 Nf3 2 0 3
8706 Nc3 7 0 5
8705 e4 2 0 4
8704 cxd5 17 1 14
8707 Nf3 8 0 4
8707 e3 3 0 4
8707 Nc3 2 0 3
8710 Nf3 5 0 3
8711 Nf3 14 1 6
8711 Be3 7 0 2
8711 e4 7 0 1
8714 bxa7 2 0 4
8721 e3 3 1 2
8721 Nc3 2 0 3
8722 c3 5 1 12
8725 Nf3 4 0 1
8726 Qd1 11 1 13
8727 Qd1 4 0 1
8731 Nf3 3 1 1
8728 Nf3 4 0 12
8728 f4 7 0 1
8728 c3 3 0 2
8729 Nf3 0 0 5
8737 Qd1 3 1 13
8738 Qd1 2 0 3
8739 e3 4 0 6
8742 Nxe4 4 0 1
8746 Nc3 1 0 4
8745 c4 4 0 1
8745 Bd3 2 0 3
8748 Bg2 5 0 2
8753 Nf3 5 0 2
8750 Nf3 18 3 19
8750 e3 11 0 5
8750 cxd5 11 0 1
8750 Bf4 2 0 3
8751 e4 13 0 5
8751 Nf3 10 0 6
8751 e3 6 1 2
8751 a4 3 0 2
8752 Nf3 14 0 9
8752 cxd5 6 0 7
8752 e3 8 0 1
8756 Nc3 5 0 2
8759 Nc3 18 0 18
8761 Nc3 5 0 6
8760 Nc3 3 1 5
8760 Nf3 2 0 4
8763 Bxc4 4 0 1
8762 Nf3 6 0 1
8764 Nf3 2 1 2
8764 e4 2 1 2
8765 Nf3 3 0 2
8766 cxd5 2 0 3
8773 Nc3 2 2 1
8776 Bxc4 5 0 0
8777 Nf3 4 0 3
8778 Nxe4 4 0 2
8779 Bd3 4 1 7
8779 Nf3 4 0 2
8779 f4 3 0 2
8780 f4 4 0 3
8781 f4 4 0 4
8782 Nf3 0 0 6
8782 Nc3 0 0 6
8782 c4 2 0 3
8783 fxe4 3 0 5
8785 Nf3 3 0 2
8787 Nb5 3 0 3
8786 Nb5 6 0 6
8786 a3 5 0 2
8786 f3 3 0 2
8793 Bd3 2 0 4
8792 Bd3 9 1 4
8792 Nf3 5 0 4
8800 Nb5 7 0 2
8800 a3 3 0 3
8797 Nb5 18 0 6
8802 Qxd4 5 0 1
8798 e3 3 0 5
8798 a3 5 0 1
8798 e4 3 0 2
8799 Nb5 5 2 6
8801 Nb5 3 0 3
8803 e3 8 0 1
8807 Nf3 5 1 2
8807 Bb5 4 0 3
8807 Bd3 1 0 5
8807 a3 3 0 3
8807 c4 5 0 0
8806 Bb5 8 2 7
8806 Nf3 11 0 6
8806 Nc3 4 0 3
8806 Bd3 4 0 1
8809 h3 4 1 2
8808 Bb5 8 0 3
8810 Bb5 1 0 4
8815 Nb5 3 0 4
8813 Nb5 9 0 3
8812 e3 13 0 6
8812 Nf3 3 0 3
8814 e3 6 0 2
8814 Nf3 1 0 4
8811 Nf3 3 0 13
8811 Nb5 6 0 6
8811 e3 7 0 2
8811 a3 4 1 1
8817 e3 5 0 0
8816 e3 3 1 7
8819 Nf3 3 1 3
8820 Bb5 2 1 7
8820 Nc3 3 0 3
8818 a3 12 1 2
8818 Nf3 6 0 4
8818 c4 3 1 5
8818 Bg5 3 0 2
8818 Nc3 3 0 2
8818 Bb5 1 0 4
8824 Qxd4 0 0 5
8831 e3 2 1 2
8837 Bxd6 5 1 9
8837 Qd2 4 0 2
8842 Nb5 4 0 1
8839 Nf3 2 0 3
8836 Nf3 5 0 5
8836 a3 5 0 3
8836 e3 3 0 5
8838 Nb5 3 0 10
8838 dxc5 3 0 3
8844 e3 3 0 2
8845 e3 1 1 3
8847 Qd2 8 0 2
8846 Nc3 4 1 2
8846 e3 5 0 1
8849 Bg3 11 0 3
8849 Bxd6 2 0 5
8848 Nf3 9 1 8
8848 c4 3 0 2
8851 Nf3 3 0 2
8850 dxc5 3 0 3
8850 Nf3 3 1 1
8854 Bh4 5 0 1
8855 e3 5 1 5
8856 Nf3 7 0 0
8856 e3 3 0 2
8859 e3 5 0 5
8858 Bg3 11 1 6
8860 Bg3 9 0 7
8864 e3 15 0 1
8863 Nb5 15 0 2
8867 Nb5 16 1 4
8866 Nb5 20 0 2
8869 h3 3 1 1
8871 dxe5 5 0 1
8868 Nb5 13 0 1
8870 Nb5 4 0 2
8872 Bf4 4 0 1
8875 Nxe4 3 2 7
8879 Nb5 28 0 2
8878 Nb5 45 1 7
8877 Be5 33 0 9
8877 e3 3 1 3
8880 Be5 10 0 2
8876 Nb5 49 0 11
8882 Nb5 4 0 3
8881 Nb5 8 0 2
8884 Nf3 5 1 2
8885 Bxf6 6 0 2
8888 Bg5 2 1 3
8888 e3 3 0 3
8888 Bf4 2 0 3
8890 Bg5 3 0 2
8887 Bg5 5 0 3
8887 Bf4 5 1 1
8887 e3 2 1 3
8889 Bf4 4 0 4
8889 Bg5 2 0 4
8895 e4 2 0 5
8897 e4 1 0 4
8899 Bg2 3 0 4
8898 Bg2 8 0 1
8901 exd4 5 1 1
8909 e5 6 0 3
8908 Nxe4 26 1 6
8907 exd5 12 1 4
8907 e5 5 0 2
8907 a3 6 0 0
8915 Bg5 3 0 6
8915 Bf4 2 2 2
8916 dxc5 4 0 2
8923 e4 14 0 1
8920 Bf4 24 2 5
8919 Bf4 68 1 14
8922 e4 9 0 5
8921 e3 24 0 4
8925 e4 12 0 1
8927 Bf4 5 0 0
8926 Bf4 8 0 3
8924 Bf4 10 0 1
8931 e5 5 1 0
8929 Nxe4 7 1 15
8934 Bg2 6 1 4
8935 Nb5 6 1 2
8936 e4 5 0 0
8938 e3 3 1 7
8937 e3 11 0 19
8940 e3 6 0 3
8943 Nc3 3 0 4
8944 Nc3 3 0 3
8942 Nc3 4 0 2
8946 Bd3 6 0 2
8947 c4 3 2 0
8945 Bd3 11 1 10
8945 c4 7 1 7
8950 Bg2 6 0 2
8949 Bg2 4 0 10
8951 exf3 6 0 1
8951 gxf3 4 0 2
8952 e3 3 0 5
8954 gxf3 1 1 4
8955 c4 10 0 1
8956 g4 4 0 6
8958 Qxf3 11 0 9
8960 Be2 4 0 4
8959 Be2 4 0 3
8959 h3 4 0 1
8963 exf3 7 0 8
8964 Bg2 3 0 2
8965 exf3 9 0 4
8967 e3 8 1 2
8967 c3 5 0 0
8968 e3 8 2 6
8966 e3 13 1 10
8970 e3 4 0 2
8969 e3 7 0 1
8971 Bh4 4 0 2
8973 e3 2 0 3
8973 a3 3 2 0
8972 e3 10 0 8
8972 Bf4 1 0 4
8981 Nc3 3 0 3
8979 Nc3 15 1 9
8979 d5 4 0 3
8980 Nc3 4 0 3
8980 a3 3 1 1
8985 Bb5 9 0 7
8985 Bd3 6 0 2
8985 a3 4 0 2
8985 c4 6 0 0
8984 Be2 13 0 6
8984 c4 4 0 5
8984 Nc3 4 0 5
8984 Bb5 2 1 3
8984 h3 2 0 3
8983 Bb5 14 1 9
8983 c4 10 0 8
8983 Bd3 7 0 2
8983 Nc3 4 1 2
8983 b3 3 0 4
8987 Nc3 3 0 3
8987 c4 5 1 0
8989 dxe5 3 0 2
8986 c4 6 1 1
8986 Bb5 6 1 1
8988 c4 2 0 3
8992 a3 3 1 3
8992 Bg2 2 1 3
8991 Bg2 12 0 4
8990 Bg2 23 0 9
8993 Bg2 5 0 2
8996 e3 10 1 8
8997 e3 2 1 2
8995 e3 8 1 6
8998 e3 3 1 2
8994 e3 16 0 7
9001 Bxf6 3 0 3
9000 e3 6 0 4
9000 Bxf6 6 0 3
9007 Bg5 2 1 3
9006 e3 5 0 4
9005 e3 6 0 5
9014 Nc3 4 0 1
9012 Nc3 8 1 12
9013 Nc3 8 2 8
9013 e3 2 2 3
9011 Nc3 14 0 14
9011 cxd5 5 0 1
9017 Bd3 7 1 5
9017 c4 7 1 4
9016 Be2 9 0 6
9016 Bd3 3 0 6
9016 c4 4 1 3
9018 c4 6 1 2
9018 b3 3 0 2
9020 Bd3 2 0 4
9015 Bd3 13 1 9
9015 c4 13 0 6
9015 a3 5 0 0
9019 c4 1 3 5
9019 Bd3 2 0 3
9023 Bg2 10 0 7
9025 Bg2 3 0 8
9026 Bg2 4 0 3
9028 Bg2 2 0 4
9022 Bg2 27 2 16
9024 Bg2 7 3 6
9030 e3 3 0 3
9036 c3 3 1 2
9037 b4 2 1 2
9039 Bb5 6 0 4
9041 exd4 4 1 1
9045 e3 5 0 1
9043 e3 3 0 3
9043 Ne5 4 1 0
9042 e3 10 0 5
9044 e3 4 0 2
9046 Bh4 6 0 0
9047 Nc3 5 0 4
9047 cxd5 5 0 3
9048 Nc3 5 0 1
9054 c4 2 1 3
9053 Be2 8 0 2
9053 c4 1 0 4
9052 c4 5 0 2
9052 Be2 3 0 3
9051 c4 6 1 1
9051 Be2 1 0 4
9055 Bg2 4 1 7
9056 Bg2 4 0 2
9060 Ne5 6 0 1
9061 e3 3 0 6
9058 e3 21 4 14
9058 h3 0 0 5
9059 e3 11 2 5
9062 Bxe7 11 1 6
9062 Bf4 4 0 1
9065 e3 7 1 7
9066 dxc5 3 0 4
9069 Bg5 4 1 2
9069 e3 3 0 2
9071 Nc3 12 0 10
9074 Nc3 5 0 1
9072 Nc3 8 2 2
9073 Nc3 8 0 5
9078 Bb5 5 0 1
9076 Bd3 22 2 14
9076 c4 10 1 11
9076 Be2 13 0 8
9076 b3 8 0 0
9076 Nc3 2 0 4
9079 c4 5 0 2
9077 dxc5 10 0 9
9077 b3 3 0 7
9077 c3 3 1 5
9077 c4 4 0 4
9077 Be2 2 1 5
9077 Bb5 5 0 2
9077 Bd3 3 1 1
9088 Bg2 7 0 4
9086 Bg2 25 3 14
9087 Bg2 8 0 5
9087 c3 4 0 2
9089 Bg2 6 0 3
9090 Bg2 4 0 1
9094 c4 3 2 3
9095 Bg2 4 0 2
9099 Qxe4 2 0 3
9101 Qxe4 3 0 5
9102 e3 1 0 4
9105 e3 5 0 3
9104 e3 5 0 3
9106 h3 6 0 1
9109 Nf3 6 0 4
9111 e3 4 0 6
9114 Nf3 5 0 1
9115 dxc5 3 0 3
9117 e3 4 0 1
9123 Bb5 2 0 3
9126 Bg5 6 0 1
9130 e4 4 0 1
9131 Nc3 10 0 2
9133 e4 34 0 10
9133 e3 11 1 6
9133 Nf3 12 0 3
9132 Nf3 20 4 14
9132 e3 10 3 11
9132 cxd5 9 1 5
9132 Bf4 6 0 3
9132 c5 1 1 5
9137 Rxb1 3 0 2
9138 Qxb7 2 1 2
9140 Rxb1 6 1 4
9139 Nc3 12 0 6
9142 Rxb1 2 0 5
9144 e3 6 0 5
9144 Nf3 7 1 2
9144 d5 7 0 1
9149 Nc3 3 0 2
9151 Nf3 11 0 3
9151 Nc3 5 0 5
9151 e3 4 0 3
9152 Nc3 7 0 0
9157 Nc3 4 0 1
9164 Nf3 3 0 3
9164 cxd5 0 0 5
9163 Nf3 7 1 0
9161 Nf3 17 0 13
9161 e3 15 1 4
9161 Bg5 11 0 1
9161 cxd5 1 0 7
9161 Bf4 2 0 3
9162 e3 20 0 15
9162 e4 26 0 7
9162 Nf3 4 0 1
9160 Nf3 47 2 19
9160 Bg5 35 3 12
9160 e3 18 1 18
9160 a3 10 0 11
9160 cxd5 8 1 1
9165 Nf3 5 0 2
9165 cxd5 2 1 4
9169 Nc3 4 1 3
9169 cxd5 3 0 2
9169 e3 2 0 3
9170 Nc3 2 1 3
9171 e3 4 0 3
9171 Nc3 3 0 2
9168 Nc3 9 0 6
9168 Bg5 6 0 5
9176 e4 59 4 20
9176 Nf3 10 0 9
9176 Nc3 7 0 5
9177 Nc3 10 0 6
9180 Nc3 4 0 2
9181 f3 2 0 3
9179 Nf3 2 0 3
9178 Nf3 10 0 10
9178 c5 4 1 7
9178 Nc3 5 1 6
9183 Nc3 9 1 4
9184 Qxd4 9 0 2
9185 d5 7 0 0
9185 e3 2 0 3
9187 Nf3 9 0 8
9187 e3 4 1 0
9188 Qxd4 12 0 0
9190 Nc3 7 0 1
9192 Nf3 2 0 3
9193 Qxd8 5 0 0
9191 cxd5 2 2 5
9195 exd4 4 1 2
9196 e3 3 2 2
9200 Nf3 14 0 6
9200 e3 4 1 5
9200 cxd5 3 0 2
9197 Nf3 83 9 58
9197 e3 36 2 29
9197 Bg5 32 3 23
9197 cxd5 28 3 22
9197 Bf4 10 3 12
9197 a3 6 0 7
9197 g3 3 0 3
9201 Nf3 4 0 2
9199 e4 11 1 12
9199 e3 10 1 11
9199 a4 12 1 7
9199 Nf3 7 1 4
9202 dxe5 5 0 1
9198 Nf3 61 5 49
9198 e3 24 1 16
9198 cxd5 16 0 6
9198 e4 12 0 4
9198 Bf4 9 0 4
9198 a3 5 0 3
9208 Nc3 6 0 3
9207 e3 3 0 4
9204 Nc3 43 4 43
9204 e3 10 0 6
9204 g3 12 0 3
9204 Bg5 3 0 5
9204 Bf4 3 0 5
9206 e3 4 1 4
9206 e4 5 0 2
9205 Nc3 15 2 5
9205 e3 7 0 6
9205 g3 4 1 4
9209 Nc3 1 1 3
9211 b4 5 0 1
9214 Nc3 5 2 3
9213 Nc3 54 6 33
9213 Nf3 10 0 8
9213 Bf4 3 0 2
9213 e3 1 0 4
9218 Nc3 17 0 14
9216 Nc3 27 3 18
9216 Nf3 12 1 13
9216 cxd5 2 1 6
9219 Bxc4 5 0 3
9217 Nf3 10 1 12
9217 c5 9 1 4
9217 Nc3 5 0 7
9217 a3 2 0 3
9222 Bg2 3 1 2
9234 e4 6 0 3
9230 e4 11 1 4
9230 e3 6 0 0
9228 e4 12 0 7
9228 e3 9 0 2
9228 Nf3 9 0 1
9225 e3 39 1 14
9225 Nf3 27 1 7
9225 d5 22 1 4
9225 e4 7 3 2
9224 e4 54 3 28
9224 e3 41 5 24
9224 Nf3 15 2 12
9224 Bg5 7 1 0
9227 a4 10 2 15
9227 e4 10 2 11
9227 e3 13 1 7
9227 Nf3 4 0 1
9231 Nxb5 16 1 4
9235 e4 4 0 2
9233 d5 5 0 3
9233 e3 6 0 1
9226 a4 22 1 9
9226 e4 19 1 9
9226 e3 17 0 11
9226 Nf3 9 0 4
9229 d5 10 0 7
9229 e3 5 1 2
9229 Nf3 3 1 3
9223 e4 64 2 31
9223 e3 38 0 19
9223 Nf3 30 1 7
9223 a3 26 2 9
9232 e4 11 0 2
9242 Nc3 3 0 5
9240 Ne5 10 0 0
9240 e3 5 0 3
9241 e3 10 1 3
9237 Nc3 10 2 8
9237 e3 12 2 3
9239 e3 4 1 3
9239 a4 4 1 2
9243 e3 4 0 1
9238 e3 11 0 5
9238 Nc3 2 0 6
9246 Qxc4 17 1 24
9247 e3 6 1 8
9247 Qxc4 5 1 5
9247 Nf3 6 1 1
9248 Qxc4 15 0 7
9253 Nc3 11 0 11
9253 Qa4 6 0 7
9253 Na3 3 0 3
9253 Nf3 4 0 1
9254 Bxc4 23 0 11
9254 Nc3 7 0 1
9255 Bxc4 12 2 11
9251 Bxc4 63 2 33
9257 Nc3 11 0 3
9262 Bxc4 6 0 0
9250 a4 123 2 37
9250 Nc3 27 0 12
9250 Qf3 4 0 2
9259 Nxc3 6 0 1
9258 Bxc4 7 0 2
9260 Bxc4 6 0 3
9256 Bxc4 9 1 6
9252 Bxc4 49 3 37
9252 Nc3 6 1 1
9261 Bxc4 5 0 1
9267 d5 10 1 3
9267 Nf3 5 0 2
9266 Nc3 17 0 11
9266 e5 9 0 6
9264 a4 18 2 19
9264 Nc3 21 0 17
9264 Nf3 10 0 2
9264 d5 3 0 5
9264 b3 2 0 3
9268 d5 9 0 6
9265 d5 26 1 9
9265 Nf3 3 0 6
9265 Bxc4 3 0 3
9263 Bxc4 74 6 29
9263 Nf3 4 1 1
9263 Nc3 3 0 2
9270 Bxc4 4 0 1
9273 d5 10 0 4
9274 Qxd4 13 3 5
9277 Nc3 7 1 7
9277 Nf3 2 0 3
9280 cxd5 3 0 2
9278 Nf3 45 4 35
9278 e3 6 0 16
9278 a3 4 0 7
9278 e4 4 0 3
9279 Qxd8 6 0 2
9282 Bxc4 3 1 3
9281 exd4 7 1 11
9285 e3 2 0 5
9288 Nf3 39 2 18
9288 e3 17 1 15
9288 cxd5 19 1 10
9288 Bd2 11 1 9
9288 a3 5 2 4
9288 Qa4 4 1 1
9292 Nf3 5 0 7
9293 Nf3 3 0 2
9293 cxd5 3 0 2
9286 Nf3 154 9 88
9286 Bg5 127 12 79
9286 e3 71 4 48
9286 cxd5 39 5 26
9286 Bf4 7 0 10
9286 a3 10 0 7
9290 cxd5 16 0 11
9290 Nf3 8 1 13
9290 e3 11 0 4
9290 dxc5 1 0 4
9287 Nf3 68 4 29
9287 e3 22 2 14
9287 cxd5 11 1 8
9287 e4 11 0 6
9287 Bf4 5 0 1
9287 a3 3 0 2
9289 e4 33 0 25
9289 e3 23 1 11
9289 Nf3 20 0 7
9291 Nf3 4 2 7
9291 cxd5 5 0 8
9291 e3 3 0 3
9301 Bd2 5 2 5
9302 Nc3 2 0 3
9297 Nc3 42 6 32
9297 g3 21 0 14
9297 Bg5 18 2 14
9297 e3 11 0 13
9299 e3 1 1 6
9299 cxd5 2 0 5
9298 Nc3 13 0 5
9298 g3 3 0 5
9298 e3 3 1 1
9300 Nc3 5 0 3
9300 g3 5 0 0
9307 Nc3 17 0 25
9307 Bg5 1 1 4
9308 dxc5 8 0 0
9310 Nc3 4 0 3
9309 Nc3 2 0 3
9309 e3 2 0 3
9312 Nc3 2 1 2
9311 b4 7 0 14
9313 Nc3 5 1 0
9316 Nc3 21 1 9
9315 Nc3 33 1 32
9315 Nf3 7 0 6
9315 e3 4 2 6
9315 a3 4 0 6
9322 Bd2 7 0 4
9322 Nc3 6 0 3
9318 Nc3 28 2 23
9318 Nf3 24 2 21
9318 c5 18 0 9
9318 a3 6 0 10
9318 cxd5 9 0 5
9320 Nf3 3 2 5
9320 cxd5 8 0 2
9319 Nf3 8 0 3
9319 c5 6 1 4
9319 Nc3 4 0 1
9321 Bxc4 12 2 3
9330 Nf3 2 0 4
9331 cxd5 2 0 3
9332 Nc3 2 1 3
9333 Nc3 4 0 1
9334 Qxd3 13 0 5
9337 Bd2 3 1 1
9339 c4 5 0 1
9339 a3 1 0 4
9338 c4 6 0 1
9338 a3 4 2 1
9338 Bd3 3 0 4
9345 Bxc4 11 1 4
9344 cxd5 3 0 5
9344 Nc3 4 0 2
9349 Nf3 3 0 4
9348 Nf3 4 0 4
9351 f3 2 0 3
9350 h4 2 0 3
9353 Bxc6 3 0 7
9354 Bxc6 1 0 4
9355 Nd2 3 0 2
9356 dxe5 3 0 2
9358 Nf3 4 0 2
9362 a3 2 0 7
9362 c4 5 0 0
9362 Bd3 2 0 3
9361 Nc3 3 0 6
9361 Be2 3 0 5
9360 Bb5 6 1 2
9360 c4 4 0 4
9360 Be2 4 1 2
9360 Nc3 4 0 1
9367 dxe5 1 1 3
9370 Bb2 3 0 3
9371 Bb2 3 0 2
9375 Bxc4 26 1 11
9376 cxd5 4 1 2
9380 Nf3 5 0 7
9380 c4 3 0 3
9381 Bd3 7 0 6
9381 Nf3 5 0 1
9382 Nf3 3 0 4
9382 Bd3 4 0 1
9383 Nf3 6 0 1
9388 Bxd7 2 0 3
9387 Ba4 3 0 4
9391 f3 5 0 10
9390 f4 8 1 4
9393 c3 3 1 1
9389 Nd2 10 0 7
9389 Nf3 2 1 3
9389 Bd2 2 1 3
9395 Nf3 2 0 4
9402 Nc3 3 0 2
9400 Be2 10 0 8
9400 c4 4 1 7
9400 h3 3 1 3
9401 Nc3 6 2 0
9401 Bb5 4 0 2
9399 c4 8 1 6
9399 Bd3 2 1 6
9399 Be2 4 1 4
9399 Nc3 4 0 2
9407 Bb2 4 0 2
9408 Nd2 2 0 4
9410 Qa4 3 0 2
9415 Nc3 1 0 5
9417 Be2 5 0 1
9413 Nc3 3 0 5
9413 c5 1 0 4
9413 cxd5 0 1 4
9413 Nf3 1 0 4
9414 Bxc4 11 0 11
9412 Nc3 8 0 7
9412 cxd5 4 0 4
9420 Bd3 3 0 5
9420 Nf3 2 1 2
9421 Nf3 6 0 4
9419 Nf3 12 0 7
9419 Bd3 6 0 2
9425 Bb5 1 0 4
9431 Bxc4 6 0 2
9432 Bxd7 1 0 4
9435 Nxd4 2 0 6
9437 Bd3 3 0 2
9438 b3 2 0 3
9443 b4 4 0 3
9448 f4 6 0 4
9449 f4 2 0 3
9451 c4 1 0 4
9450 Bd3 4 1 3
9450 Be2 2 0 3
9456 cxd5 2 0 4
9457 Bxc4 4 0 1
9455 cxd5 4 0 1
9458 Nf3 3 0 3
9459 Nf3 5 0 0
9460 Nf3 2 0 3
9461 Nf3 3 0 3
9465 Bxd7 1 0 6
9464 Bd3 3 0 5
9464 Ba4 2 0 3
9469 c3 6 0 1
9466 Nd2 11 1 6
9466 Bd2 9 0 5
9466 f4 6 0 3
9466 Nf3 4 0 4
9467 c3 11 0 6
9468 Nd2 3 0 2
9472 Nf3 3 0 3
9476 c4 3 0 2
9474 c4 14 1 10
9474 Be2 11 0 8
9474 Nc3 7 1 7
9474 Bd3 9 1 3
9474 Bb5 2 0 6
9474 a3 1 0 5
9474 h3 1 0 4
9475 c4 5 0 9
9475 dxc5 1 1 6
9475 Bb5 2 0 5
9475 Be2 3 0 2
9477 Bd3 2 1 3
9477 Be2 5 0 1
9492 cxd5 8 0 5
9492 Nc3 5 0 5
9492 Nf3 4 1 3
9492 a3 4 0 3
9495 cxd5 5 0 1
9493 Nf3 2 0 5
9493 cxd5 3 0 2
9494 Bxc4 5 2 10
9503 c3 4 1 2
9505 Nf3 1 0 6
9504 Nf3 3 0 5
9502 Nf3 2 2 2
9499 Nf3 8 2 11
9501 Nf3 6 0 5
9498 Nf3 13 0 8
9498 c3 5 0 0
9506 Nf3 4 0 1
9500 Nf3 10 0 3
9507 Bg2 0 0 7
9511 Bd3 2 0 3
9512 f3 7 0 1
9513 e5 4 0 2
9519 f3 10 0 13
9520 Be3 3 0 2
9517 f3 54 3 58
9522 Nxe4 4 0 2
9518 f3 13 1 13
9524 Nc3 3 0 3
9523 Nxf3 30 1 12
9525 e5 4 0 2
9526 f3 3 0 3
9529 Nc3 3 0 3
9530 h4 13 1 15
9530 Nc3 3 0 2
9531 g4 5 1 2
9534 g4 4 0 6
9532 g4 7 0 4
9533 e4 4 0 2
9535 e4 2 0 3
9536 fxe4 7 1 8
9537 g4 2 0 8
9539 g4 4 0 1
9538 g4 5 2 1
9541 g4 3 0 3
9540 g4 4 0 2
9544 g4 7 0 5
9543 g4 10 0 3
9545 g4 2 0 3
9547 Qxd4 2 0 5
9546 fxe4 4 0 4
9550 fxe4 3 1 2
9551 e5 3 0 2
9552 g4 3 0 4
9553 g4 3 0 4
9554 e5 0 0 5
9555 fxe4 1 0 4
9557 Nc3 5 0 2
9556 e4 3 0 5
9559 e4 4 0 1
9560 g5 2 0 4
9564 c3 3 0 3
9565 g4 6 0 0
9562 g4 7 1 13
9561 g4 13 1 5
9563 g4 5 0 5
9566 dxe5 4 0 1
9572 e3 2 0 4
9573 Nf3 7 0 4
9576 Nf3 3 0 4
9575 f3 9 1 5
9575 Nf3 9 0 3
9578 Nf3 3 0 2
9581 Nf3 3 1 2
9579 Nf3 7 1 2
9579 f3 0 1 5
9580 Nf3 5 0 2
9583 Qxd4 2 0 4
9584 Nf3 3 0 3
9587 Nf3 5 0 6
9586 dxc5 1 1 5
9586 Nf3 1 0 4
9600 Nc3 1 0 4
9602 Bg2 2 0 3
9604 exd6 4 1 6
9608 Bg2 3 0 2
9609 e4 18 1 25
9609 Nf3 5 0 8
9609 Bg5 2 0 3
9610 e4 18 2 2
9610 Nf3 11 0 5
9618 Qxd4 5 1 7
9619 Nc3 5 0 7
9622 exd6 2 1 3
9621 Qxd8 1 3 6
9623 Nf3 7 1 1
9623 e4 8 0 1
9623 e3 2 0 3
9624 Nf3 5 0 2
9624 e4 5 0 1
9631 e4 16 1 10
9631 Nf3 8 1 12
9631 e3 1 1 7
9634 Nf3 2 0 3
9636 Nf3 5 0 4
9638 Nf3 3 0 3
9642 c4 6 0 1
9644 Bg5 6 0 2
9647 Qxd8 10 0 1
9653 c3 1 0 4
9655 e3 6 0 1
9659 Nc3 3 0 2
9660 Qd1 19 1 12
9664 Nc3 2 0 3
9665 Nc3 4 0 1
9666 Bg5 3 0 3
9669 exd6 2 1 3
9671 Nf3 2 0 5
9672 Bf4 10 1 24
9672 Nc3 8 0 4
9676 exd6 7 0 1
9673 exd6 8 0 8
9674 exf6 7 0 7
9681 g3 1 0 4
9678 exd6 8 0 4
9678 Nf3 3 0 3
9680 exf6 6 0 2
9683 Bf4 4 0 6
9684 Nf3 4 2 4
9685 Nf3 13 1 15
9685 Nc3 6 0 3
9685 e4 6 0 3
9685 e3 2 1 4
9685 g3 5 0 0
9686 Qxd6 9 0 4
9688 Nf3 8 2 7
9688 Bg5 5 0 4
9688 Nc3 7 0 2
9688 e3 3 0 3
9689 Qd1 6 0 5
9690 Qd1 2 0 3
9695 Qd1 5 1 12
9698 Nb5 2 0 5
9700 d5 6 0 1
9701 Qxd5 2 0 4
9705 Bxd6 4 2 6
9705 Qd2 3 0 2
9704 Nb5 2 0 12
9704 e3 4 0 3
9706 Nb5 4 0 1
9710 Bxd6 1 0 5
9715 Nf3 2 0 5
9716 e3 3 1 1
9719 exd4 7 0 0
9721 Bf4 5 0 0
9723 Bg3 6 0 8
9730 Bd2 5 0 2
9731 e3 3 0 3
9734 Be2 3 0 3
9735 Bg2 4 0 3
9736 Bh4 3 0 2
9737 cxd4 5 0 0
9738 Nxd4 2 0 3
9739 Nc3 3 0 2
9740 exd4 5 0 2
9741 Nxd4 3 0 2
9742 Bxd8 6 0 0
9745 Bxd6 2 0 5
9743 e3 15 2 13
9744 e3 7 0 5
9747 Bf4 11 0 3
9747 Bxe7 6 0 5
9746 Bxf6 10 0 10
9746 e3 3 0 4
9748 Bh4 8 0 2
9751 Nc3 6 1 7
9755 Bd3 15 1 14
9755 Be2 6 0 9
9755 c4 1 0 4
9755 b3 3 0 2
9756 c3 8 0 3
9760 Bg2 9 0 11
9761 Bg2 4 1 2
9762 Nc3 1 0 4
9765 Bg2 3 0 2
9764 Bg2 6 0 0
9767 Bg2 4 0 4
9768 Bf4 9 0 0
9769 Bf4 5 0 2
9770 Bf4 6 0 0
9771 Bf4 9 0 2
9772 e3 3 0 3
9773 b4 5 0 1
9773 e3 3 1 2
9774 exd4 10 0 3
9777 Bf4 12 0 1
9776 Bf4 9 0 5
9779 Bf4 4 0 1
9778 e3 8 0 2
9782 dxc5 3 0 2
9781 Nc3 2 1 2
9784 Nf3 2 0 3
9785 Bf4 2 0 3
9787 Bg5 4 1 0
9790 Nxd2 6 1 7
9790 Qxd2 4 1 4
9793 bxc3 6 1 4
9794 Nf3 3 0 2
9794 e4 3 0 2
9796 Nf3 4 0 1
9800 Nf3 6 1 10
9800 e4 9 0 7
9801 e4 1 1 5
9799 Nf3 6 0 15
9799 e4 9 2 6
9806 a3 3 0 8
9806 Bd2 8 0 3
9806 e3 5 0 5
9806 Bg5 4 0 4
9806 Nf3 4 1 2
9808 Nf3 5 1 1
9808 e4 7 0 0
9809 e3 1 0 4
9807 Nf3 7 1 3
9807 cxd5 4 0 3
9807 Bg5 5 1 1
9813 Bd2 3 1 4
9812 Nc3 2 0 3
9816 e4 16 0 3
9816 Nf3 4 0 1
9817 e4 19 1 13
9817 Nf3 7 1 11
9817 e3 4 0 2
9818 Nc3 1 0 4
9820 Nc3 5 1 3
9821 Qxd4 16 1 6
9822 Nxd4 11 1 9
9826 Nc3 6 0 5
9825 Nc3 7 0 7
9825 e4 5 3 6
9824 cxd5 27 2 10
9832 Nf3 4 0 2
9830 Nc3 4 0 1
9829 exd4 18 2 11
9831 cxd5 4 0 2
9833 Nf3 8 0 4
9833 cxd5 6 0 2
9833 e3 4 0 2
9840 Nf3 5 0 1
9840 Bd2 4 0 1
9836 Nf3 57 5 60
9836 cxd5 32 4 21
9836 Bg5 27 0 26
9836 e3 24 3 19
9836 Bf4 3 0 3
9836 g3 3 1 2
9839 e3 8 0 4
9839 Nf3 7 0 3
9839 cxd5 6 0 3
9839 dxc5 3 0 2
9838 e3 5 0 8
9838 Nf3 8 0 3
9838 cxd5 4 1 4
9838 Bf4 5 0 0
9837 Nf3 38 0 15
9837 e4 33 1 16
9837 e3 21 1 9
9844 g3 10 3 8
9844 Nc3 3 0 9
9844 Bg5 5 0 1
9845 e4 3 0 5
9848 Nc3 3 0 2
9850 Nc3 3 0 3
9849 cxb6 11 1 2
9849 b4 6 1 3
9853 Nc3 10 0 6
9852 Nc3 13 3 14
9852 Nf3 4 0 6
9852 g3 3 0 3
9854 Nf3 3 1 7
9854 Nc3 7 0 2
9856 Nf3 3 0 3
9856 Nc3 2 0 3
9855 Bxc4 11 0 9
9858 e4 9 0 11
9858 Nf3 6 0 6
9864 Nf3 2 0 3
9862 e4 5 0 3
9862 Nf3 3 1 1
9860 Nf3 6 0 5
9860 e4 6 0 1
9861 e4 4 0 4
9861 Nf3 4 1 1
9859 e4 17 0 7
9859 Nf3 4 1 5
9863 Nf3 4 0 2
9867 Nc3 3 0 3
9870 Nc3 3 0 2
9873 Nf3 12 0 11
9873 Bg5 3 0 3
9876 Nf3 5 0 4
9876 e4 4 0 1
9880 Qe5 3 0 7
9880 Qd1 2 0 3
9885 Nf3 4 0 1
9886 Bb2 1 0 4
9888 Nc3 3 0 4
9889 Nxd4 2 0 5
9890 Qxd4 1 0 5
9891 exd4 3 0 3
9893 a3 1 1 3
9894 exd4 4 0 1
9895 c4 3 0 2
9896 c3 7 0 4
9901 c4 5 0 1
9899 c4 5 1 14
9899 Be2 5 0 6
9899 Bd3 1 0 4
9900 c4 3 0 4
9900 Be2 2 0 4
9900 Bb5 3 0 2
9907 cxd5 1 0 7
9908 Bxc4 6 0 1
9914 Nf3 2 0 3
9912 Nf3 2 0 5
9912 Bd3 1 0 4
9913 Nf3 3 1 4
9916 Bg2 5 1 2
9918 Nc3 2 1 2
9919 Nf3 4 0 1
9923 b4 5 0 0
9926 c4 7 0 3
9926 Nf3 4 1 2
9929 Bd3 5 0 0
9932 Bd3 3 2 2
9935 Nxd4 1 0 7
9935 Qxd4 3 0 2
9938 e5 5 0 0
9936 cxd4 8 3 18
9937 e5 2 1 2
9939 c4 5 1 3
9940 exd5 6 0 5
9944 e5 2 0 4
9943 Nxe4 4 0 1
9943 f3 3 0 2
9950 c3 3 0 2
9950 Bd2 5 0 0
9948 Nf3 4 0 11
9948 c3 7 0 2
9948 Bb5 4 0 1
9951 Nf3 3 0 2
9947 c3 17 0 39
9947 Nf3 7 0 11
9947 c4 3 0 2
9949 Nf3 6 0 7
9949 f4 8 1 3
9956 Nc3 6 0 1
9955 Nf3 12 0 10
9955 Nc3 5 1 7
9955 Qe2 3 1 1
9957 Nc3 5 0 1
9959 e5 2 0 4
9960 e5 1 0 7
9962 fxe4 5 1 4
9963 Nc3 3 0 4
9967 g4 2 0 3
9965 g4 3 0 3
9966 g4 2 0 4
9970 Bd3 3 0 2
9972 c3 3 0 2
9974 Qxd4 5 0 3
9975 Bg2 2 0 4
9976 Nf3 7 0 8
9984 e3 3 0 2
9986 Nc3 5 0 0
9988 Bg2 6 1 2
9991 Nf3 2 0 3
9989 Nf3 10 0 13
9989 Bg5 10 0 12
9989 e3 8 2 5
9989 g3 5 1 5
9989 Qc2 3 0 3
9989 a3 3 0 2
9990 Nf3 8 0 2
9990 e3 3 1 3
9990 Bg5 2 0 3
9996 Nf3 4 1 3
9996 Bg5 1 0 4
10003 Bg5 1 0 4
10011 Nb5 6 0 1
10010 Qd2 7 0 4
10009 Nb5 20 0 3
10012 e3 7 0 1
10013 e3 4 0 4
10015 Nc3 3 0 2
10016 Be2 6 0 2
10022 Bg2 2 0 5
10021 Bg2 3 1 5
10027 e4 12 1 8
10027 Nf3 5 0 1
10028 e4 9 0 10
10028 Nf3 3 0 2
10026 e3 6 0 8
10026 d5 7 0 5
10026 Nf3 2 0 5
10029 e4 11 1 8
10029 Nf3 4 0 1
10024 e4 24 2 12
10024 Nf3 13 0 4
10024 e3 3 0 2
10025 e4 15 2 12
10025 Nf3 11 0 4
10025 e3 5 0 4
10032 Nc3 5 0 4
10032 e3 4 0 4
10036 Nf3 2 0 6
10037 Nf3 5 0 0
10041 Nf3 3 1 1
10040 Nc3 2 0 5
10040 f4 4 0 1
10050 Nc3 4 0 3
10055 Nc3 3 0 3
10059 Nc3 3 0 3
10061 f4 6 0 8
10061 Nf3 1 1 5
10060 Nf3 4 2 5
10060 f4 4 0 2
10067 e5 2 1 6
10068 e5 1 0 5
10066 e5 7 1 9
10070 Nf3 1 0 4
10075 Qa6 2 1 2
10077 Bg2 2 0 4
10078 Bg2 0 0 6
10079 Qd1 3 0 4
10080 f4 4 0 10
10080 g3 2 0 4
10081 f4 3 0 2
10082 Be2 6 0 7
10086 Nf3 3 0 2
10087 Bg2 2 0 3
10088 Bh3 1 0 4
10088 Bg2 1 0 4
10094 Bg2 2 0 4
10096 cxd3 2 0 3
10097 d3 2 0 4
10099 Ne2 6 0 7
10101 Ne2 1 1 5
10100 Ne2 7 0 1
10104 Bg2 2 0 4
10105 Bg2 9 1 4
10106 Bg2 7 0 4
10108 Qf3 3 0 2
10112 Qxg4 6 0 5
10113 Bxc8 1 1 6
10114 Be2 2 0 3
10115 Nd4 3 0 2
10117 Ba4 0 0 5
10120 Ng1 4 0 5
10119 Nxd4 3 0 7
10121 Ng1 1 0 4
10124 d4 7 0 3
10125 Bg2 1 0 8
10128 Qg5 2 0 4
10129 Qf3 3 0 4
10132 Qf3 2 0 4
10134 Nf3 1 0 4
10136 Nf3 3 0 2
10140 g3 4 0 6
10140 Nf3 3 0 2
10139 Bb5 8 0 7
10139 Nf3 2 0 7
10139 g3 4 1 2
10139 Ne2 3 0 2
10143 Bb5 4 0 3
10146 c4 13 0 7
10155 a3 3 0 6
10156 a3 2 0 3
10164 Qxd8 5 0 2
10165 Nge2 0 0 5
10166 g3 2 1 8
10166 Nc3 4 0 1
10167 g3 9 0 4
10167 Nc3 2 0 3
10168 fxe4 4 1 2
10169 Qd1 4 2 11
10169 Qe4 6 0 6
10170 Qe5 3 0 3
10173 g3 2 1 3
10172 g3 6 0 5
10174 Ne2 2 0 3
10171 Nf3 4 1 4
10171 g3 5 0 1
10178 Ne2 8 3 6
10178 d3 4 0 6
10180 Ne2 1 0 5
10179 Ne2 8 0 5
10183 Nc3 3 0 2
10184 Bg2 2 1 9
10192 Nf3 4 1 4
10193 Nf3 5 1 1
10204 exd5 4 1 3
10209 Bc4 5 0 3
10209 d4 3 0 4
10211 Bc4 4 0 1
10213 d4 0 0 5
10214 Nc3 23 2 20
10220 Bxc6 3 0 2
10217 Ba4 9 1 8
10217 Bxc6 1 1 4
10218 d4 5 0 1
10222 d3 6 0 3
10222 O-O 3 0 2
10223 d3 6 0 5
10223 Ng5 5 0 4
10223 Nc3 4 0 1
10227 Bc4 8 0 2
10227 d3 2 0 3
10231 Nxd4 13 1 16
10234 e5 2 0 3
10235 c4 4 0 1
10237 Nxe4 3 0 5
10238 Nf3 7 1 11
10238 Bb5 7 1 2
10238 c3 5 0 5
10238 a3 3 0 4
10238 Bd3 5 0 1
10238 Nc3 1 0 4
10240 f4 5 0 3
10241 Bb5 4 1 0
10243 Nf3 9 3 10
10243 Nc3 3 1 5
10243 c3 6 0 2
10243 Be3 6 0 2
10245 Nxd4 6 1 2
10246 Nf3 10 0 19
10246 c4 13 0 10
10246 f4 4 0 5
10246 Bg5 4 0 3
10247 c3 8 0 2
10248 Nf3 4 0 2
10250 exd5 8 0 3
10253 d4 6 0 3
10253 Bc4 4 0 2
10256 Nxe4 13 0 12
10256 d4 8 0 8
10256 Nf3 4 0 2
10257 d4 4 2 14
10257 f4 3 0 5
10258 exf6 5 1 13
10260 Nxd5 47 3 41
10260 Bc4 9 3 15
10260 d4 10 2 8
10260 Nf3 5 0 3
10267 Bc4 8 1 13
10267 Bb5 9 0 7
10267 d4 8 0 4
10268 d4 6 0 0
10268 Bc4 3 1 1
10273 Qxd4 5 0 7
10274 Nf3 4 0 1
10276 Bb3 6 0 5
10279 Nc3 1 0 5
10282 Bxf6 2 0 4
10283 dxe4 1 0 4
10284 d4 4 0 13
10284 f4 4 0 6
10286 Nf3 4 1 5
10291 Bb3 23 1 16
10292 Bxd5 7 0 3
10292 Nf3 2 0 6
10294 dxc3 7 0 3
10296 Bc4 5 1 7
10296 d4 3 0 7
10296 c4 2 0 3
10300 a3 4 1 5
10299 d4 57 5 64
10299 c5 34 3 33
10299 Nf3 17 0 17
10299 Nc3 6 1 11
10299 a4 3 1 6
10301 d4 7 0 0
10303 Nf3 7 0 14
10303 c4 8 0 11
10303 f4 2 1 5
10305 c4 6 0 1
10302 c4 38 5 53
10302 Nf3 20 2 25
10302 exd6 18 0 14
10302 Bc4 13 0 12
10302 f4 7 1 11
10304 Nf3 5 0 10
10309 d4 5 1 4
10310 Kxf2 8 0 2
10315 d3 4 0 3
10315 Nf3 5 0 1
10316 Bb3 2 1 3
10320 cxb5 4 0 1
10321 Bd3 15 2 16
10321 d5 6 1 7
10321 Nc3 2 0 3
10326 Nf3 6 0 6
10328 Bd3 22 1 13
10328 d5 7 0 2
10328 Nc3 3 0 2
10330 axb5 4 1 6
10332 d5 3 0 7
10332 Nc3 1 1 4
10334 Bd3 3 0 5
10336 d3 3 1 5
10336 e5 2 0 4
10337 exd5 16 2 7
10338 Bb3 14 0 4
10339 d3 7 2 6
10340 Nf3 3 0 5
10340 d4 4 0 2
10341 Nf3 2 0 4
10343 d4 8 1 8
10343 Nh3 4 0 8
10343 d3 7 0 4
10344 d3 4 0 2
10345 Qf3 2 1 4
10348 exd5 3 1 1
10346 Nf3 10 3 8
10346 Nc3 3 1 5
10346 a3 5 0 2
10346 f4 3 0 2
10346 c3 2 0 3
10347 Nc3 2 0 3
10350 d4 4 0 1
10353 Nf3 5 0 0
10356 d3 7 0 4
10356 Bxf7 8 0 0
10356 Ng5 3 0 4
10356 Nc3 2 0 4
10357 d3 4 0 10
10357 Nc3 5 0 6
10358 d3 6 0 4
10358 d4 4 0 1
10360 O-O 2 0 4
10361 O-O 4 0 4
10367 d4 6 1 2
10366 d3 3 0 2
10364 d4 5 0 10
10364 Bc4 2 2 4
10365 d4 5 0 8
10362 d4 56 7 53
10362 Bc4 10 0 10
10362 d3 3 2 9
10363 d4 45 1 28
10363 Bc4 14 0 15
10363 d3 3 0 3
10369 d4 3 0 2
10370 Nc3 3 0 16
10370 Be2 3 0 5
10371 Nc3 7 0 5
10371 Be2 3 1 7
10374 Nc3 6 0 5
10375 Nc3 3 0 6
10378 d4 3 0 2
10377 d4 2 0 4
10379 d4 2 0 6
10379 Nh3 6 0 2
10382 Nc3 4 1 1
10383 Be3 5 0 3
10383 g3 5 0 0
10384 Be2 3 0 2
10384 Nc3 1 0 4
10386 Nc3 4 0 3
10392 Nc3 6 1 0
10393 e5 6 0 5
10391 Nc3 2 0 4
10389 Nc3 11 1 11
10389 Nf3 14 0 9
10389 Be3 11 2 7
10389 c4 4 0 8
10389 Qe2 3 4 3
10389 f3 2 0 7
10389 c3 4 0 4
10389 Ne2 4 1 2
10389 f4 3 0 4
10390 Be3 7 1 5
10390 Nf3 10 0 2
10390 c3 8 0 3
10390 Nc3 6 1 2
10390 c4 5 0 3
10390 f4 3 0 3
10399 e5 6 0 2
10398 Bd3 2 0 4
10396 Nf3 28 1 27
10396 Bd3 7 2 8
10396 f4 6 0 7
10396 e5 5 0 7
10396 d5 2 0 3
10396 Bc4 5 0 0
10397 Nf3 22 1 16
10397 Bc4 5 0 4
10397 f4 3 0 4
10397 Bd3 3 0 2
10408 Nc3 2 0 4
10408 Bd3 2 0 4
10407 c4 9 0 3
10407 Nc3 5 0 2
10407 dxc6 3 0 2
10405 c4 17 1 17
10405 Nc3 6 1 5
10405 dxe6 2 1 6
10406 c4 9 0 6
10406 Nf3 5 0 4
10406 Nc3 3 0 4
10412 c4 4 0 7
10412 Be3 5 1 2
10412 Bd3 4 0 4
10412 c3 4 0 1
10416 Nge2 3 1 5
10416 d4 1 0 5
10419 d5 1 1 3
10420 Nf3 5 0 9
10420 d4 7 0 5
10421 d4 3 0 3
10422 Nf3 7 0 11
10422 Be2 0 0 6
10422 Be3 2 0 4
10424 Nf3 4 0 3
10424 d4 1 1 5
10427 Bb3 2 0 5
10429 Bd5 3 0 2
10430 f4 10 0 10
10430 Qh5 2 0 3
10432 Nf3 8 1 3
10432 d3 7 0 0
10431 d3 8 0 7
10431 Nf3 7 0 8
10431 f4 2 0 3
10440 Nc3 2 0 8
10440 e5 4 0 1
10440 Ng5 3 0 2
10441 a3 2 0 3
10438 Ng5 6 1 9
10438 d3 5 0 5
10438 d4 6 0 3
10438 h3 1 1 4
10438 O-O 3 0 3
10438 Nc3 3 0 2
10443 d3 6 1 2
10437 O-O 8 1 15
10437 d3 8 0 13
10437 d4 4 1 12
10437 Nc3 4 2 11
10437 c3 5 0 8
10437 a3 4 0 8
10437 e5 8 0 2
10439 O-O 2 1 6
10439 Ng5 1 0 5
10439 d3 2 0 3
10442 d4 5 0 3
10446 Qc3 2 0 6
10445 d3 0 1 4
10444 Nh3 2 1 10
10444 d3 5 0 8
10444 Nc3 3 0 5
10444 c3 4 0 3
10444 Ne2 4 0 1
10447 Nf3 6 2 13
10447 c3 8 2 7
10447 d3 6 1 6
10447 Nc3 3 0 3
10447 f4 2 0 3
10448 Qxc5 3 0 5
10451 d3 1 2 3
10449 c3 1 0 8
10449 Nf3 3 2 2
10449 d3 2 0 4
10454 d3 9 2 19
10456 d3 3 0 3
10453 Nf3 7 0 12
10453 d3 4 1 6
10453 d4 6 0 3
10453 Qe2 6 0 3
10460 Nc3 5 0 1
10459 Nc3 5 0 2
10459 Nf3 4 0 1
10464 Nf3 3 0 2
10465 exd5 1 0 4
10471 f4 2 0 3
10472 Nf3 2 1 7
10472 d3 4 0 2
10472 f4 3 1 1
10474 f4 0 1 4
10473 f4 1 1 5
10475 c3 6 0 2
10475 Ng5 3 1 4
10475 d3 4 0 1
10475 a3 2 0 3
10476 Nc3 5 0 4
10476 Ng5 1 1 5
10476 e5 2 0 5
10477 d4 1 0 5
10477 d3 2 0 3
10477 O-O 2 1 2
10483 Qxf7 5 0 4
10482 d3 5 0 6
10482 h3 5 0 2
10482 Nc3 3 0 2
10481 d3 4 0 8
10481 Ne2 3 0 4
10481 Nh3 3 0 3
10485 Nf3 0 1 5
10484 Qf3 9 0 2
10486 d3 1 0 4
10491 Nf3 1 0 4
10494 Qxd4 5 1 9
10496 c3 1 1 3
10495 d3 2 0 3
10498 f4 4 1 3
10499 Nf3 18 1 29
10499 d3 8 0 18
10499 a4 4 1 2
10499 a3 2 0 3
10501 d3 3 0 4
10500 a4 11 0 13
10500 a3 9 0 6
10500 Nf3 5 2 7
10500 d3 3 0 2
10504 exd5 4 0 1
10502 Nf3 2 1 3
10505 c3 11 0 16
10505 d3 10 0 11
10505 O-O 5 1 12
10505 d4 5 0 6
10505 Nc3 3 0 3
10505 a3 3 1 2
10508 e5 6 0 3
10508 d3 2 0 5
10507 d4 5 2 9
10507 a3 6 0 6
10507 Nc3 4 0 4
10507 O-O 2 0 5
10507 a4 1 0 6
10506 exd5 28 1 31
10506 Bb5 2 0 3
10512 exd5 3 0 3
10513 c3 7 0 7
10514 c3 4 0 4
10515 Ne2 3 0 3
10518 Qf3 1 0 4
10521 c3 1 0 4
10519 d3 2 0 3
10520 exd5 8 1 5
10523 Nf3 3 0 4
10522 Nf3 0 1 4
10522 d4 1 0 4
10524 exd5 4 0 1
10526 c3 1 0 5
10526 a3 1 1 4
10525 a3 2 1 4
10525 Nf3 2 0 4
10525 Nc3 2 0 3
10527 exd5 11 1 11
10529 Qxd4 13 0 27
10530 exd5 2 1 6
10531 Nf3 4 0 7
10531 f4 3 1 2
10533 exd6 2 1 2
10537 Bxc6 7 0 3
10536 Bxc6 3 0 4
10541 Nf3 2 1 3
10540 Nf3 7 0 4
10545 Bb5 8 1 5
10545 d4 7 1 5
10545 Bc4 4 1 4
10547 Bb5 4 1 2
10547 Bc4 1 0 4
10544 d4 11 1 10
10544 Bb5 10 0 6
10546 d4 5 0 5
10546 Bb5 1 1 6
10546 Bc4 5 0 3
10549 f4 1 0 4
10553 Nf3 5 0 4
10554 Nf3 1 0 5
10552 Nf3 12 0 6
10551 Nf3 15 1 10
10557 Bg2 4 0 1
10556 Bg2 4 3 3
10558 Bg2 1 0 6
10555 Bg2 4 1 3
10555 d3 2 0 5
10560 Bxd7 3 0 3
10561 Bxc6 3 0 2
10562 Nf3 2 0 6
10562 d3 2 0 3
10567 Bb5 4 0 4
10567 d4 2 0 4
10567 Bc4 2 0 3
10567 d3 1 0 4
10566 d4 10 0 9
10566 d3 0 0 5
10568 d4 5 1 6
10569 d4 2 1 8
10570 d4 4 1 0
10571 Bc4 0 0 5
10574 Qxd4 1 0 6
10576 Nf3 12 0 4
10575 Nf3 14 0 5
10577 Nf3 5 0 1
10578 Bg2 5 0 1
10581 a3 2 1 2
10584 d4 6 0 7
10584 Bb5 3 0 6
10585 d4 8 4 3
10583 exd5 12 3 7
10587 Qxd4 2 1 5
10589 Nf3 5 0 2
10588 Nf3 5 1 0
10591 Bg2 4 0 2
10592 Bg2 4 0 1
10590 exd5 3 0 4
10594 Be3 7 0 12
10595 Nf3 7 0 5
10596 d3 3 1 1
10598 d3 3 0 3
10604 Nxd4 12 2 11
10603 Bxc6 12 0 3
10603 Nc3 7 0 2
10603 e5 4 0 1
10606 Bxc6 4 0 3
10606 Nc3 3 0 2
10605 Nc3 2 1 6
10605 O-O 2 0 5
10605 Bxc6 3 0 4
10600 Bxc6 46 5 47
10599 Bxc6 29 4 32
10599 O-O 8 2 10
10599 d4 4 5 5
10599 c3 6 0 2
10607 Bxc6 6 1 2
10602 Bxc6 35 2 21
10602 O-O 9 0 7
10602 d4 3 0 4
10602 Nc3 4 0 2
10601 Bxc6 23 2 30
10601 O-O 10 1 11
10601 c3 4 0 6
10601 Nc3 1 0 4
10601 d4 1 0 4
10613 d3 11 0 5
10613 Ng5 2 0 5
10613 Nc3 1 1 4
10614 a3 3 0 3
10614 O-O 2 0 3
10610 O-O 13 2 10
10610 h3 8 1 8
10610 d3 7 0 10
10610 c3 5 1 9
10610 a3 5 0 9
10610 Nc3 6 0 6
10610 Ng5 3 0 6
10610 d4 2 0 6
10612 c3 4 0 7
10612 a3 4 0 6
10612 d3 5 0 4
10612 Nc3 4 0 3
10612 O-O 2 0 4
10609 d4 48 4 53
10609 O-O 41 0 30
10609 c3 23 3 30
10609 Nc3 20 1 33
10609 d3 16 3 33
10609 a3 18 2 27
10609 e5 3 0 6
10611 d4 3 1 11
10611 c3 7 0 7
10611 O-O 5 0 5
10611 Ng5 3 1 5
10611 a3 2 0 7
10611 d3 5 0 3
10611 Nc3 5 0 3
10615 Nc3 3 0 2
10621 Bc4 4 1 5
10621 d4 2 0 4
10622 d4 3 0 3
10618 Bb5 17 1 17
10618 d4 11 3 19
10618 Bc4 10 3 9
10618 d3 1 0 5
10620 Bb5 7 1 14
10620 Bc4 7 2 10
10620 d3 3 0 6
10617 d4 28 3 26
10617 Bb5 9 1 12
10617 Bc4 14 1 5
10617 d3 2 0 4
10619 d4 12 0 22
10619 Bc4 5 0 8
10619 Bb5 1 1 6
10624 Bb2 3 0 4
10629 e5 8 1 7
10629 d3 2 0 3
10631 d4 0 0 7
10628 exd5 9 2 10
10628 e5 5 0 9
10625 d4 10 3 21
10625 Bc4 3 1 4
10625 Bb5 1 0 4
10626 d4 8 0 15
10626 Bc4 7 0 4
10626 Bb5 7 0 3
10627 d4 13 1 17
10627 Bb5 4 1 4
10630 d4 11 0 9
10630 Bc4 4 0 2
10633 Nc3 1 0 6
10633 d4 3 0 3
10634 Nc3 4 0 6
10634 d3 4 0 1
10632 d3 4 0 3
10632 Nc3 4 0 2
10636 Be2 3 0 4
10637 Be2 0 0 5
10645 Nxd4 7 0 2
10644 d5 7 0 2
10640 Nxd4 620 42 638
10640 c3 21 1 19
10643 exd5 4 0 6
10643 dxc5 2 0 4
10642 d5 9 1 2
10642 dxc5 8 0 2
10646 d5 3 0 2
10641 d5 23 0 6
10641 dxc5 8 0 2
10641 Bb5 6 0 1
10650 exd6 2 0 4
10652 exd5 4 0 1
10653 d4 3 0 2
10656 Ng5 2 0 4
10655 d4 1 1 5
10658 d4 3 0 5
10660 d4 4 0 3
10661 Nxd4 24 3 20
10664 d3 4 2 4
10663 Nc3 1 0 4
10665 d4 3 0 2
10666 Nxd4 24 1 12
10666 c3 4 0 1
10670 Nc3 9 1 7
10671 dxe6 3 0 2
10672 Bxd7 49 11 57
10672 Qe2 9 2 12
10672 Nc3 9 1 9
10672 a4 6 1 2
10672 c4 2 0 4
10673 Bxc6 17 0 19
10673 d4 6 0 11
10673 O-O 1 2 4
10673 c3 4 0 3
10674 Bxd7 3 1 3
10674 O-O 1 0 4
10682 h3 3 1 2
10675 d4 20 3 26
10675 Ng5 14 1 18
10675 O-O 17 2 9
10675 Nc3 14 2 10
10675 c3 6 0 18
10675 a3 9 0 11
10675 d3 9 1 8
10675 Bxf7 1 0 4
10677 Nc3 15 2 25
10677 d3 17 1 24
10677 Ng5 18 0 12
10677 d4 7 0 8
10677 e5 5 1 8
10677 O-O 7 0 4
10677 Qe2 0 0 7
10677 c3 3 0 3
10678 Ng5 2 1 7
10676 d4 16 1 35
10676 O-O 9 4 29
10676 Nc3 11 1 19
10676 a3 16 0 9
10676 d3 7 1 17
10676 c3 5 0 12
10680 d4 0 0 5
10679 O-O 1 1 3
10679 Nc3 3 0 2
10679 d3 3 0 2
10684 O-O 1 0 4
10683 O-O 1 0 4
10685 Bb5 14 1 32
10685 d4 17 2 26
10685 Bc4 15 0 11
10686 d4 28 5 47
10686 Bc4 15 1 9
10686 Bb5 7 0 8
10687 d4 8 0 12
10687 Bc4 4 0 7
10689 Bc4 3 0 3
10688 d4 3 1 12
10688 Bb5 6 0 4
10690 d4 2 0 9
10693 Bb2 3 1 3
10696 d4 23 4 16
10696 Bb5 6 0 8
10696 Bd3 5 0 3
10696 Bc4 7 0 0
10695 Be2 10 1 7
10695 Bd3 10 0 6
10695 d4 6 0 9
10695 e5 6 0 9
10695 d3 5 0 8
10695 Qc2 1 0 5
10699 d4 6 0 1
10698 d4 5 0 1
10697 d4 4 0 10
10701 Nc3 4 0 6
10702 Nc3 7 0 7
10703 Be2 2 0 8
10707 d5 8 0 1
10707 dxc5 6 0 1
10708 Nc3 4 0 3
10708 e5 2 1 3
10711 d5 2 0 5
10709 dxc5 5 0 2
10706 Nxd4 556 38 572
10706 Qxd4 40 3 42
10706 c3 11 0 10
10710 dxc5 4 1 3
10714 d4 2 0 4
10715 Bg2 4 1 2
10718 Bd3 3 0 3
10718 Be2 2 1 2
10718 Bc4 2 0 3
10719 O-O 11 1 13
10719 Nc3 7 0 11
10719 d4 4 0 13
10719 c3 6 0 9
10719 d3 2 2 3
10719 a3 3 0 2
10722 Nc3 3 0 6
10720 O-O 1 1 9
10720 a3 4 0 7
10720 d4 2 0 9
10720 Nc3 2 1 7
10720 a4 4 0 5
10720 c3 1 0 4
10721 exd5 24 1 15
10725 O-O 2 0 4
10728 d4 15 1 15
10728 Bb5 7 0 15
10728 Bc4 4 0 4
10728 d3 3 0 3
10730 d4 3 1 2
10727 d4 20 0 32
10727 Be2 4 2 4
10727 a4 0 0 6
10727 d3 0 0 5
10727 g3 4 1 0
10729 exd5 14 0 15
10729 d4 6 0 6
10729 Bb5 3 1 1
10731 d4 3 0 3
10732 exd5 4 0 2
10735 Bb2 2 0 4
10734 exd5 8 1 4
10737 d4 7 1 16
10738 e5 2 1 4
10739 d4 6 0 4
10736 exd5 13 0 12
10736 e5 10 0 5
10736 d4 3 0 4
10740 Nc3 3 0 4
10740 d4 1 0 4
10741 cxd5 5 0 2
10743 Nc3 3 0 4
10744 exd5 4 1 2
10749 d5 7 0 2
10749 dxc5 2 0 3
10748 e5 6 0 6
10750 d5 1 1 6
10746 Nxd4 287 19 293
10746 Qxd4 9 0 14
10746 c3 6 1 9
10747 exd5 41 4 46
10747 dxc5 13 0 11
10747 e5 9 0 8
10747 Nc3 3 0 2
10747 Bb5 2 0 3
10751 dxc5 5 0 2
10753 c3 1 1 3
10753 Bb5 1 0 4
10754 exd6 3 0 2
10757 O-O 11 2 6
10757 c3 7 1 5
10757 d3 2 0 5
10757 Ng5 3 0 3
10757 d4 0 0 5
10760 Bc4 12 0 8
10760 d4 5 0 8
10761 d4 3 0 2
10762 d4 24 1 14
10762 Bc4 3 0 3
10766 d5 1 0 7
10765 Nxd4 66 0 75
10765 Qxd4 12 0 10
10769 Qb3 2 0 3
10768 c3 1 1 6
10768 Nh3 2 0 4
10771 d3 4 0 3
10776 Qe3 1 0 5
10778 d3 1 0 9
10779 Qf3 5 0 8
10780 Qf3 3 0 6
10781 Qh3 2 0 6
10782 Qf3 1 0 5
10786 Bb5 4 0 2
10784 Bb5 3 0 4
10784 Nf3 2 0 3
10795 exd5 3 0 4
10796 Nxa3 0 0 5
10800 cxd4 48 2 34
10801 d5 3 1 1
10803 d4 3 0 8
10803 Nf3 2 1 2
10804 d4 3 0 4
10806 d4 9 1 11
10806 Nf3 6 0 4
10808 cxd4 34 0 36
10810 cxd4 3 0 10
10811 cxd4 8 2 12
10812 e5 7 0 9
10813 cxd4 7 0 5
10814 Nc2 2 0 3
10815 d3 12 0 8
10815 Nf3 3 0 2
10818 d3 4 0 6
10816 d3 7 0 4
10816 Nf3 1 0 8
10817 d3 9 0 4
10817 Nf3 4 0 2
10821 Nc3 4 1 0
10821 d4 1 1 3
10822 d4 1 0 4
10820 d4 1 0 6
10820 Nc3 3 0 2
10827 Nf3 4 1 7
10827 d3 4 0 5
10828 d3 3 0 3
10831 Nc3 1 1 3
10834 d3 5 1 3
10838 d3 8 0 7
10842 Nf3 1 1 5
10844 g3 2 1 2
10849 Be2 3 0 2
10848 Be2 0 0 6
10862 g3 2 0 3
10863 g3 1 0 5
10864 Be2 3 0 4
10864 Nc3 3 0 3
10865 Be2 5 0 1
10868 f5 1 0 5
10872 Nf3 3 0 3
10873 Nc3 2 0 3
10874 g3 0 1 8
10874 exd5 1 0 4
10875 exd5 7 0 2
10875 Be2 3 0 2
10880 Nc3 0 0 5
10881 Nf3 4 0 2
10883 c3 4 0 1
10886 Nxd4 34 3 16
10886 Bc4 10 1 17
10886 c3 4 0 2
10886 Bb5 0 0 6
10887 Bc4 4 1 3
10887 Nxd4 4 0 4
10888 c3 6 0 0
10889 Nxd4 4 1 4
10890 Qd1 81 7 121
10890 Qe3 28 2 60
10890 Qa4 16 1 49
10890 Qc3 7 0 26
10890 Qc4 12 1 19
10890 Qd5 5 0 15
10890 Qd3 4 0 15
10890 Qd2 4 0 8
10890 Qc5 1 0 6
10892 Nc3 2 0 4
10893 Nc3 2 0 3
10895 cxd4 8 1 8
10899 e5 2 0 5
10897 Bxd3 8 0 10
10894 Nxc3 80 0 63
10894 Bc4 22 0 26
10898 Nf3 2 0 5
10896 cxd4 3 0 12
10903 Nc3 4 0 2
10902 Qxd8 9 1 5
10906 exd5 8 0 4
10909 Nc3 6 0 3
10909 Nf3 2 0 4
10911 Qe2 4 0 4
10910 exd6 1 2 4
10910 Bb5 1 0 4
10912 exf6 1 1 3
10917 Nf3 1 0 6
10916 Nf3 3 0 4
10921 Nge2 0 1 6
10920 Nge2 1 0 7
10923 Nge2 4 0 7
10925 Nf3 2 0 3
10930 Nc3 5 0 1
10931 d3 2 0 3
10929 exd5 7 0 5
10929 e5 4 0 6
10926 Bc4 16 1 15
10926 Bb5 8 0 11
10926 d4 7 1 8
10926 Nc3 4 0 5
10926 d3 7 0 2
10926 c3 4 0 4
10926 c4 4 0 2
10926 Be2 3 0 2
10927 Bc4 11 0 12
10927 Bb5 9 1 8
10927 c3 8 0 7
10927 d4 9 1 5
10927 Be2 8 0 1
10927 d3 6 0 3
10927 Nc3 5 1 1
10928 Bc4 16 1 10
10928 c3 4 0 5
10928 d4 3 2 3
10936 Nc3 7 0 5
10937 Ng5 7 1 5
10940 Nf3 4 0 3
10938 Nf3 10 0 9
10938 c3 3 0 2
10939 Nf3 3 0 5
10942 c4 1 0 4
10941 Nc3 17 0 16
10941 Nf3 14 1 9
10943 f5 1 0 4
10944 Bc4 25 0 20
10944 c3 14 1 6
10944 d3 3 1 8
10944 d4 4 0 7
10944 Bb5 4 0 3
10944 Nc3 2 1 3
10944 Be2 3 1 1
10945 Nc3 4 0 9
10945 e5 4 0 1
10945 d3 2 0 3
10946 Bb5 3 0 5
10946 Bc4 4 0 3
10952 Nf3 4 0 1
10955 Bc4 6 0 9
10955 Bb5 6 1 4
10955 d4 2 1 3
10955 Nc3 4 0 2
10955 c3 3 0 2
10957 Nc3 3 1 1
10956 d4 2 0 3
10954 exd5 19 3 28
10954 e5 14 0 17
10961 c3 11 1 14
10961 Bc4 4 0 3
10961 Nc3 2 1 3
10961 d4 1 1 3
10967 Bb3 102 4 76
10967 Bb5 66 7 53
10967 Be2 4 0 3
10968 exd5 0 0 5
10969 exd5 5 0 4
10970 exd5 4 0 2
10971 Nxe4 15 0 5
10973 Nxe4 5 0 1
10974 Nxe4 2 0 4
10975 Nxe4 7 4 5
10976 Ne4 2 0 5
10977 d4 26 4 19
10977 Nf3 7 3 8
10977 Bb5 3 0 5
10979 d4 2 1 9
10982 Bxe4 5 0 6
10985 exd5 4 0 3
10984 Ne2 11 0 11
10983 Nxe4 29 4 26
10989 Nxd7 3 0 5
10988 d3 7 0 4
10987 d3 8 0 9
10990 dxe4 4 1 4
10991 Ne5 2 0 6
10993 d4 33 4 31
10993 Bd3 2 1 2
10992 d4 20 3 39
10992 Be2 8 0 12
10992 h3 11 0 8
10995 d4 2 0 4
10994 d4 10 3 15
10999 Nc3 4 1 3
10999 d4 5 0 2
10998 d4 257 23 275
10998 Bb5 30 4 31
10998 Nc3 19 2 40
10998 c4 11 2 13
10998 d3 4 0 9
10998 Be2 4 1 7
10998 c3 8 0 3
10998 Bd3 2 0 7
10998 Ne5 4 0 2
11000 d4 2 0 3
11004 exd5 2 1 6
11006 d4 2 0 3
11008 e5 5 2 4
11012 exd5 1 0 4
11014 Nc3 4 0 4
11016 Bb2 3 0 6
11017 Nxe4 4 0 1
11018 exd5 9 1 5
11019 d4 4 1 7
11021 Nb1 3 0 5
11020 Nxe4 5 0 6
11023 dxe4 3 0 5
11025 Nf3 7 0 8
11025 d4 4 0 8
11025 Nc3 3 0 3
11026 fxe4 2 0 4
11028 Bxe4 4 0 2
11030 e5 15 2 6
11030 Bd3 4 0 3
11029 Nxe4 87 7 94
11029 f3 8 1 6
11031 Nf3 5 0 9
11031 Bd3 3 0 2
11032 Nxe4 12 0 10
11033 Nc3 4 1 4
11034 Bd3 70 3 67
11034 Nf3 68 2 63
11034 Nc3 37 2 38
11034 f4 20 1 18
11034 g4 18 0 7
11034 c3 12 1 11
11034 h3 13 0 7
11034 c4 9 0 9
11034 h4 10 1 5
11034 Nd2 3 0 2
11036 c3 5 0 13
11036 dxc5 5 1 6
11036 Nf3 4 1 2
11035 Nf3 18 2 20
11035 f4 14 1 9
11035 Bd3 10 0 4
11035 Nc3 4 1 6
11035 c3 4 0 7
11035 Be3 3 0 2
11037 f4 5 0 3
11040 Nf3 3 1 2
11039 Nf3 67 1 47
11039 Bd3 50 5 39
11039 Nc3 36 4 39
11039 c4 48 2 28
11039 Bb5 10 0 18
11039 c3 5 2 3
11041 fxe4 10 2 1
11042 Nc3 3 0 3
11043 Nc3 2 1 3
11047 cxd5 2 0 3
11052 Nf3 2 0 5
11052 Bd3 1 0 5
11056 d4 2 0 3
11057 Ng5 4 0 3
11057 Ne5 1 0 6
11059 Nf3 24 3 24
11059 d4 16 2 15
11060 Nf3 11 1 12
11060 d4 9 0 11
11061 d4 19 0 27
11061 Nf3 19 5 15
11061 Nc3 2 0 3
11065 Bxe4 8 0 5
11067 Nc3 2 0 4
11070 d3 4 1 10
11074 Na3 2 1 2
11073 Na3 4 0 1
11077 cxd3 5 0 2
11075 Nf3 13 0 9
11075 Ng3 12 0 7
11075 d3 11 1 7
11075 f4 6 0 2
11079 Nf4 4 0 4
11078 Nf4 3 2 4
11081 Ng3 10 2 6
11084 Nf3 2 0 3
11082 Nxf6 6 0 4
11083 Nf3 6 0 2
11091 Nxc6 5 0 1
11088 d3 11 0 7
11089 d4 7 1 5
11090 Qh5 13 0 0
11093 Nc3 1 0 4
11095 Nc3 4 0 7
11095 Bc4 4 0 5
11094 Nc3 16 2 15
11094 Bc4 8 2 10
11099 Nxe4 3 0 5
11096 Bc4 10 0 4
11097 Nxe4 6 0 3
11100 Nxe4 5 0 2
11104 Qf3 3 0 15
11107 Bxd3 9 0 4
11108 Kxd1 26 7 59
11110 f3 4 0 6
11110 Bg5 3 0 6
11110 Bc4 3 1 1
11116 Nf3 9 1 16
11116 Bd3 10 0 14
11116 f4 3 0 5
11116 g4 4 0 2
11116 c3 3 0 2
11118 Nf3 4 0 2
11119 Bxc6 6 0 1
11120 Bb5 2 0 5
11120 d4 3 0 2
11121 exf6 5 0 2
11122 Bb5 14 1 8
11122 Nf3 4 1 4
11122 c3 5 0 0
11122 Bd3 2 1 2
11124 Bb5 7 1 5
11124 Nf3 9 0 4
11123 f4 9 1 5
11123 Nf3 5 0 10
11123 exf6 5 1 7
11123 Bb5 6 1 4
11128 Bxd7 1 1 4
11130 Bb5 4 0 3
11130 d4 2 0 3
11132 d4 6 0 9
11133 Qxd4 5 1 8
11137 Nf3 14 0 13
11141 d3 2 0 3
11138 Nf3 4 0 1
11145 Be2 2 1 6
11145 h3 5 0 1
11143 Bb5 6 0 8
11143 Bc4 1 0 5
11143 c3 2 0 3
11146 d3 4 0 2
11144 Bc4 6 1 2
11144 c3 4 0 2
11149 Nxc3 6 0 0
11153 Nf3 6 0 3
11153 f4 4 0 5
11154 Nf3 6 0 3
11152 Bf4 2 0 3
11152 Nf3 2 1 2
11155 Nf3 2 0 3
11159 Nf3 3 0 3
11158 Nf3 8 0 3
11160 Nf3 5 1 1
11163 d4 3 0 3
11171 c3 6 0 9
11167 Nf3 9 0 7
11167 Bb5 7 0 6
11167 c3 3 0 5
11170 Nf3 6 0 8
11168 c3 9 0 3
11168 Nf3 6 0 4
11166 c3 24 0 22
11166 Nf3 3 0 8
11166 Bb5 6 0 2
11166 Be3 5 0 2
11166 dxc5 5 0 2
11166 c4 2 0 3
11172 Nf3 9 0 0
11169 Nf3 7 0 3
11176 Nf3 5 0 1
11179 Nxe5 8 0 0
11180 dxe5 13 0 8
11182 d4 6 0 13
11182 Nf3 2 0 4
11185 Bc4 5 0 3
11186 dxc6 5 0 2
11187 Bxd5 6 0 6
11187 Nf3 3 1 3
11187 Qf3 2 0 3
11188 dxc6 4 0 8
11192 Be2 2 0 3
11189 Nxd5 60 9 97
11189 Bc4 11 0 15
11189 Nf3 9 2 9
11189 d4 10 2 6
11189 Nge2 3 0 3
11190 dxc6 34 5 33
11190 d4 1 1 4
11191 dxe6 8 1 13
11193 d4 13 2 13
11193 Bc4 9 2 14
11193 Nc3 2 0 3
11195 Nc3 4 0 1
11194 dxc6 11 1 7
11196 dxc6 31 3 41
11196 Nc3 7 1 12
11196 d4 8 0 3
11198 dxe6 2 0 4
11197 dxe6 29 3 30
11197 Nc3 4 0 7
11197 Qe2 4 0 1
11205 Be2 2 0 4
11201 Nf3 24 2 16
11201 c4 21 0 8
11201 Bd3 3 1 2
11201 c3 3 0 2
11201 Bc4 1 0 4
11203 Nf3 6 1 4
11202 dxc6 22 3 10
11204 dxe6 7 1 5
11208 Nf3 129 8 165
11208 d4 97 9 73
11208 d3 45 3 39
11208 Bc4 30 1 19
11208 a3 15 0 4
11208 Qf3 6 1 7
11208 Be2 4 0 9
11208 g3 6 0 4
11208 b3 1 0 7
11208 b4 5 0 2
11208 h3 3 1 3
11208 Nge2 3 1 2
11215 d4 4 0 2
11215 Nf3 5 0 1
11215 d3 5 0 0
11212 Bb5 14 0 0
11212 Nf3 5 0 2
11212 d4 5 0 0
11214 Nf3 15 3 2
11211 Nf3 36 1 30
11211 d4 14 2 14
11211 d3 9 0 3
11211 Be2 5 0 1
11211 Bc4 5 0 1
11213 Nf3 8 0 3
11207 Nf3 222 17 151
11207 d4 137 10 104
11207 Bc4 59 7 41
11207 d3 28 4 32
11207 Be2 10 0 10
11207 Bb5 9 0 9
11207 h3 5 0 7
11207 g3 6 0 4
11207 Nge2 2 0 4
11207 b3 3 0 2
11207 a3 3 0 2
11207 Qf3 4 0 1
11210 Be2 193 4 83
11210 Qe2 115 7 45
11210 Nge2 55 2 16
11209 Be2 264 8 140
11209 Qe2 115 6 60
11209 Nge2 70 2 47
11216 Nf3 4 0 2
11216 Bd3 2 0 3
11226 Nc3 6 0 1
11218 Be2 40 4 33
11218 Nc3 8 2 4
11224 Nc3 2 0 7
11224 Be2 2 1 3
11221 Nc3 12 0 8
11221 Be2 10 1 7
11221 d4 2 1 4
11223 Nc3 9 1 5
11223 Be2 4 0 6
11223 Bc4 3 0 3
11219 Nc3 18 1 2
11219 Bc4 9 1 10
11219 d4 11 1 8
11219 Be2 7 2 5
11219 c4 5 0 2
11222 Be2 25 2 14
11220 Be2 41 1 32
11225 Nc3 12 0 1
11233 Qxd5 4 1 3
11232 Nc3 4 0 1
11235 Be2 4 0 1
11234 Qe3 3 0 2
11231 Nxf3 24 4 14
11240 Nc3 3 0 8
11237 Nc3 9 1 6
11237 d4 10 0 5
11239 Be2 5 0 3
11239 Qe2 2 1 2
11238 Be2 10 0 4
11243 Bd2 5 1 4
11242 Nf3 3 0 7
11245 Be2 2 0 3
11254 Nc3 4 0 3
11254 c3 3 0 2
11247 Nf3 15 1 12
11247 c3 12 0 3
11247 Be3 8 1 0
11247 Nc3 4 0 4
11252 Nc3 6 1 7
11252 Nf3 4 1 8
11252 c4 4 1 3
11252 c3 4 1 1
11252 Be3 4 0 1
11251 Bd2 9 1 9
11251 Nc3 10 1 7
11251 c3 5 1 3
11248 Nf3 6 1 19
11248 c4 4 1 4
11248 Nc3 3 0 5
11248 c3 3 0 5
11248 Be3 3 0 2
11249 Be3 17 0 5
11249 Be2 8 2 5
11249 Ne2 4 1 4
11249 Qe2 5 0 3
11250 Be2 14 1 11
11250 Be3 9 1 5
11250 Qe2 3 0 3
11255 Nc3 4 0 3
11253 Nf3 7 0 3
11253 Be3 3 0 4
11253 Nc3 2 0 3
11256 Nf3 4 0 1
11258 d4 4 0 3
11261 Nf3 16 0 16
11261 Bb5 13 0 9
11261 Nc3 8 1 4
11261 d3 3 0 4
11261 Bc4 3 0 4
11263 d3 0 0 5
11263 Bc4 1 0 4
11264 Nf3 11 0 6
11264 Nc3 3 0 5
11266 Nf3 11 1 9
11266 Nc3 7 0 11
11266 d4 6 0 7
11269 d3 2 0 3
11269 e5 1 0 4
11268 Nf3 2 0 12
11268 d3 1 0 4
11273 Bxd3 5 1 3
11282 d4 2 0 3
11287 d5 6 0 4
11289 exd5 2 0 4
11294 Be3 4 0 2
11297 d4 3 1 1
11298 Be3 1 0 5
11299 Nf3 5 0 1
11300 Be2 4 0 2
11301 d3 1 0 6
11309 Be2 2 0 4
11305 d4 16 1 15
11310 d4 4 0 2
11308 d4 3 0 4
11308 Bc4 1 1 5
11307 d4 2 0 10
11307 Bc4 3 0 3
11306 Bc4 6 1 12
11306 d4 5 0 8
11304 d4 26 2 26
11304 Bc4 13 0 9
11304 d3 2 1 5
11311 Be2 1 1 3
11315 Nxe5 12 2 11
11318 Nxd4 3 0 2
11321 Nc3 2 0 3
11322 h3 4 0 3
11322 Nc3 2 0 3
11324 d4 6 0 0
11329 Be2 6 1 1
11328 Bc4 3 0 2
11330 Bc4 2 1 3
11331 d4 3 0 2
11332 dxe5 8 0 8
11332 Be2 1 1 4
11334 dxe5 3 0 6
11333 Nxd4 8 0 6
11338 Nc3 7 0 2
11338 c4 5 0 2
11339 Bd3 6 0 3
11339 Nc3 5 0 3
11345 Nxe5 5 0 1
11347 Ng5 2 0 7
11347 c3 2 1 6
11347 d4 3 0 2
11348 d4 6 1 6
11350 c3 5 1 15
11350 Be3 9 1 6
11350 Nc3 5 1 8
11350 c4 2 1 2
11353 d4 4 0 2
11354 d4 3 1 3
11358 f4 3 0 2
11364 f3 6 0 1
11361 Nf3 7 1 5
11361 f4 9 1 2
11361 c4 4 0 3
11362 d5 3 1 4
11362 c3 4 1 3
11362 dxe5 2 0 4
11360 c4 5 0 8
11360 f4 8 0 2
11360 Nf3 2 1 5
11360 c3 2 1 4
11360 Ne2 2 1 2
11368 f3 14 0 5
11368 Be2 10 0 3
11368 Nf3 3 0 3
11367 Nf3 32 0 18
11367 Bg5 10 0 10
11367 f4 6 0 8
11367 Bc4 4 0 4
11367 Bd3 1 0 6
11367 Be3 1 1 3
11371 Nf3 5 0 0
11369 Nf3 6 0 8
11369 f4 4 0 3
11370 dxe5 2 0 4
11366 Nf3 19 1 27
11366 Bg5 20 2 9
11366 f4 14 1 10
11366 Be3 6 0 4
11366 Bd3 3 0 5
11366 e5 1 0 5
11366 d5 2 1 3
11366 Bc4 4 0 2
11374 dxe5 3 0 6
11379 Nc3 5 0 0
11380 Nc3 4 0 1
11383 Nc3 3 0 4
11385 c4 2 0 3
11386 exd6 14 0 20
11386 Nf3 3 1 1
11387 Qxd8 22 2 6
11389 Nf3 3 0 2
11388 Nf3 4 1 3
11392 Bd3 7 0 0
11392 Nc3 1 0 5
11393 Nc3 4 0 4
11394 Nc3 2 0 3
11395 e5 3 0 3
11396 Nc3 3 0 4
11398 Nc3 5 0 1
11401 Nc3 2 0 4
11399 Nc3 3 1 3
11400 Nc3 2 2 1
11404 dxe5 3 0 4
11407 Bd3 2 0 3
11411 Bd3 2 0 4
11412 Be3 10 0 3
11412 Nf3 5 1 6
11412 f4 8 0 3
11413 Nc3 6 1 11
11413 Bc4 7 0 4
11413 c3 5 0 5
11413 Be3 2 0 4
11415 Nc3 15 1 7
11415 Be3 2 0 3
11418 Nf3 15 0 7
11418 e5 2 0 3
11420 Nf3 2 0 3
11422 fxe5 3 1 2
11425 Bc4 3 0 2
11424 d4 7 1 4
11424 Bc4 3 0 3
11424 h4 4 0 1
11426 Nf3 2 0 3
11427 Nf3 4 0 3
11430 d4 11 0 8
11433 Bb3 4 0 1
11434 exd5 3 0 4
11435 Qh5 9 0 19
11435 f4 14 0 4
11437 d3 4 0 2
11436 d3 5 0 4
11441 c3 11 2 7
11441 d3 5 0 11
11441 O-O 5 2 5
11441 a3 4 0 5
11441 Nc3 2 1 4
11441 a4 2 0 3
11442 d3 3 2 6
11442 Nxe5 4 1 5
11443 d3 5 0 2
11443 Nc3 3 2 1
11443 O-O 3 0 3
11440 d3 14 1 11
11440 c3 6 2 6
11440 h3 4 1 9
11440 O-O 7 0 6
11440 Nc3 5 0 3
11440 d4 3 0 3
11440 a3 2 0 3
11444 Nxe5 2 0 3
11446 d3 12 0 10
11446 Nc3 3 0 4
11446 Qb3 5 0 1
11446 Ne2 4 0 2
11446 c3 2 0 4
11447 Qxf6 5 1 6
11447 d3 3 0 7
11450 Nf3 6 0 2
11449 Nf3 30 3 19
11449 Nc3 3 0 4
11451 Qxe5 5 0 2
11452 d3 8 1 9
11456 Bg5 5 0 1
11456 h3 3 0 2
11460 Nf3 3 0 2
11457 Nc3 3 0 4
11457 Nf3 3 0 3
11457 h3 5 0 1
11463 Qxe5 3 1 1
11464 f4 23 0 16
11466 d3 4 1 5
11466 Nf3 2 1 5
11465 d3 30 3 19
11465 Nf3 5 0 10
11467 d3 6 0 2
11467 Nf3 5 0 1
11468 d3 4 0 1
11472 d3 22 1 23
11472 c3 17 1 10
11472 O-O 8 0 10
11472 a3 7 1 3
11472 Nc3 5 0 6
11472 Ng5 2 0 6
11476 c3 4 0 1
11474 Nxe5 7 0 14
11474 Nxd4 11 1 6
11474 O-O 4 1 3
11474 d3 4 0 2
11471 Ng5 34 1 29
11471 d3 23 1 20
11471 Nc3 6 5 14
11475 O-O 8 0 6
11475 c3 4 0 4
11475 Nc3 6 0 2
11475 d3 4 0 3
11475 a3 2 0 4
11473 c3 11 0 6
11473 d3 3 0 9
11473 O-O 4 0 6
11473 a3 6 0 2
11473 Nc3 3 0 5
11481 c3 15 0 18
11481 d3 8 2 22
11481 Ne2 10 0 10
11481 Nh3 5 0 10
11481 Qb3 7 0 3
11481 Nc3 5 0 5
11481 g4 4 0 3
11483 d3 4 0 2
11482 Qxf6 6 1 8
11482 Nc3 3 2 1
11489 d3 5 0 1
11488 Nc3 3 0 3
11487 Nf3 3 1 5
11487 Nc3 5 0 4
11486 Qf3 21 1 14
11490 d3 19 0 16
11494 Qf3 4 0 3
11494 Nf3 3 0 4
11494 d3 3 2 1
11494 b4 3 0 3
11493 d3 28 4 22
11493 Qf3 5 0 6
11493 b4 4 0 3
11495 d3 2 2 3
11495 h3 3 1 1
11495 Qf3 2 0 3
11496 d3 2 0 3
11500 Nf3 13 2 9
11500 Nc3 4 1 6
11500 c3 3 0 5
11499 Nc3 11 2 12
11499 Nf3 4 0 7
11499 Bg5 5 1 4
11499 c3 4 0 4
11499 h3 2 0 4
11502 Nc3 1 1 4
11501 a3 5 0 2
11501 Nc3 3 0 3
11505 f4 12 0 13
11507 d3 23 1 10
11507 Nd5 9 0 4
11507 Nf3 3 0 3
11506 Nf3 24 0 11
11506 d3 17 3 15
11506 h3 11 0 11
11506 a3 3 1 2
11512 d3 4 1 2
11512 Nf3 3 0 2
11508 Nf3 13 1 11
11508 d3 11 0 8
11508 a3 4 0 5
11513 Nxe4 5 0 4
11511 d3 4 0 1
11509 d3 11 1 5
11509 Nf3 5 1 4
11509 d4 6 0 2
11516 exd5 3 0 2
11510 d3 7 0 5
11510 Nf3 2 0 3
11510 h3 2 1 2
11514 d3 2 0 3
11521 Nxe5 10 0 11
11523 Ng5 5 0 0
11523 d3 2 0 3
11517 Ng5 46 2 42
11517 d3 13 0 11
11517 Nc3 6 1 8
11517 O-O 3 0 7
11517 d4 5 0 2
11518 Nxe5 22 0 24
11518 Qe2 6 1 8
11524 Nxe5 4 0 1
11520 exd5 30 0 14
11519 Ng5 32 1 10
11519 d3 4 0 3
11519 O-O 3 0 3
11519 d4 3 1 1
11522 Nxe5 10 0 5
11526 d3 5 1 6
11526 c3 2 1 7
11525 c3 26 1 26
11525 d3 2 0 6
11525 Nc3 0 0 5
11525 Ne2 1 0 4
11527 d3 9 1 6
11529 exd5 4 1 4
11528 h3 8 1 4
11528 d3 4 0 1
11533 d3 2 1 2
11543 c3 5 0 2
11535 h3 38 3 34
11535 Bg5 22 0 24
11535 Nf3 13 0 16
11535 Nc3 12 1 7
11535 Be3 7 0 8
11535 c3 5 0 9
11535 a3 3 0 4
11541 c3 2 2 3
11541 Nf3 4 0 2
11541 a3 4 1 0
11541 h3 4 0 1
11536 a3 15 0 19
11536 c3 22 0 10
11536 Bg5 18 0 13
11536 Nc3 8 1 6
11536 Nf3 6 0 8
11536 f4 3 1 3
11542 a3 2 0 3
11539 Bg5 10 2 10
11539 Nf3 7 0 6
11539 Nc3 6 2 2
11539 a3 4 0 4
11539 f4 2 0 3
11537 exd5 49 3 47
11537 Bb3 1 0 4
11540 Bg5 5 0 5
11540 h3 6 1 2
11540 Nf3 5 0 4
11540 Nc3 3 0 2
11540 a3 2 0 3
11538 Nf3 11 1 11
11538 c3 11 0 4
11538 h3 6 0 7
11538 Nc3 10 0 1
11538 a3 4 2 2
11546 Qxd4 4 0 2
11548 Qf3 3 0 2
11549 Nf3 4 0 2
11551 d3 3 0 5
11551 O-O 4 0 1
11551 Nc3 2 0 3
11553 Qxf6 3 0 2
11554 Nxf3 4 0 1
11555 Qf3 4 0 3
11558 Qe2 4 0 2
11558 Be2 4 0 2
11559 d3 9 0 3
11560 Qf3 5 0 1
11561 Nf3 4 0 1
11565 Ba2 4 0 1
11567 f4 3 0 5
11570 exd5 15 1 12
11573 d3 4 0 7
11574 exd5 4 0 4
11576 Nf3 3 0 2
11575 exd5 6 1 2
11575 Qxe5 4 1 0
11579 exd5 4 0 3
11580 exd5 10 0 12
11581 f4 13 2 6
11581 Qf3 3 0 2
11584 Bxe6 4 0 2
11582 d3 6 0 7
11583 d3 2 0 5
11593 Bxe6 4 1 1
11593 Bb5 2 0 3
11590 d3 6 0 4
11590 c3 5 0 1
11591 O-O 6 0 5
11591 c3 4 1 4
11591 d3 1 0 4
11592 Ng5 6 0 3
11592 d3 4 0 2
11594 d3 3 1 1
11589 O-O 7 0 5
11589 d3 5 1 4
11589 d4 5 0 2
11589 Nc3 2 1 3
11602 Bxe6 5 0 5
11600 d3 10 0 16
11600 h3 14 0 4
11600 Qb3 9 0 4
11600 Nh3 1 0 5
11601 Qxf6 6 1 1
11601 d3 3 0 3
11607 d4 5 0 1
11607 d3 3 1 2
11609 Nf3 2 0 3
11608 Nc3 4 0 2
11608 Nf3 1 1 3
11606 Qf3 21 2 9
11610 d3 0 0 5
11611 d3 10 0 3
11614 Bxe6 2 0 6
11612 Nc3 4 0 1
11613 Nc3 6 1 1
11617 Qxd4 5 0 1
11620 Bxe6 1 0 4
11618 d3 4 0 1
11623 Qf3 1 0 4
11624 d3 2 0 8
11630 d3 1 1 6
11631 Nf3 5 0 1
11633 bxc3 1 0 4
11635 bxc3 3 2 3
11635 dxc3 1 1 4
11637 dxc3 3 0 4
11638 bxc3 1 0 4
11641 Bb5 2 1 5
11640 d4 11 0 12
11640 Na4 6 0 2
11640 Bc4 4 0 3
11643 Nf3 4 0 3
11644 Bxc6 1 0 4
11646 d3 6 0 3
11646 Nf3 2 0 3
11645 d3 9 0 8
11645 Nf3 3 0 3
11651 d4 4 0 1
11651 a3 4 0 1
11649 Bb5 17 1 11
11649 Nxe5 6 0 7
11649 d3 5 0 4
11649 Bc4 3 0 4
11648 Bb5 21 2 19
11648 d4 14 3 13
11648 d3 7 1 4
11648 Bc4 5 0 4
11650 Bb5 8 1 4
11650 d4 5 1 5
11655 g4 7 1 0
11654 h3 5 0 2
11657 f4 6 0 1
11661 Nf3 1 0 4
11660 Nf3 5 1 3
11659 Nf3 13 0 3
11662 d3 4 0 4
11663 d3 2 0 3
11668 Nxe5 5 1 0
11666 Bb5 31 2 12
11666 d4 11 2 21
11666 Bc4 9 3 14
11666 d3 5 0 5
11667 d4 11 1 2
11667 Bc4 4 0 3
11671 g4 3 0 3
11673 h3 3 1 2
11674 exd5 2 0 3
11678 Qxd4 4 1 3
11681 Nf3 4 0 3
11682 fxe5 4 1 2
11680 Nf3 7 0 3
11679 e5 14 1 2
11679 Nf3 4 0 3
11679 d4 4 0 3
11684 d4 3 0 4
11687 d3 4 0 1
11691 Be2 4 0 2
11691 d4 5 0 0
11692 d4 6 0 0
11692 Bb5 2 0 3
11696 d4 1 0 6
11690 d4 9 0 7
11693 exf5 5 0 3
11701 Qxd4 1 0 4
11702 Nf3 9 0 3
11703 d3 4 1 5
11704 d3 8 2 9
11707 d3 3 0 3
11708 d3 2 2 1
11709 d3 4 0 2
11710 d3 2 0 5
11715 c3 6 0 3
11715 d3 4 0 2
11712 Nxe5 8 0 4
11712 Nc3 7 0 5
11712 d3 5 1 4
11712 O-O 3 0 2
11714 O-O 7 0 2
11714 Nc3 7 0 1
11714 d3 3 0 2
11714 c3 2 0 3
11713 h3 7 0 2
11713 c3 5 0 3
11713 Nc3 4 0 3
11713 O-O 5 0 0
11713 d3 2 0 3
11720 Bc4 4 0 4
11721 Nxe5 3 0 2
11725 Nc3 5 0 5
11725 d4 4 0 3
11727 d4 9 1 2
11724 d4 4 0 8
11724 Nf3 4 0 5
11726 Qf3 8 0 2
11728 Nf3 4 0 2
11729 d4 4 0 3
11732 Nxd4 23 3 17
11738 d3 5 0 0
11735 Ng5 10 1 7
11735 Nc3 11 0 1
11735 d4 7 1 2
11735 d3 5 0 1
11737 d3 3 0 2
11736 Nc3 6 0 0
11743 Nxd4 10 0 5
11743 Qxd4 6 0 3
11744 dxe5 5 0 0
11758 c3 7 0 2
11758 Bxc6 3 0 6
11758 O-O 2 1 2
11750 Bxc6 85 6 86
11750 O-O 79 4 73
11750 c3 53 2 32
11750 d3 12 3 11
11750 Nc3 7 0 11
11754 O-O 19 1 13
11754 Bxc6 11 1 5
11754 c3 4 0 11
11754 Nc3 6 1 4
11754 d4 1 0 8
11754 d3 3 0 4
11752 Nxd4 102 5 73
11752 Bc4 12 2 10
11752 Ba4 3 0 2
11752 Nc3 2 0 3
11749 Bxc6 92 8 100
11749 O-O 79 5 68
11749 d3 65 3 53
11749 Nc3 51 6 43
11749 Qe2 4 1 2
11749 c3 0 0 6
11751 O-O 64 3 70
11751 Nc3 20 2 21
11751 Bxc6 24 1 16
11751 c3 21 0 17
11751 d3 20 3 15
11751 d4 17 1 9
11753 O-O 36 0 27
11753 Bxc6 29 4 23
11753 d3 22 1 22
11753 Nc3 26 0 12
11753 c3 3 0 6
11747 Bxc6 297 21 298
11747 Ba4 282 14 222
11747 Bc4 5 0 5
11757 Bxc6 9 0 3
11757 exd5 6 0 4
11748 Bxc6 155 17 180
11748 O-O 98 8 83
11748 d4 108 11 68
11748 h3 65 8 73
11748 Nc3 42 2 36
11748 d3 30 2 23
11748 c3 37 0 14
11748 Bc4 1 0 4
11756 Bxc6 4 0 9
11756 Nc3 4 2 4
11756 d3 3 0 6
11756 exf5 3 0 3
11755 Bxc6 10 1 6
11755 O-O 6 0 3
11755 Nc3 7 0 0
11755 d4 4 0 2
11760 Bxc6 7 0 2
11759 Bxc6 5 0 8
11776 c3 12 0 9
11764 c3 298 23 240
11764 d3 220 15 262
11764 O-O 146 12 174
11764 Nc3 123 15 131
11764 b4 47 4 54
11764 d4 36 3 41
11764 Ng5 12 0 29
11764 a3 16 0 12
11764 Nxe5 3 0 9
11764 b3 3 0 5
11764 Bxf7 4 1 1
11764 h3 3 1 2
11779 O-O 5 0 2
11769 d4 45 4 23
11769 c3 25 2 17
11769 O-O 24 3 14
11769 Nc3 12 0 27
11769 d3 17 2 15
11768 Nxd4 52 2 48
11768 Nxe5 24 2 61
11768 c3 28 2 14
11768 O-O 28 1 12
11768 d3 12 1 17
11768 Ng5 5 0 5
11768 Bxf7 6 0 4
11768 Nc3 6 1 2
11765 Ng5 304 17 293
11765 d3 192 9 157
11765 Nc3 137 12 135
11765 O-O 43 2 48
11765 d4 38 5 33
11765 c3 33 0 16
11765 Qe2 8 0 14
11772 Nc3 8 0 9
11772 d4 3 0 8
11772 O-O 4 0 4
11772 c3 2 0 4
11772 d3 1 0 4
11775 d3 11 0 3
11775 d4 8 0 1
11775 h3 3 0 2
11777 Nc3 8 0 3
11777 d3 5 0 4
11774 Nc3 5 0 5
11774 d3 8 0 2
11774 O-O 6 0 3
11770 d4 29 0 9
11770 d3 16 0 7
11770 c3 13 0 5
11770 Nc3 9 0 5
11770 O-O 8 0 5
11770 a3 3 0 4
11770 Ng5 1 0 4
11781 exd5 10 0 2
11767 d4 78 7 51
11767 d3 48 5 46
11767 Nc3 33 2 23
11767 O-O 37 3 12
11767 c3 27 0 19
11767 h3 26 0 15
11767 Ng5 2 1 8
11767 a3 3 0 3
11778 d3 6 1 3
11778 exf5 1 0 6
11771 d4 9 2 8
11771 c3 8 1 5
11771 d3 5 0 5
11771 Nc3 6 0 4
11771 Bxg8 5 0 1
11773 d4 6 0 8
11773 d3 6 0 6
11782 d3 5 0 2
11766 d4 219 11 122
11766 Nc3 126 7 93
11766 O-O 119 12 78
11766 c3 103 8 72
11766 d3 77 5 70
11766 a3 7 0 9
11766 b3 4 0 9
11766 Bd5 5 1 5
11766 h3 4 0 2
11766 Bb5 5 0 1
11784 O-O 0 0 6
11786 O-O 2 0 7
11786 d3 3 0 4
11785 d3 6 2 10
11787 O-O 1 1 3
11791 Bc4 19 2 14
11791 a3 11 2 14
11791 d3 11 0 8
11791 Nd5 12 1 6
11791 d4 10 2 6
11791 Bb5 4 0 8
11789 Bc4 75 6 59
11789 Bb5 48 7 40
11789 d3 9 1 30
11789 Nxe5 26 1 13
11789 Na4 22 3 9
11789 a3 7 0 10
11789 d4 7 0 6
11789 h3 5 1 6
11789 Be2 6 0 5
11789 g3 4 0 1
11789 Nd5 1 0 4
11797 d4 4 0 4
11796 Bc4 4 0 1
11788 d4 125 12 102
11788 Bc4 103 7 101
11788 Bb5 62 3 55
11788 d3 35 2 48
11788 a3 18 1 14
11788 Nxe5 8 0 11
11788 g3 2 0 4
11794 Bc4 2 1 3
11794 Bb5 2 0 3
11792 Bc4 12 1 10
11792 d4 16 0 4
11792 a4 2 0 4
11792 a3 1 0 4
11790 Bc4 31 2 20
11790 d4 21 1 18
11790 Bb5 20 4 14
11790 d3 7 0 4
11790 h3 1 0 7
11795 exf5 7 0 4
11793 Bb5 5 1 2
11793 Bc4 5 0 0
11805 b4 8 1 9
11805 d3 2 0 10
11804 Nc3 15 1 20
11804 d3 9 0 13
11806 exd5 7 1 6
11809 Bb2 23 3 14
11810 Bb2 9 0 12
11810 Nc3 1 0 7
11810 d3 2 1 2
11811 Bb2 4 0 4
11814 d4 27 1 40
11814 Bb5 6 0 9
11814 Bc4 6 0 2
11814 d3 3 0 5
11814 Be2 5 0 2
11814 b4 2 1 3
11814 h3 3 0 3
11813 d4 51 5 59
11813 d3 24 2 30
11813 Bd3 8 1 11
11813 Qc2 6 0 13
11813 Qa4 3 0 6
11813 Qe2 5 0 4
11813 Bc4 7 0 1
11813 Bb5 3 0 4
11818 d4 3 0 3
11816 exd5 3 0 8
11816 d4 3 0 3
11815 d4 17 2 18
11815 Bb5 8 0 3
11815 Bc4 3 0 2
11822 Nc3 3 0 6
11822 d3 3 0 4
11822 a3 2 0 4
11821 Nc3 9 1 7
11821 d3 4 0 5
11829 c3 6 0 0
11824 Nc3 22 1 15
11824 Be2 10 0 3
11824 a3 3 0 8
11824 c3 4 0 5
11824 Be3 0 0 7
11825 Nc3 14 0 18
11825 Bg5 5 0 13
11825 h3 4 0 4
11825 a3 2 0 3
11828 exd5 5 0 5
11826 Nc3 2 0 8
11826 Be2 2 0 4
11826 Be3 1 0 4
11827 Nc3 9 0 4
11839 c3 13 0 11
11839 Bd2 3 0 3
11836 d5 15 2 18
11836 dxe5 5 0 4
11833 d5 21 0 9
11833 dxe5 18 0 10
11833 Nc3 6 1 2
11833 Bg5 4 0 3
11834 Nxd4 38 4 29
11834 Nxe5 6 0 0
11838 d5 12 0 11
11838 dxe5 3 1 5
11835 dxe5 12 2 6
11835 exd5 7 3 9
11832 d5 37 2 34
11832 dxe5 39 4 21
11832 Bb5 8 0 2
11832 Bc4 7 0 3
11831 Nxd4 709 73 742
11831 Bc4 72 3 67
11831 c3 23 0 7
11831 Bb5 12 1 5
11837 d5 18 0 6
11837 dxe5 12 1 5
11843 Nc3 4 0 1
11843 d3 1 1 3
11845 d3 3 1 3
11847 Ba4 3 0 3
11850 Nxe5 25 1 5
11850 O-O 8 0 5
11850 Ng5 3 0 4
11850 c3 2 0 3
11850 d3 2 0 3
11848 Ng5 22 1 20
11848 Nc3 17 1 7
11848 d3 7 0 14
11848 O-O 12 0 5
11848 d4 3 0 6
11848 c3 4 0 1
11849 Nxe5 21 0 19
11849 Qe2 17 0 15
11849 O-O 10 0 3
11849 d3 5 1 6
11853 Nxe5 4 0 2
11852 exd5 21 0 7
11851 Ng5 10 0 2
11851 d3 6 0 2
11851 Nc3 5 0 2
11851 d4 4 0 3
11854 Nxe5 5 0 3
11854 O-O 6 0 1
11858 O-O 2 0 6
11860 d3 37 2 34
11860 Bc4 21 2 6
11860 a3 7 0 9
11860 Nxe5 5 0 10
11860 Nd5 2 0 5
11860 Bd3 4 0 2
11860 d4 1 0 4
11863 Bc4 15 0 4
11863 d4 7 0 2
11863 Nxe5 4 0 4
11863 h3 4 0 3
11865 d4 5 0 0
11859 Bc4 82 8 65
11859 d4 64 3 35
11859 Bb5 51 4 38
11859 d3 8 2 12
11859 a3 5 1 8
11859 Nxe5 2 1 3
11864 d4 3 0 4
11864 Bc4 6 0 0
11862 exd5 24 0 18
11862 Nxe5 4 0 8
11862 d3 4 0 4
11861 Bc4 19 3 19
11861 d4 20 0 13
11861 d3 5 0 5
11861 h3 4 0 4
11861 Bb5 5 0 0
11869 Nxf7 6 0 5
11875 d4 6 1 2
11877 d4 4 0 1
11874 Nxc6 9 1 7
11872 Qe2 96 4 37
11872 d3 18 0 7
11872 Qf3 12 0 5
11872 Bc4 7 2 5
11872 Nf3 3 1 4
11872 f3 3 0 2
11871 d4 59 7 59
11871 Nf3 46 4 37
11871 f4 3 0 9
11871 Nc4 1 0 4
11876 exd5 3 0 4
11873 Nf3 53 6 56
11873 Nxf7 10 1 10
11873 Nc4 4 2 4
11873 Nd3 5 0 0
11884 Nxe5 3 1 4
11884 h3 6 1 0
11884 Bg5 3 1 2
11881 Bg5 14 2 16
11881 Nc3 12 1 17
11881 c3 8 0 10
11881 Be3 7 0 5
11881 Be2 6 0 5
11881 a3 6 1 2
11881 h3 3 1 3
11881 c4 4 1 2
11882 exd5 12 1 14
11882 Bg5 5 1 3
11882 Nxe5 2 0 4
11883 Bg5 9 1 5
11883 Nc3 5 0 2
11883 Be2 6 0 1
11887 dxe5 14 0 7
11887 Nxe5 4 1 9
11887 Bd3 3 1 1
11888 dxe5 3 0 3
11889 dxe5 4 0 2
11886 Qxd4 13 0 15
11886 e5 11 1 11
11886 Nxd4 12 0 8
11886 Bc4 6 1 2
11894 O-O 32 1 21
11894 d3 31 1 14
11894 Nc3 24 2 13
11894 c3 5 1 12
11894 d4 3 0 3
11896 d3 2 0 3
11897 d3 2 0 3
11898 d3 2 0 4
11895 Nc3 4 0 3
11895 O-O 4 0 1
11902 O-O 2 0 3
11904 Nd5 14 0 3
11904 Bc4 5 0 7
11904 d3 4 0 1
11903 d4 42 0 14
11903 Bc4 31 1 18
11903 d3 13 2 10
11903 h3 4 0 1
11905 Nd5 4 0 1
11907 Bb2 2 2 6
11908 d4 7 0 4
11909 Bg5 10 0 11
11910 Nc3 6 1 2
11914 c3 2 0 3
11913 d5 6 1 1
11913 dxe5 2 0 5
11912 Bg5 8 0 3
11912 d5 4 0 5
11912 dxe5 4 0 2
11911 Nxd4 23 3 26
11911 Qxd4 13 3 8
11911 Bg5 3 0 2
11916 d3 2 0 3
11917 exd5 6 0 5
11918 d4 2 0 3
11920 Bxe4 2 0 5
11921 Nd5 5 0 2
11921 Ne2 4 0 2
11922 Nxe4 5 0 4
11924 Nxf7 2 0 3
11923 Bc4 17 0 1
11923 Nc3 3 0 4
11927 dxe4 3 1 6
11928 Nxe5 9 0 6
11929 Nc3 58 2 29
11929 d3 4 0 1
11931 dxc6 7 0 4
11930 Qe2 11 2 7
11930 Nd4 8 0 8
11930 Ng1 6 0 5
11930 Ne5 3 0 3
11934 Bxd7 10 0 8
11934 Bc4 7 2 5
11934 Qe2 0 0 7
11934 Nc3 2 0 3
11933 Ba4 44 2 29
11933 Bc4 22 5 25
11933 Be2 4 0 3
11941 Bxe6 86 7 55
11941 Qe2 9 1 4
11941 d3 9 0 3
11941 Bb3 4 1 6
11941 b3 7 1 1
11941 Bb5 6 0 1
11939 d4 49 0 41
11939 d3 31 2 25
11939 Nc3 21 2 24
11939 c3 19 1 18
11939 O-O 12 1 17
11939 h3 12 0 10
11939 b3 3 0 4
11937 h3 143 11 110
11937 Nc3 67 1 33
11937 d4 55 3 26
11937 d3 40 1 28
11937 O-O 33 2 30
11937 c3 33 1 18
11937 Be2 5 0 2
11937 Qe2 3 0 3
11938 d4 48 5 40
11938 d3 40 1 38
11938 Nc3 29 1 22
11938 O-O 25 1 15
11938 c3 24 0 14
11938 h3 6 0 5
11938 Ng5 3 0 5
11938 a3 2 1 3
11951 d3 4 0 2
11940 Ng5 48 5 24
11940 Nc3 43 0 27
11940 d3 32 1 18
11940 d4 6 0 11
11940 O-O 7 0 2
11940 c3 4 1 2
11949 d3 6 0 2
11949 d4 4 0 1
11946 O-O 7 1 6
11946 Nc3 3 0 9
11946 d3 7 0 3
11946 d4 3 0 2
11946 h3 3 1 1
11945 d3 10 1 8
11945 Nc3 11 0 2
11945 c3 5 1 3
11945 O-O 2 0 6
11945 h3 6 0 2
11948 d3 6 1 3
11948 Nc3 8 0 1
11948 d4 5 0 3
11948 c3 3 0 3
11944 O-O 9 0 12
11944 Nc3 5 0 14
11944 c3 7 0 11
11944 d3 9 0 2
11944 d4 4 0 2
11943 Nc3 16 1 11
11943 d3 19 0 9
11943 d4 11 0 7
11943 O-O 2 1 4
11943 c3 3 1 3
11942 exf5 24 1 19
11942 d3 25 0 13
11942 Nc3 6 0 5
11947 d4 8 0 4
11947 Nc3 8 0 3
11947 O-O 6 0 3
11947 d3 4 0 2
11947 Nh4 4 0 1
11947 c3 4 0 1
11950 d3 6 0 1
11950 d4 6 0 0
11936 d4 105 5 90
11936 Nc3 66 7 63
11936 O-O 55 3 31
11936 d3 42 1 39
11936 c3 36 4 33
11936 h3 40 1 20
11936 b3 3 2 3
11936 a3 4 0 2
11955 Nc3 7 0 1
11955 d3 4 1 1
11965 d4 12 0 10
11965 Bb5 4 0 1
11964 d4 13 0 6
11964 Bc4 6 0 8
11959 Be2 44 6 33
11959 h3 38 3 14
11959 Bc4 25 2 15
11959 d4 5 0 4
11959 d3 3 0 3
11962 Bb5 15 1 20
11962 Bc4 17 1 14
11962 d4 16 0 7
11962 d3 2 0 6
11960 Bc4 31 1 23
11960 d4 31 5 17
11960 d3 12 0 10
11960 h3 6 0 6
11960 Bb5 2 1 6
11960 Be2 4 1 2
11960 Nd5 2 1 2
11968 d4 3 0 5
11968 Bc4 4 0 1
11963 Bc4 10 0 9
11963 Bb5 8 2 5
11963 Nd5 6 1 1
11963 d3 2 0 5
11961 Bc4 30 1 14
11961 d4 26 1 12
11961 d3 5 0 7
11961 Be2 3 0 3
11961 h3 4 0 1
11967 exf5 4 1 7
11967 d4 6 0 4
11966 Bc4 7 0 6
11966 d4 6 1 5
11974 Bb2 4 0 1
11982 d4 5 0 3
11980 d4 7 0 8
11976 d4 18 1 8
11976 Be2 8 0 7
11976 h3 0 0 5
11977 d4 12 0 10
11977 Bb5 1 1 3
11984 d4 4 0 3
11978 d3 5 0 3
11978 d4 6 0 2
11978 Qc2 4 0 1
11983 d4 1 0 4
11979 d4 2 0 3
11979 d3 3 1 1
11981 d4 3 0 3
11985 Nc3 2 2 1
11990 Be2 27 1 6
11991 Nc3 7 0 1
11991 Bg5 2 1 2
11993 Nc3 1 0 4
11992 Nc3 3 0 2
11992 Be2 1 0 4
12009 dxe5 7 0 1
12003 dxe5 13 1 9
12003 d5 4 0 2
11997 dxe5 124 5 44
11997 Be2 31 0 15
11997 d5 15 2 17
11997 h3 8 0 5
11997 Bc4 5 0 4
11998 d5 42 4 22
11998 dxe5 31 2 19
11998 Bb5 17 0 15
11998 Bc4 8 0 3
12000 dxe5 24 3 12
12000 Bc4 11 0 6
12000 d5 4 0 4
12000 Nc3 3 0 5
12001 dxe5 20 1 10
12001 Nc3 10 0 2
12001 Bg5 2 0 3
12002 dxe5 8 1 7
12002 d5 5 0 5
12002 Nc3 4 1 0
12005 dxe5 7 0 3
12006 dxe5 7 0 0
12007 dxe5 5 1 1
11996 Nxd4 395 34 324
11996 Qxd4 68 8 58
11996 Bc4 23 1 18
11996 c3 11 1 8
12004 dxe5 7 0 6
12004 exf5 7 0 2
12004 Nc3 1 1 3
11999 dxe5 29 2 10
11999 d5 14 0 7
11999 Bc4 5 0 4
11999 Nc3 7 0 1
12010 dxe5 4 0 1
12008 dxe5 5 0 0
12012 Bg2 3 0 4
12013 d3 0 0 5
12018 Bc4 8 1 7
12018 d4 3 0 2
12015 Bc4 6 2 9
12015 Bb5 6 0 7
12015 Nc3 6 0 4
12015 c3 2 0 4
12015 d4 5 0 1
12014 Nc3 42 3 25
12014 d3 25 4 30
12014 Bc4 3 0 5
12014 d4 3 1 3
12019 Bc4 6 0 3
12017 d3 6 1 8
12017 exf5 8 0 4
12016 Bc4 6 2 7
12016 d4 6 0 2
12016 Nc3 4 0 3
12027 Nxe5 4 0 2
12029 Nxe4 4 1 4
12032 Nxc6 14 0 6
12031 exf5 10 0 7
12031 Bc4 3 1 1
12033 d4 2 2 4
12034 Qh5 7 0 0
12039 Nc3 2 0 5
12038 Nc3 2 0 3
12038 Bg5 2 0 3
12040 Nxe5 1 1 3
12044 Nxe5 3 0 3
12043 d3 0 0 6
12042 Nxe5 8 0 18
12042 Bc4 1 0 5
12042 d3 1 0 4
12041 Nd4 17 0 18
12041 Qe2 9 0 8
12041 Ng1 3 0 13
12041 Ne5 6 1 3
12046 Nc3 5 0 1
12046 d4 6 0 0
12046 d3 3 0 2
12048 d4 9 0 1
12048 d3 3 0 2
12047 d4 7 0 2
12047 d3 3 0 2
12050 Bxg8 3 0 2
12053 Bc4 5 0 1
12053 d4 3 0 2
12058 Qh5 4 0 1
12059 Qh5 42 0 6
12061 d5 10 1 5
12063 dxe5 3 0 3
12060 d5 12 1 5
12060 dxe5 11 0 2
12062 Nxd4 9 0 1
12067 d3 1 1 4
12069 c3 13 0 13
12069 d3 6 0 3
12069 Nh3 4 0 4
12069 Nc3 1 0 4
12069 Ne2 1 0 4
12072 d3 6 0 10
12072 Bc4 4 0 7
12076 c3 4 0 1
12075 c3 9 0 10
12075 Ne2 3 0 2
12078 d3 3 0 2
12077 h3 4 0 2
12077 d3 0 0 5
12084 Be2 2 0 3
12080 c3 8 1 11
12082 exd5 4 0 5
12083 h3 5 1 2
12081 Be2 7 1 6
12086 Nxf3 3 1 1
12087 d3 5 0 1
12092 Qxg7 3 0 2
12094 Qf3 4 0 1
12095 Qf3 5 1 17
12095 Qf5 9 2 9
12097 Bxc6 2 1 5
12096 Qf3 7 1 4
12102 Qxf7 8 0 0
12102 Qf3 2 0 4
12101 d3 12 0 5
12100 Nc3 9 0 11
12100 Nf3 3 0 8
12100 d3 1 1 8
12100 c3 3 1 4
12099 d3 8 1 8
12099 Nc3 8 0 5
12099 Nf3 5 0 6
12099 c3 2 0 5
12098 Qf3 114 10 178
12098 Qd1 6 1 5
12103 Qf3 6 0 3
12104 Qh4 2 0 4
12104 Qg5 2 0 3
12106 Qf3 12 1 18
12107 Qf3 3 0 3
12110 d3 26 0 19
12110 Qg3 17 2 7
12110 Bc4 12 1 12
12110 Nc3 12 1 8
12110 Nf3 3 2 4
12110 Bb5 2 0 6
12111 Qxc7 15 1 14
12111 Qxe7 13 0 10
12112 Qf3 3 0 4
12117 Nf3 5 0 7
12117 Qf3 5 0 2
12118 Qf3 8 1 11
12119 Nf3 8 1 4
12120 Qf3 3 0 2
12123 Bb5 4 0 3
12122 Bc4 3 1 2
12122 Nc3 1 2 2
12124 Qxe5 9 1 5
12126 Nf3 2 0 3
12129 Bc4 10 1 3
12128 Bc4 10 1 14
12133 d3 10 0 7
12131 Nc3 8 0 5
12131 d3 9 1 3
12131 Nf3 1 0 6
12132 d3 6 1 7
12132 Nc3 7 0 3
12130 Qf3 58 3 67
12137 Qh4 2 0 4
12137 Qg5 2 1 2
12139 Qxh8 17 0 1
12140 Qxh8 8 0 2
12138 Qxh8 32 1 5
12141 Bc4 2 1 5
12142 Bc4 2 0 7
12144 Nce2 5 0 0
12146 d3 4 0 2
12146 Nc3 4 1 0
12151 Bb2 1 1 3
12150 Bb2 4 0 3
12153 d4 3 0 2
12154 cxd4 7 1 7
12155 cxd4 6 0 7
12156 Bg5 0 0 6
12158 Bg5 4 0 2
12159 cxd4 2 0 3
12160 d3 4 1 0
12163 d3 17 0 16
12164 d3 10 0 6
12165 d3 8 1 0
12169 d3 4 0 5
12170 d3 5 0 0
12171 Nf3 2 0 4
12173 Bg5 2 1 2
12177 d3 4 0 2
12175 d3 9 0 5
12176 d3 5 0 2
12179 Nc3 3 0 4
12182 Ng3 1 0 4
12183 Nc3 1 0 7
12183 c3 4 0 3
12186 Nf3 0 0 6
12188 Be2 3 0 3
12190 Bd2 5 0 4
12191 Be3 6 1 2
12191 Nf3 0 0 5
12189 g3 1 0 9
12189 Be3 3 0 2
12189 Nf3 2 1 2
12192 g3 3 1 2
12194 Be2 8 0 5
12194 Nc3 6 0 5
12194 c3 2 0 4
12195 Nc3 5 0 9
12195 Be2 2 0 7
12196 Nc3 7 0 6
12196 Be2 4 1 2
12199 Be2 1 0 4
12202 Nc3 5 2 2
12201 Nc3 15 0 0
12203 Nc3 7 0 1
12206 f5 1 0 4
12205 Bxf4 6 1 4
12208 Nf3 2 0 3
12212 Bxf6 1 0 4
12215 Bd2 6 0 1
12214 Be3 6 0 2
12217 Ng3 4 0 1
12219 Nxe5 4 0 5
12218 Nc3 10 0 9
12218 Be2 1 0 5
12218 Bg5 2 0 3
12220 Nc3 4 0 2
12222 Nc3 5 0 0
12226 f5 3 0 3
12224 Bxf4 3 1 5
12227 Nd2 3 0 2
12231 Nb1 3 0 3
12232 dxe4 1 0 4
12233 Nc3 21 1 5
12237 g3 6 0 1
12236 g3 5 0 2
12243 Be2 2 0 6
12240 Nc3 3 0 4
12241 Bg5 2 0 9
12242 Be2 2 0 4
12248 Nc3 5 0 0
12250 Bxf4 3 0 5
12259 c3 11 1 2
12259 Bc4 6 0 2
12259 Nxd4 3 0 3
12261 cxd4 4 0 1
12265 c3 6 0 1
12264 Nf3 7 0 4
12264 c4 4 0 1
12263 c4 12 0 12
12263 Nf3 9 0 11
12263 Nc3 4 0 7
12263 f4 4 0 1
12263 Bg5 2 0 3
12262 c3 36 1 9
12262 Nf3 10 0 4
12262 Be3 6 1 3
12267 f4 8 0 10
12267 Nf3 7 0 7
12267 Bf4 0 0 5
12268 Qxd4 3 0 3
12271 Bd3 6 0 2
12271 Qe2 6 0 1
12271 Nf3 2 0 3
12273 d5 5 0 1
12276 Nc3 7 1 1
12278 Be2 6 0 2
12281 Nf3 4 0 4
12280 Qxd8 10 2 2
12286 dxe5 4 0 1
12284 Nxd4 5 0 0
12287 Nc3 5 0 2
12287 Bd3 4 0 1
12288 c4 4 0 3
12291 exd6 8 0 6
12290 Qxd8 52 4 18
12293 Nf3 5 0 2
12294 Bc4 44 3 22
12294 Nxd4 11 0 7
12294 c3 2 0 4
12295 Bc4 33 1 14
12295 c3 7 0 3
12297 Bc4 5 0 2
12299 Qd1 83 12 164
12299 Qe3 100 3 136
12299 Qc4 22 3 57
12299 Qa4 20 2 45
12299 Qd5 11 2 31
12299 Qd3 13 0 27
12299 Qc3 1 0 22
12299 Qd2 7 1 6
12302 Bg5 4 0 4
12302 e5 4 0 3
12302 Nc3 3 0 2
12303 Qxf6 1 0 4
12301 Qe5 11 0 3
12301 Qe3 2 1 3
12301 Qd1 3 0 2
12300 e5 3 0 5
12300 Nc3 7 0 1
12300 Nf3 5 0 2
12308 cxd4 12 0 7
12308 Bc4 13 0 3
12308 Nf3 7 0 7
12310 e5 6 1 4
12310 Bc4 3 0 4
12310 Bg5 3 0 2
12313 Nf3 4 0 2
12311 Bxd3 8 0 11
12309 exd5 4 1 9
12309 e5 5 1 3
12309 Qxd4 4 1 3
12312 Bc4 7 0 6
12307 Bc4 359 12 188
12307 Nxc3 15 2 9
12316 Nf3 4 0 6
12319 Qh5 12 0 2
12319 Nf3 6 0 1
12320 Nge2 2 0 9
12326 Bc4 4 1 4
12325 c3 16 1 7
12325 Bc4 8 1 8
12325 fxe5 4 0 6
12325 d4 4 0 2
12327 d4 5 0 2
12331 Nf3 2 0 3
12333 Nf3 4 0 2
12337 Bc4 7 0 7
12337 fxe5 5 0 7
12336 Bc4 9 0 11
12336 fxe5 3 1 3
12339 Nc3 4 1 1
12339 d3 4 0 1
12338 exd5 12 0 14
12334 Bc4 85 1 34
12334 Bb5 10 1 9
12334 Nc3 7 1 5
12334 fxe5 3 0 9
12334 f5 7 0 3
12334 d4 3 0 2
12335 Bc4 67 0 30
12335 d4 40 0 26
12335 Nc3 6 0 4
12335 h4 6 0 1
12335 d3 4 0 1
12340 Nc3 1 0 4
12340 exf5 1 0 4
12341 Bc4 3 0 2
12342 d4 10 0 6
12342 Nf3 7 1 7
12343 Nf3 5 1 1
12344 Nf3 4 0 4
12344 d3 4 0 1
12350 Nf3 4 0 2
12349 Nf3 8 0 6
12349 fxe5 5 0 2
12349 f5 2 0 4
12348 d3 10 0 4
12348 Nf3 8 0 3
12348 fxe5 5 1 5
12348 f5 3 0 5
12351 Nxe4 0 0 5
12352 Nxe5 12 0 9
12352 Ng5 1 0 5
12356 Nc3 10 0 9
12354 Nc3 17 1 14
12354 d3 10 0 7
12354 Bc4 2 3 3
12355 Nf3 25 1 20
12358 g3 1 0 5
12362 Bc4 39 4 20
12362 Be2 7 0 3
12362 fxe5 7 0 2
12361 Bc4 41 2 30
12361 d4 6 0 3
12361 Bb5 2 0 5
12361 fxe5 6 0 1
12361 h3 3 0 3
12366 Bc4 7 0 0
12365 Nc3 11 0 3
12363 Bc4 31 1 15
12363 d4 21 0 10
12364 Bc4 11 0 2
12364 d4 5 0 2
12364 fxe5 2 0 3
12368 Nf3 9 0 5
12371 Nf3 2 0 4
12372 Nc3 5 0 4
12370 Kf1 5 0 8
12369 Nf3 7 0 4
12380 d4 60 1 18
12380 Bc4 22 1 12
12384 Bc4 9 0 6
12384 e5 8 0 1
12384 d4 7 0 0
12377 Bc4 74 2 46
12377 h4 20 0 17
12377 d4 12 0 14
12377 Qe2 6 1 3
12376 Bc4 103 2 37
12376 d4 49 0 21
12376 Nc3 3 0 8
12387 Bc4 4 0 3
12387 d4 4 0 1
12378 e5 36 2 17
12378 Nc3 32 1 16
12378 Bc4 13 0 9
12378 d3 4 0 5
12383 Nc3 16 0 9
12383 Bc4 4 0 2
12385 Bc4 6 0 2
12386 Bc4 4 0 6
12388 Bc4 3 0 3
12379 exd5 41 1 28
12379 e5 22 0 16
12379 Nc3 8 0 3
12374 Bc4 118 7 69
12374 d4 53 1 31
12374 Nc3 8 0 4
12374 h3 4 0 3
12382 Bc4 21 0 8
12382 d4 9 0 4
12375 Bc4 99 5 68
12375 h4 20 0 26
12375 d4 18 2 18
12375 h3 17 0 11
12381 Bc4 31 1 17
12381 d4 3 1 7
12381 h4 3 0 3
12393 e5 6 0 4
12394 Qh5 6 0 0
12397 Bc4 6 0 5
12398 Bc4 6 0 0
12399 Nf3 7 0 0
12399 Qh5 5 0 0
12405 Bb3 3 0 3
12404 exd5 1 0 4
12406 exd5 5 0 0
12409 d3 3 0 2
12411 d5 4 0 4
12412 exd5 4 1 7
12413 Bb3 67 4 91
12413 Qe2 18 0 24
12413 Bb5 11 3 18
12413 Be2 1 0 5
12413 Bd3 2 0 3
12417 d5 3 1 2
12415 d5 12 1 2
12421 d4 1 0 4
12422 d4 2 0 4
12424 d4 3 1 5
12425 exd5 1 2 3
12427 Ne2 4 0 5
12429 Nxe4 4 0 2
12430 Nce2 3 0 5
12431 Nxe4 6 0 6
12435 d4 43 7 57
12435 Nf3 10 0 20
12435 Qe2 1 0 8
12436 d3 1 0 5
12438 d4 6 0 8
12439 c4 2 0 3
12439 c3 3 1 1
12439 Nc3 5 0 0
12442 Bxc6 6 0 2
12445 e5 5 0 4
12445 Nc3 1 0 5
12446 exd5 5 0 1
12446 e5 1 1 3
12449 d3 1 0 4
12450 d4 7 0 4
12451 Bd3 5 0 8
12451 Nc3 2 0 6
12451 c4 5 0 1
12453 d4 1 0 4
12455 d4 5 0 5
12457 Bb5 3 1 1
12456 e5 3 0 2
12460 d4 8 0 9
12460 c4 7 0 8
12460 Bc4 3 1 2
12462 h3 4 0 1
12461 d4 12 0 3
12466 d4 2 0 3
12468 Nc3 10 1 4
12470 d3 4 0 9
12470 d4 2 0 5
12471 d4 8 0 15
12471 Bc4 6 0 3
12472 Nc3 5 0 0
12473 Nc3 27 1 24
12473 Bd3 12 0 20
12473 d5 1 0 8
12474 d4 3 1 7
12475 c3 4 0 6
12475 d4 5 1 0
12475 Nc3 2 0 3
12475 d3 2 0 3
12475 O-O 4 0 1
12476 d3 3 0 5
12476 a3 3 0 3
12477 exd5 11 0 10
12478 d4 9 0 7
12478 Bb5 4 0 5
12478 Bc4 3 0 2
12479 d4 5 0 6
12481 d4 4 0 2
12480 d4 2 0 3
12482 d4 2 0 3
12483 d4 5 0 0
12490 d5 4 0 3
12489 dxc5 3 0 3
12489 d5 2 0 3
12487 Nxd4 18 1 42
12487 Qxd4 3 0 4
12488 exd5 4 0 4
12491 dxc5 4 0 1
12494 exd5 10 1 13
12495 exd5 6 1 7
12495 d4 5 0 0
12496 e5 21 0 13
12496 exd5 11 1 18
12500 Bxd7 1 0 4
12499 Bd3 3 0 6
12501 Bxe4 3 1 6
12505 exd5 5 1 5
12505 e5 2 0 5
12503 Ne2 23 1 27
12503 Nb5 2 0 7
12504 Nxe4 18 1 13
12509 Nxf7 3 0 3
12508 d3 8 0 3
12510 Qh5 6 0 1
12512 dxe4 6 2 13
12514 Ne5 5 0 2
12514 Ng5 5 0 2
12514 Nfd2 1 1 4
12522 d4 5 0 3
12516 d4 16 2 14
12518 d4 9 0 10
12519 d4 2 0 9
12515 d4 46 5 95
12515 c3 15 1 49
12515 Bb5 19 2 18
12515 b4 7 0 5
12515 a3 3 0 3
12515 d3 2 0 3
12515 Nc3 4 1 0
12521 d4 6 0 2
12520 c3 1 0 4
12517 d4 13 1 14
12524 Nc3 32 0 17
12524 d4 19 2 12
12524 Be2 4 0 4
12524 c4 5 0 1
12523 d4 292 39 423
12523 Nc3 26 1 46
12523 Qe2 10 1 21
12523 c4 16 0 14
12523 Be2 10 0 17
12523 d3 5 1 18
12523 Bb5 8 1 10
12523 c3 4 1 6
12523 Bd3 7 0 3
12528 c3 2 1 3
12530 d4 7 0 1
12534 d4 4 1 6
12537 d4 4 0 1
12535 d4 6 0 3
12541 Bd3 9 0 3
12541 Nc3 3 0 5
12541 c4 2 0 4
12540 Bd3 6 0 5
12540 Nc3 4 0 4
12543 Nc3 9 1 5
12543 Bd3 4 0 2
12542 c4 5 0 5
12542 Nc3 3 0 3
12542 Bd3 4 0 1
12551 d4 4 1 1
12552 d4 2 2 2
12553 c3 4 0 3
12553 Nc3 4 0 2
12553 e5 2 0 3
12556 Nc3 2 0 7
12560 d3 3 0 2
12561 Nc3 3 0 8
12563 Bb2 2 0 3
12564 Bb2 5 0 9
12571 exd5 4 0 3
12572 Nxe4 3 0 3
12573 exd5 5 0 7
12574 d4 12 1 5
12577 Be2 5 0 1
12580 Nb1 6 0 4
12580 Nce2 1 0 5
12584 dxe4 3 1 7
12585 dxe4 5 1 0
12586 d4 2 0 5
12588 Nc3 4 0 4
12587 d4 7 0 9
12587 Nf3 3 0 10
12587 Nc3 3 0 7
12587 Qe2 3 1 5
12593 Nc3 4 0 1
12594 e5 5 0 0
12597 exd5 5 0 4
12598 Ne2 3 0 2
12599 Nf3 3 0 12
12602 Nc3 2 0 6
12602 Bd3 3 0 3
12602 Bc4 0 0 5
12602 Be2 2 1 2
12604 Nc3 7 0 5
12605 Nc3 2 0 3
12609 Nf3 6 0 6
12610 e5 5 0 1
12613 Bd3 5 0 0
12612 e5 6 0 4
12615 c4 24 0 8
12615 Nf3 9 0 2
12617 Bd3 6 0 2
12616 Nf3 2 0 5
12616 f4 4 0 2
12616 Nc3 3 1 1
12618 Nf3 4 0 1
12619 Bd3 4 0 2
12620 Nc3 12 0 1
12621 Bd3 4 0 3
12622 Nf3 2 1 2
12625 Be3 5 0 4
12626 Nf3 9 1 5
12626 Bd3 5 1 4
12627 Nc3 17 1 13
12627 Bd3 7 1 6
12629 Nc3 13 0 8
12629 d5 4 1 11
12629 Bd3 3 1 3
12629 f3 4 0 1
12631 Nf3 6 0 4
12632 Bd3 6 0 6
12633 Bg2 4 0 3
12634 Bxd4 4 1 1
12636 Nxd4 35 2 28
12637 exd5 6 0 7
12637 e5 2 0 5
12643 Nf3 3 0 3
12641 cxd4 17 1 21
12642 exd5 4 0 4
12642 e5 5 0 3
12647 c4 5 0 13
12647 Nc3 4 0 3
12648 c4 4 0 3
12648 Nf3 2 0 3
12646 exd5 23 1 19
12646 Qxd5 3 0 5
12649 Nf3 7 0 6
12649 Nc3 3 0 7
12650 Qxd4 1 0 5
12652 e5 5 0 2
12652 exd5 4 1 1
12652 Nf3 2 0 3
12653 e5 10 0 13
12653 exd5 7 1 3
12657 Nc3 3 0 2
12656 cxd5 19 1 5
12656 Nc3 3 1 4
12656 e5 4 0 3
12656 exd5 4 0 1
12658 exd5 2 1 3
12659 f4 2 0 5
12660 Nf3 3 1 1
12661 e5 8 0 5
12662 e5 6 0 2
12664 Bxe4 3 0 2
12666 e5 25 0 21
12666 Bd2 8 0 13
12666 Bd3 6 0 11
12666 exd5 5 2 5
12666 a3 3 0 5
12665 Bg5 30 0 26
12665 e5 26 2 15
12665 Bd3 6 0 6
12665 exd5 5 0 3
12668 exd5 16 1 10
12668 Nf3 8 0 5
12668 dxc5 3 0 3
12669 Nf3 5 0 4
12667 Nxe4 47 6 36
12675 Ngf3 6 0 0
12672 e5 18 1 16
12672 Bd3 4 0 4
12673 c3 5 2 8
12673 Ngf3 8 1 5
12673 exd5 4 1 1
12674 Nxe4 13 2 7
12676 Nc3 2 0 6
12685 c3 4 1 2
12683 Nf3 4 0 3
12679 Nf3 28 0 17
12679 c3 6 0 5
12679 f4 5 0 2
12679 Bb5 4 0 2
12680 Nf3 11 0 9
12680 f4 5 0 5
12680 c3 2 0 3
12682 Nf3 4 0 6
12684 Nf3 3 0 4
12677 c3 242 17 301
12677 Nf3 73 4 94
12677 Be3 18 2 36
12677 dxc5 21 1 23
12677 c4 6 0 23
12677 Bb5 3 1 17
12677 f4 8 0 12
12677 Qg4 6 0 0
12677 Nc3 2 0 3
12681 Nf3 6 1 3
12678 f4 16 0 14
12678 Nf3 13 1 10
12678 exf6 5 0 7
12678 c3 3 0 3
12678 Bd3 2 0 3
12689 Nc3 30 3 19
12689 Nf3 17 0 15
12689 c4 8 0 7
12688 Nf3 130 13 116
12688 Bd3 94 10 77
12688 Nc3 51 2 67
12688 c4 41 1 48
12688 Qe2 6 2 16
12688 Bb5 5 0 10
12688 Bf4 8 0 7
12688 c3 5 0 5
12688 Be3 3 0 5
12688 Ne2 4 1 2
12688 a3 1 0 4
12688 f4 5 0 0
12692 Be3 4 0 3
12693 Be3 4 0 1
12691 Be3 2 1 2
12696 Nf3 8 0 0
12699 Nf3 3 0 2
12695 Nf3 8 0 2
12701 Nc3 5 0 1
12703 Nc3 4 0 1
12702 Nc3 3 0 4
12700 Nc3 4 2 5
12700 c4 2 0 4
12700 Bd3 3 0 2
12711 Nc3 8 0 4
12710 Nc3 6 1 5
12712 Nc3 4 0 4
12713 Nc3 4 0 1
12709 Nc3 11 0 9
12714 Nc3 3 1 3
12718 g3 6 0 2
12719 Nf3 4 0 2
12717 Nf3 10 0 0
12722 e5 4 0 2
12722 Bg5 5 0 0
12725 Nf3 4 0 1
12733 Be2 6 0 0
12735 Nf3 3 0 2
12737 Nf3 5 1 1
12736 c3 16 0 21
12736 Nf3 8 0 12
12736 Be3 6 0 7
12736 dxc5 6 1 5
12736 Bb5 2 0 4
12742 d4 3 0 6
12742 Nf3 5 0 3
12743 Nf3 3 0 2
12741 Nf3 6 2 6
12741 d4 3 0 2
12744 Nxe5 12 0 4
12746 dxe5 3 4 9
12746 Nf3 1 0 4
12748 Nf3 3 1 8
12748 d4 3 0 4
12750 fxe5 7 0 8
12752 Nf3 2 0 3
12754 fxe4 1 0 4
12755 d4 2 0 9
12758 d4 8 1 8
12759 e5 2 0 3
12761 d4 7 0 3
12762 Nf3 9 1 9
12763 e5 2 0 3
12764 Nc3 8 0 6
12764 d3 4 0 4
12766 Bc4 2 0 4
12767 e5 4 0 5
12768 e5 4 1 7
12768 exd5 4 0 3
12769 Ng5 4 0 2
12769 Ne5 2 0 3
12774 Nf3 2 0 3
12772 Nf3 6 0 0
12773 d4 0 0 5
12770 Nf3 40 2 64
12770 d4 9 1 16
12770 c3 1 0 4
12775 Nf3 1 0 4
12771 Nf3 8 1 8
12771 d4 5 1 2
12779 Nc3 4 0 7
12779 Nf3 7 0 2
12778 Nf3 31 1 50
12778 d4 21 0 17
12778 Nc3 4 1 5
12780 d4 5 0 2
12781 d4 5 1 2
12782 Bc4 1 1 3
12789 Bxe4 1 0 5
12791 fxe5 2 0 3
12792 Bb3 2 1 6
12794 d4 2 0 3
12800 Bxd5 3 0 6
12800 Qe2 5 0 3
12800 exd5 1 0 4
12801 Qe2 4 0 1
12804 Nxf7 1 0 4
12806 Ne5 6 0 1
12807 Qe2 24 0 11
12807 Qf3 18 0 15
12807 Qf4 7 0 7
12807 e5 1 0 8
12807 Qd1 6 0 2
12808 f4 6 0 3
12811 Ng5 3 0 7
12810 d4 4 1 3
12813 Nh3 18 1 11
12813 d3 9 1 8
12813 c3 8 0 7
12813 Nc3 2 0 6
12813 d4 4 0 3
12815 d4 5 0 3
12823 Nf3 1 0 4
12825 Nf3 6 0 0
12830 e5 4 0 2
12830 Ng5 3 1 1
12829 d4 3 0 4
12829 Ng5 3 1 1
12829 Nc3 4 1 0
12828 Ng5 8 0 11
12828 d4 5 1 4
12828 d3 3 0 3
12828 Nc3 3 0 3
12828 O-O 4 0 1
12827 d4 16 0 9
12827 d3 5 1 2
12827 c3 1 0 6
12827 O-O 3 0 4
12836 d4 4 0 1
12837 d4 1 0 4
12834 d4 9 0 10
12834 Bc4 2 0 3
12835 d4 6 0 5
12839 d4 6 1 7
12840 d4 3 1 2
12845 e5 3 1 1
12843 e5 5 0 8
12843 Nc3 5 1 2
12843 Bc4 5 0 0
12843 c3 2 0 3
12846 dxc5 1 0 5
12841 Nc3 11 0 12
12841 Bc4 8 0 6
12841 c4 7 1 3
12841 Be3 5 0 4
12841 e5 3 1 3
12841 c3 5 0 2
12842 e5 11 0 5
12842 Bd3 5 1 3
12842 Be3 5 0 3
12842 Nc3 5 0 3
12842 c3 6 0 2
12842 c4 4 1 2
12842 Bc4 0 2 4
12851 d4 2 0 3
12850 exd6 3 0 2
12852 Nh3 4 1 8
12852 d4 3 0 3
12856 Be3 4 1 3
12857 Nf3 4 0 6
12857 c4 2 0 3
12858 Nf3 4 0 1
12861 Be3 12 0 3
12861 Nf3 5 0 4
12862 Nf3 2 0 4
12862 Be3 2 1 2
12870 Nc3 5 0 1
12870 e5 3 2 0
12868 Bc4 5 0 1
12871 Bc4 5 0 3
12869 e5 6 0 4
12866 Bc4 24 0 10
12866 Nc3 20 4 9
12866 Bd3 3 1 8
12866 h3 3 0 6
12866 c3 2 0 3
12866 c4 3 0 2
12867 Nc3 18 1 5
12867 c4 5 0 5
12867 Bd3 3 0 2
12867 c3 2 0 3
12877 Be3 2 0 3
12875 Bd3 5 0 5
12875 f4 5 0 4
12875 Nf3 4 1 3
12876 e5 2 0 3
12879 Nc3 9 1 11
12880 Nc3 5 1 6
12885 c3 2 0 7
12883 f4 10 0 12
12883 Nf3 5 0 8
12883 exd6 4 1 6
12883 Bf4 2 0 3
12884 Nf3 8 0 9
12884 Nc3 5 0 2
12884 f4 4 1 2
12891 Nf3 2 0 3
12889 Nf3 14 0 16
12890 Nf3 8 0 2
12893 Nf3 3 0 8
12893 f4 2 0 5
12897 Nge2 0 1 4
12900 d4 3 0 4
12900 Bc4 3 0 3
12898 d4 11 0 6
12898 Bc4 3 1 3
12899 d4 10 0 4
12905 Nf3 3 1 3
12907 d4 2 0 5
12912 e3 3 0 2
12915 d4 2 0 4
12917 Bb5 1 0 4
12922 Qxf3 5 0 4
12925 e3 11 1 2
12927 Be2 1 1 4
12931 d4 10 0 1
12934 Be2 6 0 6
12934 Bb5 6 1 5
12934 b3 6 0 2
12934 c3 3 1 4
12934 d3 2 0 4
12938 e3 3 0 2
12943 Bxd7 2 0 3
12946 d4 3 0 2
12945 d4 1 0 4
12944 d4 3 1 8
12947 e4 2 1 4
12948 Nf3 9 1 19
12949 d3 7 0 0
12951 e3 3 0 2
12950 c3 6 0 0
12952 b3 5 1 2
12952 d3 2 0 3
12953 b3 5 0 2
12955 Be2 2 0 4
12957 Nc3 3 0 2
12958 d3 2 0 4
12959 Bb2 3 0 4
12960 Bb2 11 0 6
12964 Bb2 0 0 5
12965 Bb2 1 0 4
12967 d3 4 0 6
12969 Bb2 3 0 6
12968 Bb2 3 0 5
12970 Bb2 2 0 4
12971 d3 5 0 1
12975 Bb2 0 0 5
12976 Bb2 0 0 5
12977 Ne2 4 1 1
12979 Bb2 4 0 4
12981 f3 4 1 3
12983 Ne2 2 0 3
12984 Bb2 2 0 3
12987 d3 2 0 3
12988 d3 4 0 8
12990 d3 4 0 1
12989 d3 4 0 2
12993 Bb2 2 2 2
12996 e3 3 0 3
12997 Nd4 3 2 3
12998 O-O 2 0 3
13001 Bb2 2 0 4
12999 Bb2 8 0 4
13002 Bb2 1 0 4
13000 Bb2 4 0 5
13006 Ne2 2 0 3
13005 Ne2 6 0 5
13009 Bxe4 2 0 3
13012 Ne5 3 0 5
13011 Nxd4 10 0 1
13019 Bb2 5 0 4
13018 Bb2 1 1 10
13021 Bb2 1 1 4
13020 Bb2 2 0 6
13024 Ne2 4 0 1
13025 Ne2 5 0 0
13031 Nc3 0 0 6
13030 d4 14 1 12
13034 dxe5 4 0 3
13032 dxe5 8 0 8
13033 dxe5 4 0 4
13036 dxe5 2 0 3
13035 Bxg5 5 0 0
13038 Nc6 3 0 4
13039 c5 8 0 3
13039 Nf6 9 0 0
13039 Nc6 4 0 1
13040 Nxd4 13 1 2
13041 Nf6 4 0 9
13041 d5 2 0 3
13055 c5 2 1 2
13056 O-O 15 0 15
13056 d6 2 0 3
13058 Nf6 1 0 4
13059 Bg7 8 0 2
13060 d5 2 1 3
13061 bxc6 5 0 4
13068 Bg7 7 0 5
13071 Nc6 6 0 7
13073 Nbd7 2 0 3
13077 Be7 5 0 1
13083 e6 4 0 1
13090 Nxd5 5 0 1
13091 Nf6 5 0 0
13093 e6 4 1 5
13094 e6 4 1 1
13096 e5 3 0 2
13099 e4 1 0 4
13098 Nf6 5 0 6
13101 e6 2 0 4
13102 Nc6 5 0 3
13105 Bg7 5 0 4
13107 e5 5 0 17
13107 Nf6 4 0 11
13108 cxd4 3 1 4
13108 e6 4 1 2
13108 Nf6 4 0 2
13109 Nc6 3 0 3
13111 e5 4 0 3
13112 e6 2 1 2
13115 Be7 4 0 9
13116 Nc6 2 1 2
13117 Nf6 2 0 3
13120 Bg7 4 0 1
13121 Nf6 3 1 1
13123 Be7 1 0 4
13126 c5 15 3 14
13126 Be7 9 0 17
13126 Bd6 2 1 8
13127 Nc6 5 1 8
13130 O-O 4 1 4
13134 Bg7 5 1 0
13137 Nf6 2 1 6
13138 Qa5 3 1 2
13138 Qd8 2 0 4
13141 Qd8 4 1 2
13142 Nf6 5 0 0
13146 O-O 2 2 1
13147 O-O 1 1 3
13149 g6 6 0 3
13150 g6 5 0 1
13151 Bd6 2 0 3
13157 Be7 3 1 2
13160 Be7 2 0 3
13161 Bg7 3 0 3
13164 Nf6 1 0 4
13165 Nxd4 3 1 3
13168 Bd6 6 1 5
13168 Bd7 6 0 5
13168 e4 4 1 4
13169 exf4 3 0 3
13171 Bd7 3 0 2
13173 Nf6 0 0 8
13177 Be7 1 0 4
13178 Be7 4 0 2
13187 Nxb5 7 0 3
13187 Ne6 2 0 4
13189 Be7 2 0 3
13194 Nf6 4 0 2
13198 Qxd5 0 1 5
13197 Nxc3 2 1 6
13202 d6 6 0 0
13203 Bg7 3 1 7
13204 O-O 10 0 7
13204 d6 6 1 5
13204 c6 3 0 2
13205 O-O 4 0 1
13206 O-O 2 0 9
13206 d6 2 0 3
13211 Bg7 5 0 1
13215 Nf6 4 0 2
13216 Bg7 6 0 6
13218 Nc6 1 0 4
13219 g6 3 0 2
13222 Nf6 5 0 12
13222 Nc6 6 1 1
13231 e6 10 0 5
13231 c6 6 0 2
13231 Nf6 5 0 2
13231 Bg4 5 0 2
13232 Nf6 3 0 4
13236 d6 4 0 2
13237 Nc6 2 0 3
13252 exd4 2 0 3
13250 d5 2 0 3
13250 Bc5 3 0 2
13258 d6 7 0 2
13258 Bb4 5 0 1
13259 Nxd5 7 0 3
13268 d5 4 1 3
13269 Nxd5 4 2 9
13277 c6 5 0 0
13279 d5 4 0 2
13281 Nf6 1 1 3
13282 Bc5 3 0 2
13286 exd4 1 1 3
13289 Nxd5 3 0 2
13290 Be7 6 0 1
13293 Nf6 13 1 17
13293 c6 8 0 3
13293 c5 3 0 3
13294 exd5 2 0 4
13298 Nf6 3 0 4
13306 O-O 3 0 3
13308 Bg7 2 1 2
13309 Nc6 3 0 2
13313 e5 3 0 5
13313 Nf6 1 2 2
13313 Nc6 1 1 3
13316 Nc6 4 0 2
13318 Ng6 1 0 9
13319 Ng6 2 0 4
13321 Ng6 4 0 1
13322 Bg7 2 1 4
13325 Bxf6 1 0 4
13332 Qd8 0 0 5
13333 Bg7 4 1 8
13335 Ne5 6 0 1
13336 Na6 5 0 3
13337 e5 4 0 1
13339 Bd6 4 0 2
13342 exf3 2 0 5
13343 Bb7 5 0 1
13344 c5 2 0 3
13346 Bxc3 4 0 1
13345 Nd5 2 0 5
13348 Nfd7 2 1 2
13349 d6 13 0 3
13351 Bg7 1 0 5
13363 Bg7 5 1 5
13364 Bg7 3 0 3
13367 c5 1 0 4
13369 Bxd2 2 0 3
13371 Bb7 0 0 5
13374 Bb7 8 1 7
13376 cxd4 1 1 5
13377 c5 5 0 6
13378 c5 0 1 4
13379 Nc6 2 0 3
13380 c5 5 1 6
13381 O-O 12 0 5
13381 d6 8 0 4
13383 Bxf6 4 0 2
13384 O-O 2 0 4
13385 d6 4 0 1
13387 O-O 5 1 0
13390 d6 10 1 24
13390 d5 8 2 11
13390 O-O 2 1 7
13392 Bg7 1 0 4
13394 O-O 4 0 3
13393 O-O 3 1 10
13393 d6 2 1 2
13395 O-O 3 0 2
13396 d6 9 1 11
13396 O-O 7 0 13
13398 c5 2 0 5
13401 Nc6 16 2 25
13402 Nc6 2 1 6
13402 e5 1 0 6
13405 b4 2 1 2
13405 bxc4 1 0 4
13404 bxc4 6 1 7
13403 a6 25 3 20
13406 bxc4 1 0 4
13407 g6 6 0 5
13408 d6 5 2 8
13409 fxe6 0 0 6
13410 exd5 7 0 4
13411 Bg7 5 1 5
13412 Bxc5 1 0 4
13413 d5 3 1 6
13416 e6 4 1 1
13422 Bb4 5 0 0
13424 Nf6 6 0 2
13424 Nb6 6 0 1
13426 Qa5 3 1 2
13426 Qd8 2 0 3
13429 e5 2 1 4
13430 e5 3 0 3
13432 Bg7 8 1 12
13431 Bg7 21 0 25
13433 Bg7 2 1 3
13434 Bg7 2 0 3
13435 Nc6 8 0 11
13440 O-O 2 1 7
13440 d6 2 1 4
13439 d6 4 0 4
13439 O-O 1 0 7
13442 Bc5 6 0 0
13443 Bc5 13 0 14
13443 Nc6 8 0 15
13446 d6 2 0 5
13445 Nxe5 4 0 3
13447 Bc5 3 0 2
13451 O-O 14 2 17
13451 c5 3 2 4
13451 b6 6 0 3
13451 d5 4 0 3
13451 Bxc3 1 0 4
13455 c5 1 0 5
13455 h6 1 0 5
13455 O-O 3 0 2
13450 c5 10 2 10
13450 b6 9 0 5
13450 O-O 7 0 6
13450 Bxc3 4 1 5
13450 d5 3 1 4
13456 c5 2 0 3
13452 O-O 18 1 6
13452 d5 5 2 5
13452 c5 5 1 5
13452 b6 2 0 4
13453 Bxc3 18 1 33
13454 O-O 7 0 5
13454 c5 6 2 2
13460 Bb7 10 0 3
13459 d6 6 1 1
13459 Bb7 1 0 4
13463 cxd4 8 0 9
13462 exd5 9 3 2
13464 cxd4 6 0 2
13464 Nc6 4 1 1
13466 Be7 8 0 7
13466 dxc4 4 1 2
13465 c5 6 2 3
13465 dxc4 3 0 5
13465 Be7 4 0 4
13465 c6 2 0 5
13469 b6 3 0 6
13469 c6 2 0 3
13468 exd5 9 0 3
13468 Nxd5 8 1 1
13467 c5 6 1 5
13467 Bb4 7 0 2
13467 Be7 2 0 3
13470 Bxd2 7 1 5
13470 Qe7 0 0 7
13473 Bb7 6 1 4
13473 Bb4 1 0 5
13472 Bb7 3 1 9
13472 Ba6 2 0 4
13475 Nc6 3 0 2
13479 c5 1 0 4
13483 dxc4 3 0 4
13483 c5 3 0 2
13484 b6 3 0 2
13486 Bxd2 2 0 4
13488 Qe7 5 0 2
13489 exd5 5 0 0
13490 dxc4 4 0 1
13494 O-O 4 0 6
13494 d6 2 0 4
13492 d6 41 2 38
13492 O-O 12 0 17
13492 d5 4 0 1
13497 d6 3 0 2
13493 d6 8 0 12
13493 O-O 5 0 7
13491 d6 119 8 104
13491 O-O 18 0 9
13491 c5 5 0 4
13491 e6 2 0 3
13501 Ne4 4 0 6
13500 Bg7 27 0 21
13502 Bg7 2 0 11
13498 Nxd5 41 9 53
13499 Bg7 13 3 35
13503 dxe4 4 0 1
13504 Bg7 8 0 7
13505 d6 4 2 5
13505 d5 3 0 8
13506 O-O 3 1 7
13506 d6 3 0 5
13507 d6 4 1 1
13507 O-O 3 0 2
13508 Bg7 2 2 5
13509 O-O 10 1 6
13510 d6 3 0 3
13513 Qa5 2 0 9
13516 Nc6 2 1 2
13517 Bb7 4 0 1
13519 cxd4 0 0 5
13520 cxd4 3 0 5
13524 d6 1 0 4
13524 O-O 3 0 2
13523 d6 4 0 6
13523 O-O 3 1 5
13533 Nxe4 2 0 4
13535 Nfd7 2 1 4
13536 Nd5 1 0 9
13537 dxe5 2 0 3
13541 c5 2 0 4
13542 Bg7 1 0 4
13543 c5 3 0 2
13544 O-O 2 1 5
13544 d6 2 0 5
13545 d6 5 0 2
13546 Na6 0 1 4
13547 Bg7 3 0 3
13549 g6 4 1 0
13550 d6 5 0 2
13551 d6 8 3 3
13554 c6 3 1 1
13555 Nf6 2 0 3
13556 Bg7 8 1 2
13557 Bb4 2 1 15
13557 Ne7 1 1 3
13558 Bb4 13 0 10
13562 Bg7 14 0 8
13563 Bg7 5 0 1
13561 Bg7 33 2 13
13567 Bg7 2 0 3
13566 Bg7 5 0 3
13569 Bg7 1 1 3
13571 Bg7 4 0 3
13574 Bg7 8 0 3
13575 Bg7 5 0 2
13576 Bg7 6 0 0
13577 Qe7 4 0 3
13578 Bg7 11 0 3
13581 Bg7 4 0 2
13582 Bg7 2 0 7
13583 exd5 2 0 5
13586 Bg7 3 0 3
13585 Bg7 5 0 2
13584 Bg7 3 1 4
13588 Bg7 5 1 5
13589 e6 3 1 4
13589 Nf6 3 0 3
13593 g6 5 0 0
13592 bxc6 5 0 7
13595 Nc6 5 0 1
13598 g6 3 0 4
13599 Be7 4 0 1
13603 Bg7 3 0 5
13604 Bg7 3 0 2
13605 g6 5 0 2
13605 Nxd4 4 0 1
13606 g6 21 1 27
13606 Nf6 6 0 5
13606 e6 5 0 3
13611 exd5 5 0 4
13612 g6 4 0 2
13612 e6 2 0 3
13613 f5 8 0 7
13614 Bxe6 2 1 3
13616 g6 10 1 4
13616 exd5 6 0 3
13616 Nf6 6 0 1
13617 Nf6 4 0 1
13618 Bg7 7 1 4
13622 Bg7 5 0 0
13623 f5 4 0 2
13624 Nf6 4 1 1
13624 d6 5 0 0
13625 f5 3 0 2
13627 exd5 2 0 4
13629 d6 11 1 6
13629 Nf6 4 0 5
13630 Nf6 5 0 3
13631 d5 2 0 3
13635 Qc7 3 0 2
13634 e5 4 0 2
13640 axb4 5 1 10
13642 Nf6 3 0 3
13642 e5 5 1 0
13645 Nc6 3 0 7
13648 Bg7 0 0 5
13649 Nf6 0 0 6
13657 e6 5 0 2
13658 e6 8 1 10
13658 Bg4 4 1 3
13658 dxc4 3 0 3
13660 cxd5 6 0 0
13660 Nxd5 4 0 1
13659 e6 5 0 1
13663 Nf6 3 0 2
13662 Nf6 5 0 1
13662 e6 3 0 2
13666 dxc4 6 0 6
13666 Nf6 6 0 0
13667 exd5 6 0 7
13668 Nf6 7 0 0
13669 e6 4 0 2
13670 Nc6 8 0 9
13670 Nf6 8 0 4
13671 e6 5 0 6
13672 e6 2 0 3
13678 Bg7 3 0 2
13682 Bg4 3 0 2
13683 Bf5 4 0 2
13684 Bxd3 4 1 5
13685 e6 4 0 2
13688 fxe5 2 0 4
13693 Nf6 3 0 2
13694 Na6 3 0 2
13695 Na6 1 0 6
13703 e5 12 0 5
13705 Nf6 3 0 5
13708 Bd6 4 1 6
13709 e5 3 0 3
13716 Bd7 3 1 7
13717 Bg4 4 0 4
13717 e6 4 0 1
13721 Bd7 5 0 2
13723 Na6 3 0 4
13724 e5 7 0 2
13725 Bg4 6 0 0
13725 Nc6 1 0 4
13725 Bf5 3 0 2
13730 Bd6 5 0 1
13730 Na6 1 0 4
13729 Bb4 1 0 4
13734 Bd6 2 0 3
13735 e6 2 1 2
13736 Bd7 1 1 5
13739 Bd6 3 0 3
13738 c5 4 0 2
13746 Qxd6 4 1 9
13750 Nf6 2 0 3
13753 Qa5 3 0 7
13754 Bxc5 3 0 3
13760 Bxg3 6 0 2
13761 Qxd6 2 0 4
13762 Bd6 3 0 2
13765 Bxc5 3 0 3
13767 g5 4 0 1
13768 Bd6 2 0 3
13772 h5 6 1 2
13773 Bg7 6 0 2
13774 e6 7 0 0
13774 Nc6 5 0 0
13775 Na6 10 0 2
13776 e5 9 1 2
13777 e5 10 0 2
13780 Bd6 8 0 1
13781 e5 3 0 2
13783 Nxd4 1 1 4
13784 Na6 21 0 2
13785 e5 33 1 7
13786 e6 12 0 3
13786 Nc6 9 0 2
13786 Bf5 6 0 1
13787 Nc6 3 1 2
13788 e6 4 0 1
13788 Nbd7 4 0 1
13789 Bd6 25 0 8
13789 Na6 17 0 3
13790 Na6 4 0 3
13791 Na6 5 0 1
13793 exf6 5 0 2
13796 e6 2 0 3
13798 e6 3 0 2
13808 Ne4 5 0 1
13809 Bf5 12 1 3
13810 cxd5 6 0 3
13810 exd5 6 1 1
13813 Be7 0 0 5
13815 Bxc5 4 0 2
13816 dxe4 7 0 1
13817 Nf6 9 1 2
13817 Bd6 7 0 0
13818 Bd6 24 1 2
13818 a6 12 0 6
13818 Nc6 12 0 3
13818 c5 6 0 0
13818 Be7 3 0 2
13819 dxe4 4 0 1
13820 cxd4 13 0 2
13820 Nc6 4 0 1
13823 Bg7 6 0 2
13826 Nf6 2 0 6
13828 Na6 3 1 2
13830 e6 0 1 4
13831 Nf6 4 0 8
13831 Bd6 3 0 6
13833 e6 3 0 4
13838 Bg4 1 1 3
13841 Bd6 0 0 5
13842 e6 4 0 1
13846 e6 5 0 0
13846 f6 5 0 0
13847 Bg6 4 0 5
13848 e6 8 0 4
13849 e6 2 0 3
13852 e6 5 0 4
13854 Nc6 5 0 1
13854 e6 3 0 2
13855 e6 5 0 1
13858 e6 3 0 5
13858 Bg4 3 0 3
13861 e5 4 0 1
13864 e6 4 0 3
13867 e6 4 1 4
13867 Bg4 5 0 1
13867 Nf6 2 0 3
13871 a6 4 0 2
13871 e6 3 0 2
13875 Nf6 5 0 2
13877 Nf6 2 0 4
13880 Bd7 11 1 6
13884 Bg4 2 0 4
13881 e6 4 0 4
13881 Bg4 4 0 1
13889 Bd7 4 1 0
13893 e6 3 0 2
13893 Nf6 4 0 1
13894 e6 11 0 4
13894 Bg4 5 0 2
13896 e6 5 1 6
13896 c6 3 0 2
13898 e6 3 1 3
13899 Nc6 2 1 2
13900 Bd6 8 0 3
13903 Qxf6 5 0 3
13902 Be7 5 0 3
13904 e6 1 1 3
13908 e6 2 0 4
13908 Bg4 3 0 2
13911 Bb4 7 0 3
13911 Be7 1 0 5
13914 e6 4 1 3
13916 e6 2 0 6
13915 e6 5 0 3
13919 Bg4 3 0 2
13918 dxc4 4 0 1
13920 Bg4 2 0 3
13921 c5 5 0 3
13921 Bd6 2 0 5
13922 c5 5 0 2
13925 Bg7 2 0 3
13924 Bg7 1 2 4
13926 e6 9 0 4
13927 e6 2 0 4
13930 c5 13 0 7
13930 Be7 4 1 3
13930 Bd6 5 0 1
13931 Bg7 7 3 6
13937 e6 5 0 1
13942 g5 5 0 0
13944 cxd5 4 0 2
13946 e6 1 1 3
13947 Nf6 4 0 1
13951 Nf6 4 1 0
13956 Nf6 2 0 3
13957 Bd6 8 1 1
13957 c5 3 1 3
13957 c6 3 1 2
13959 cxd4 7 1 1
13959 Nc6 3 1 2
13960 Nxe7 9 1 5
13962 c5 4 0 3
13963 Bxc5 3 0 4
13964 Be7 4 0 2
13968 Nf6 4 1 0
13971 c5 11 1 7
13971 Be7 5 1 5
13973 c5 4 0 5
13973 Be7 7 0 1
13972 c6 5 0 2
13978 Nc6 3 0 7
13977 Bxc5 9 0 9
13984 Nf6 4 0 3
13985 c5 6 1 4
13985 Be7 4 1 2
13985 Nc6 4 1 1
13985 Bd6 2 0 4
13985 b6 5 0 0
13986 cxd4 3 0 2
13988 Nf6 3 0 3
13993 Nf6 2 0 4
14001 Bxc5 3 0 3
14004 f6 4 0 1
14006 Nf6 3 0 2
14009 Nc6 8 0 0
14008 Nc6 6 0 5
14007 Bg6 27 0 9
14007 Be6 4 0 1
14010 Bb4 5 2 5
14010 Nf6 3 0 5
14010 h6 5 0 3
14010 c6 4 1 0
14012 exd5 9 1 5
14011 Bb4 7 2 7
14011 c6 0 1 4
14016 Nd7 2 1 2
14017 Qxd5 6 1 4
14018 Qd8 6 0 0
14018 Qe6 2 0 3
14022 Ne5 5 0 1
14025 Qxd4 1 0 5
14024 Bg4 5 0 3
14030 Nxd5 0 0 5
14032 Bf5 7 0 3
14032 Bg4 3 0 5
14032 e6 4 0 2
14035 cxd5 1 0 5
14033 Bf5 7 1 1
14037 e6 4 0 4
14037 Bg4 2 0 5
14037 Be6 4 0 3
14037 Nc6 2 0 3
14038 e6 7 0 3
14038 e5 5 0 1
14038 Nc6 4 0 1
14041 Be7 19 1 7
14041 Bb4 10 0 2
14040 Bb4 14 0 9
14040 c5 10 0 4
14040 Be7 5 1 3
14040 Nc6 5 0 1
14040 Nbd7 4 0 1
14044 Nxd5 4 0 1
14042 Bb4 11 0 9
14042 Be7 0 1 4
14045 Bg7 5 0 2
14046 Nxd5 2 1 4
14048 Nxd5 3 0 2
14054 Be7 6 0 5
14053 Bb4 6 0 1
14057 Nxc3 3 0 3
14056 e6 3 0 5
14056 g6 4 0 2
14055 Nf6 33 2 12
14055 Nb6 20 2 7
14055 Nb4 6 0 1
14058 Qd8 5 0 3
14058 Qa5 2 0 3
14059 e6 4 0 1
14064 Bb4 2 1 2
14062 c5 1 0 6
14062 Nc6 2 0 3
14065 Qd8 6 0 3
14069 cxd4 6 0 4
14073 Nc6 2 0 3
14074 Kxd8 5 0 0
14075 Bxc5 2 1 3
14078 e6 5 0 4
14078 Nf6 6 0 0
14080 cxd5 3 0 2
14079 e6 1 1 3
14085 e6 7 1 3
14083 e6 12 0 7
14083 Nbd7 5 0 8
14083 Bf5 6 2 2
14083 dxc4 4 1 1
14083 h6 2 0 3
14081 e6 24 2 19
14081 Bf5 18 1 15
14081 Bg4 12 3 10
14081 g6 12 0 7
14081 dxc4 11 3 4
14084 cxd5 18 2 19
14084 Nxd5 9 1 3
14082 Bf5 11 1 9
14082 e6 8 0 8
14082 Bg4 6 1 1
14082 dxc4 4 0 4
14082 a6 4 0 2
14091 b6 7 0 4
14090 b5 6 1 9
14089 b5 5 1 7
14093 d4 5 0 1
14098 Nf6 2 0 3
14094 Nf6 27 1 14
14094 dxc4 10 1 7
14094 f5 4 2 8
14094 Bd6 3 1 9
14094 Bb4 5 0 3
14094 Be7 2 0 3
14099 Nf6 4 0 1
14096 cxd5 12 0 5
14096 exd5 4 0 1
14095 Nf6 11 0 6
14095 Nd7 2 0 3
14097 dxe4 6 0 2
14100 e6 4 0 3
14101 Nf6 2 0 3
14102 e6 14 3 17
14102 g6 8 1 7
14102 dxc4 10 0 6
14102 Bg4 5 0 5
14102 Bf5 4 0 4
14104 e6 4 0 1
14107 b5 3 1 3
14109 dxc4 4 1 2
14109 Nf6 5 0 2
14114 Qd8 3 1 3
14115 Nf6 20 2 15
14115 e6 20 3 9
14115 Nc6 10 0 7
14116 Nf6 2 0 4
14116 e6 4 0 2
14116 Nc6 3 0 2
14119 e6 8 0 10
14119 Nf6 9 0 4
14120 e6 10 0 6
14120 Bf5 5 1 5
14120 g6 4 0 3
14121 Bg4 8 1 6
14121 e6 3 0 2
14122 cxd5 1 1 5
14124 Nf6 4 0 2
14124 Bb4 3 0 2
14125 Nf6 4 1 0
14129 b5 4 0 3
14130 c6 6 0 2
14134 e6 5 0 1
14133 e6 6 0 1
14132 Bg6 10 0 6
14136 Bg4 10 1 3
14136 e6 5 0 0
14136 Nf6 4 0 1
14137 Ne5 9 1 3
14137 Nb4 8 0 0
14135 Nf6 11 0 4
14135 Bf5 11 1 2
14135 e5 6 0 2
14135 e6 5 0 1
14135 Be6 4 0 1
14142 e6 6 0 0
14141 e6 6 1 4
14141 Bg4 3 0 3
14140 e6 16 1 12
14140 Bg4 8 1 5
14140 Bf5 4 1 4
14140 Nc6 6 2 0
14139 e6 21 0 10
14139 Bg4 10 1 10
14139 Nc6 9 0 5
14139 e5 5 1 2
14143 Bd7 2 2 3
14143 c6 4 0 3
14143 e6 1 0 4
14145 b5 10 1 4
14144 b5 6 2 7
14147 Ba6 7 0 3
14150 cxd4 6 0 1
14151 e6 4 0 2
14151 Bd7 5 0 1
14151 a6 5 0 1
14153 b5 12 0 6
14152 b5 11 1 9
14157 exd4 2 1 2
14155 Nf6 5 0 2
14156 exd4 4 1 1
14160 Bb4 8 0 2
14160 Nf6 6 1 3
14160 c6 5 0 0
14161 Nf6 12 1 3
14161 Nc6 4 0 1
14159 Bb4 13 0 5
14159 Nf6 10 0 8
14159 a6 6 0 1
14158 Bb4 19 0 18
14158 Nf6 13 2 1
14158 a6 7 0 6
14158 Nc6 8 0 2
14158 h6 6 0 1
14158 c6 4 0 2
14162 Bg7 11 0 2
14167 e6 3 0 5
14168 e6 4 1 2
14170 c6 2 1 2
14172 Nf6 2 0 4
14174 Nf6 4 0 13
14174 e6 6 0 4
14174 Nc6 3 1 2
14174 b5 1 0 4
14176 Nxd4 4 0 2
14175 Be6 3 1 4
14178 Be6 6 0 3
14179 c6 2 0 6
14179 Nf6 3 0 3
14180 c6 2 0 5
14180 Nc6 3 0 2
14183 e6 14 0 7
14185 Nf6 1 2 6
14185 e6 4 0 3
14186 e6 22 2 18
14186 Nc6 15 0 3
14186 Bf5 8 0 3
14186 Bg4 4 0 5
14187 Qc6 6 0 1
14190 a6 13 0 4
14190 c6 12 0 4
14191 c6 3 0 2
14189 c6 76 2 16
14189 Bd7 17 0 9
14189 bxa4 10 0 4
14189 a6 7 0 5
14189 Ba6 9 0 3
14193 cxd4 5 0 2
14195 exd4 8 1 5
14196 Nf6 11 1 13
14196 Bb4 8 0 8
14196 a6 8 0 7
14196 c5 5 0 2
14196 Nc6 5 1 0
14196 h6 3 0 2
14200 Bg4 3 0 2
14199 Ne5 9 1 2
14201 e6 10 0 3
14201 Bg4 3 0 2
14202 Nd5 7 0 5
14204 a6 9 0 9
14204 c6 7 0 4
14203 c6 12 2 11
14203 Bd7 2 0 5
14208 e6 6 0 2
14211 exd4 3 0 2
14210 exd4 2 0 5
14209 Nf6 12 0 4
14209 c6 4 1 3
14209 Bb4 3 0 2
14212 Nf6 14 2 10
14212 Nc6 15 2 7
14212 Bb4 12 0 5
14212 a6 12 1 2
14212 c6 5 0 1
14215 Bg7 4 0 1
14216 Nf6 5 0 2
14217 Nf6 8 0 1
14217 Nc6 2 2 2
14217 dxc4 2 1 2
14218 Qxd4 5 1 5
14220 Qxd5 3 0 2
14221 Nc6 44 3 28
14221 c5 1 0 5
14223 Nc6 4 0 7
14222 Bb4 3 0 7
14222 Nc6 3 0 6
14224 Nc6 3 0 2
14225 Kxd8 6 0 2
14226 exd4 3 1 3
14227 Nf6 1 1 7
14232 Nf6 4 1 3
14232 Bxc3 1 0 6
14229 dxc4 16 0 8
14229 Bxc3 10 0 3
14229 Nf6 4 1 3
14234 Nc6 3 1 1
14233 Bxc3 5 2 4
14231 exd5 14 1 8
14231 Bxc3 3 0 2
14230 Bxc3 5 0 6
14230 Nf6 3 1 4
14230 c5 4 0 3
14235 Nf6 5 0 6
14237 exd5 3 0 2
14242 Be7 1 0 4
14239 Be7 77 7 45
14239 c6 15 2 9
14239 Nbd7 8 1 10
14239 Bb4 11 1 2
14239 dxc4 6 0 5
14239 h6 7 0 2
14239 c5 2 0 4
14238 Be7 40 3 31
14238 Bb4 28 1 18
14238 c5 21 3 6
14238 c6 20 1 7
14238 a6 9 0 6
14238 b6 7 0 6
14238 Nc6 9 1 2
14238 dxc4 7 0 5
14238 Nbd7 5 0 5
14243 c5 4 0 2
14243 Be7 3 0 2
14241 exd5 27 3 17
14241 Nxd5 11 2 8
14240 Be7 15 2 16
14240 Bb4 25 0 5
14240 c5 14 1 7
14240 c6 4 0 9
14240 b6 4 1 3
14245 Nc6 1 0 8
14245 cxd4 4 0 2
14244 exd5 15 0 8
14246 cxd4 4 0 2
14246 Nc6 3 0 2
14248 Nf6 28 4 12
14248 f5 14 0 9
14248 dxc4 7 0 3
14248 Bb4 5 0 2
14248 f6 4 0 1
14250 exd5 6 1 4
14250 cxd5 4 0 4
14249 f5 7 1 4
14249 Nf6 7 0 4
14251 dxe4 4 0 2
14251 Bb4 4 0 1
14256 a6 7 0 1
14256 Nf6 4 0 1
14255 Bb4 6 0 2
14255 Nf6 4 0 3
14255 a6 4 1 2
14254 Nf6 5 0 10
14254 Bb4 7 0 3
14254 Nc6 6 0 3
14254 a6 5 0 4
14257 Nf6 2 1 6
14258 exd5 5 0 7
14260 Bxd2 4 2 4
14264 Be7 13 1 8
14264 Nbd7 1 0 4
14262 Bb4 14 0 7
14262 Be7 7 0 8
14262 c5 4 0 5
14262 c6 3 0 4
14262 b6 2 3 2
14262 Nc6 2 2 1
14262 a6 2 0 3
14265 c5 2 0 4
14263 Be7 6 0 5
14263 c5 3 0 2
14267 exd5 1 0 5
14268 Nf6 5 0 4
14268 dxc4 5 0 1
14274 Be7 1 1 3
14273 Be7 8 0 4
14273 c5 4 0 7
14273 h6 1 0 4
14275 Bxc5 8 0 0
14280 a5 2 0 10
14280 bxc5 3 0 3
14282 Qd8 5 0 4
14282 Qa5 7 0 1
14282 Bb4 2 1 3
14283 Nf6 18 0 13
14283 c6 4 1 7
14283 Be6 4 0 8
14283 Bb4 2 0 3
14284 Nf6 4 0 4
14286 Nf6 2 0 3
14285 Nf6 2 1 3
14287 Bxd2 3 0 3
14289 c5 9 1 8
14289 Bb4 8 1 3
14289 Be7 4 0 4
14289 c6 1 0 5
14290 c5 6 1 3
14290 Nc6 2 0 5
14290 Be7 1 0 5
14290 Bd6 3 0 2
14290 Bb4 4 0 1
14290 c6 4 0 1
14292 Be7 2 0 4
14291 b6 6 0 6
14291 Nc6 6 0 2
14293 exd5 3 0 3
14293 Nxd5 3 0 2
14294 Nc6 1 2 3
14295 exd5 5 0 1
14296 f5 3 0 2
14297 Nf6 2 1 2
14299 Nf6 3 1 2
14299 a6 4 1 0
14301 Nxd5 2 0 3
14302 Nxd5 2 1 3
14304 e6 5 0 3
14304 Nf6 4 0 1
14311 e6 5 0 4
14312 exd5 3 0 4
14314 Nb4 3 0 3
14316 Bg6 2 0 3
14318 Bxc6 3 0 7
14319 bxc6 1 0 4
14321 Nxe5 3 0 2
14325 Bxd3 2 0 3
14328 Bd7 5 0 1
14332 Nxe5 1 1 3
14335 Nf6 5 1 2
14335 e6 5 0 3
14335 e5 4 0 2
14335 Bf5 3 0 2
14336 exd5 4 0 2
14337 Nf6 1 0 4
14337 e6 2 0 3
14339 Bg4 5 0 1
14346 Bh5 5 0 10
14349 c5 5 0 4
14354 e6 4 0 3
14354 Nc6 3 0 2
14355 e6 4 1 6
14356 Bh5 2 1 2
14359 c5 2 0 3
14359 c6 3 0 2
14364 e6 2 0 4
14366 e6 1 0 4
14370 cxd5 0 1 4
14372 e6 7 0 8
14377 e6 5 0 0
14378 c5 6 0 2
14383 Nc6 1 0 5
14385 b5 2 0 3
14387 Bg4 5 0 4
14390 Bg4 2 1 2
14392 cxd5 1 0 4
14399 Nxd7 1 0 4
14404 c5 9 0 1
14403 c5 5 0 1
14407 c4 6 0 2
14407 Nc6 4 0 2
14408 Nf6 3 0 2
14414 c5 4 0 1
14413 Nc6 2 1 3
14413 Bb4 4 0 2
14411 c5 5 0 3
14420 Nc6 2 0 3
14418 cxd4 1 0 5
14419 Bxc5 1 1 6
14422 Nf6 2 1 3
14424 exd5 1 0 4
14431 Nf6 3 0 5
14434 Nf6 3 0 5
14436 c5 2 0 4
14436 b6 3 0 2
14437 c5 5 0 5
14438 cxd4 7 0 4
14438 Nc6 4 0 1
14441 Nf6 10 0 3
14442 Nf6 0 0 7
14444 exf3 7 0 0
14446 exf3 10 0 11
14448 exf3 48 2 44
14448 Bf5 4 0 8
14450 exf3 6 1 9
14450 Nf6 5 0 4
14452 Nf6 7 0 7
14452 Bg4 10 0 3
14452 e6 8 1 0
14453 Nfd7 4 0 2
14456 h6 6 1 9
14456 h5 4 0 4
14459 Bg6 4 0 6
14460 e5 6 0 2
14461 dxe4 4 0 2
14463 e5 3 0 3
14464 Bd7 2 0 4
14467 Bg6 3 0 3
14471 hxg4 2 0 3
14473 cxd4 3 0 3
14482 Bg7 4 0 1
14486 c5 0 0 5
14487 cxd4 7 1 1
14487 Nc6 4 0 4
14488 fxg4 1 0 4
14490 e6 1 0 4
14494 Bg4 4 0 1
14493 e5 3 1 2
14499 Bg7 5 0 2
14503 Bxc5 1 1 5
14506 Bg7 2 0 3
14507 Bxd6 4 1 6
14511 e5 2 0 3
14510 e5 5 0 8
14509 e5 18 1 25
14513 Bg7 10 0 5
14512 Bg7 16 2 2
14514 Nc6 4 1 5
14515 Nf6 4 0 2
14515 f4 1 0 5
14516 Bxd6 2 1 3
14517 Kxd8 1 3 6
14518 Nf6 3 1 1
14524 Nf6 7 1 7
14523 Nc6 9 0 2
14523 Nf6 4 0 5
14527 Bg7 1 0 4
14529 e5 6 0 1
14530 Bg7 6 0 1
14531 Kxd8 10 0 1
14534 Nf6 3 0 2
14535 Nf6 15 1 8
14540 Qb4 1 0 5
14541 Qb4 5 1 21
14542 Nxe5 8 0 4
14543 Bxd6 6 0 1
14544 Bxd6 7 0 6
14545 Nxf6 3 0 5
14545 Qxf6 4 0 2
14547 Bxd6 7 0 4
14549 Nxf6 5 0 1
14553 Nf6 3 0 3
14552 Nf6 6 0 8
14552 Nc6 3 0 3
14552 Bb4 1 1 3
14555 Nf6 2 1 3
14557 Bxd6 7 0 2
14559 Bc5 4 0 3
14558 Bc5 0 2 6
14558 d5 7 0 1
14562 Nf6 2 0 3
14563 Nc6 2 0 3
14564 Nf6 2 1 3
14567 Nf6 2 0 4
14568 Qxd6 4 1 5
14570 Na6 0 0 10
14578 Be7 5 0 7
14579 Qxb2 5 0 2
14591 Bd6 8 1 3
14591 c5 4 0 3
14591 Be7 2 1 3
14593 Nf6 8 0 1
14594 Nxe7 6 0 2
14595 Qxf6 8 0 10
14596 Be7 2 0 4
14597 g5 4 0 1
14598 Be7 1 1 4
14599 Be7 2 1 5
14599 Bd6 3 0 4
14599 a6 4 0 2
14599 c5 3 0 3
14600 c5 3 0 4
14600 Be7 3 0 4
14602 Be7 3 0 2
14603 Nc6 5 0 0
14604 c5 4 0 5
14604 Be7 4 0 3
14617 Nc6 5 0 1
14619 Bd6 4 0 2
14619 Be7 2 0 3
14622 Bxc5 3 0 2
14627 Nf6 1 0 5
14629 Nf6 4 0 2
14633 Be7 5 1 10
14634 Be7 7 0 6
14636 Bg7 6 0 15
14637 Bg7 9 2 6
14639 O-O 3 0 2
14638 Bxc3 3 0 8
14640 O-O 2 0 4
14643 O-O 4 1 1
14644 O-O 5 0 0
14646 dxc4 4 0 1
14652 Bg7 4 0 1
14651 Bg7 16 0 3
14654 Bb4 2 0 5
14653 Bb4 7 1 6
14653 g6 2 0 3
14657 Bb4 3 0 3
14658 Nc6 14 1 5
14659 Nc6 5 0 3
14659 Bc5 6 0 2
14661 e5 2 0 4
14661 Nf6 3 0 2
14662 Nf6 2 1 2
14663 d6 15 1 4
14663 Nf6 9 0 3
14666 Nc6 9 2 4
14666 Nf6 4 0 4
14667 exd5 3 0 2
14668 dxc4 3 0 3
14669 cxd5 5 0 2
14675 Be7 16 0 21
14675 Bb4 6 0 3
14673 Be7 38 5 39
14673 Bb4 6 0 5
14673 c5 5 0 6
14673 c6 3 0 4
14673 dxc4 5 0 0
14674 exd5 26 3 19
14676 Be7 15 3 11
14676 Bb4 5 0 3
14681 exd5 4 0 1
14679 cxd4 4 0 2
14684 Nf6 6 0 1
14683 Nf6 1 0 7
14687 Nc6 9 0 0
14687 a6 6 0 2
14687 Nf6 6 0 1
14687 c5 1 0 6
14687 Bb4 4 0 2
14687 g6 5 0 1
14687 c6 4 0 2
14689 Nf6 6 0 2
14689 c5 3 0 2
14689 a6 1 1 3
14688 Nf6 11 0 4
14688 Bb4 9 0 0
14691 Be7 2 0 3
14690 Be7 3 0 6
14690 c5 3 1 1
14690 c6 3 1 1
14696 axb6 5 1 1
14696 cxb6 6 0 1
14698 Qd8 7 0 4
14698 Qa5 3 0 2
14699 Nf6 8 0 9
14700 Nf6 3 0 5
14703 Bb4 4 0 1
14702 Be7 2 0 4
14704 Nc6 2 0 3
14706 Nc6 3 0 2
14708 Nc6 5 0 4
14707 Nc6 7 0 10
14712 Be7 3 0 5
14713 Be7 5 0 0
14714 Bb7 2 0 3
14716 Nd7 6 0 4
14718 Bg7 4 0 2
14719 Nc6 3 0 3
14721 Bb4 3 0 3
14721 c6 3 0 3
14725 Be7 1 0 5
14728 Bg7 1 0 4
14739 c5 3 0 2
14738 Be7 2 1 6
14738 c5 2 0 3
14744 exd5 1 0 6
14747 c5 2 0 4
14749 cxd4 1 1 4
14761 Nc6 1 1 6
14761 Nf6 2 0 4
14761 Qb6 3 0 2
14764 Nf6 1 0 4
14765 Nfd7 2 0 4
14768 Ba5 3 0 2
14770 f6 2 0 7
14773 Ng6 3 0 2
14775 Nc6 4 0 7
14774 Nc6 11 0 23
14774 Qb6 0 0 10
14774 cxd4 4 0 2
14777 fxe5 6 0 4
14778 fxe5 5 1 1
14781 Nf6 1 1 5
14780 Nf6 5 0 6
14783 Bg7 4 0 1
14793 Nc6 3 0 2
14795 c5 3 0 3
14795 Be7 2 0 4
14796 Be7 3 0 2
14798 Be7 5 0 0
14801 Be7 7 0 6
14800 Be7 3 0 7
14800 Bb4 4 0 1
14804 Be7 2 0 3
14802 Be7 7 1 3
14803 Be7 2 1 3
14808 Bg7 2 0 3
14806 Bg7 8 0 2
14807 Bg7 2 1 3
14814 Ne7 9 0 2
14814 d6 10 0 1
14816 Ne7 3 0 3
14819 Bb7 2 0 4
14820 Nf6 1 0 4
14821 d6 6 1 6
14821 O-O 3 0 2
14824 Bb7 3 0 2
14823 Bb7 9 0 10
14827 cxd4 1 0 4
14826 Bxc3 3 0 2
14825 cxd4 5 0 6
14828 e6 5 0 3
14828 d6 0 1 4
14831 Nf6 6 0 2
14830 Nf6 11 1 5
14830 e6 6 0 0
14834 Ne7 5 0 3
14835 Ne7 3 0 3
14833 Ne7 8 1 7
14833 d6 3 0 2
14843 Ne7 3 0 3
14847 dxe5 1 1 3
14846 dxe5 3 0 7
14848 Ne7 3 2 3
14850 Bb7 2 1 5
14851 dxe5 1 0 4
14852 Ne7 5 1 8
14855 Bg7 2 0 4
14858 Nc6 4 0 10
14860 Bg7 3 0 2
14861 Nc6 5 0 6
14867 e6 2 0 3
14868 Bxf3 1 0 4
14872 Bg7 1 0 4
14873 c6 6 1 2
14876 Nf6 6 0 5
14877 Qxc8 1 1 6
14881 d5 4 0 4
14882 Nxd4 2 0 4
14885 Nc6 1 0 8
14887 Nf6 2 0 4
14891 Nf6 2 0 4
14893 Bd6 4 0 4
14894 Bd6 2 0 3
14898 c6 7 0 2
14898 Nf6 5 0 3
14901 Kxd8 5 0 2
14905 Nf6 6 0 1
14907 dxe4 3 1 1
14908 Nf6 1 1 9
14909 Be7 2 0 4
14909 Qe7 4 0 2
14912 d5 2 0 3
14915 Nf6 4 0 1
14916 Nc6 3 0 2
14919 Nf6 2 0 3
14920 Nc6 3 0 2
14921 c5 1 0 4
14924 exd5 4 1 3
14926 exd4 1 0 4
14929 Qd8 16 1 9
14929 Qe6 3 1 5
14929 Qa5 1 0 4
14930 dxc6 3 0 2
14931 Nf6 8 1 8
14932 dxc6 1 1 3
14934 h6 5 0 2
14941 Bc5 4 0 5
14941 Ne5 4 1 3
14941 Nxd4 4 0 3
14941 Qf6 0 0 5
14946 Qd7 6 1 2
14945 Qd7 3 0 4
14945 f6 2 0 4
14948 e6 2 0 3
14947 f6 4 0 1
14953 Bg4 5 1 4
14957 Ne5 3 1 1
14958 Ng6 10 0 17
14959 Ng6 10 0 9
14963 Nxf3 4 0 1
14967 dxe4 13 0 12
14968 Nxc3 3 0 4
14970 e6 3 1 7
14970 c5 0 1 7
14971 e6 2 0 4
14972 dxc3 5 1 13
14974 c6 3 1 6
14974 Nxc3 1 1 5
14974 e6 3 1 3
14973 Qxd5 47 3 41
14975 Bf5 1 1 4
14975 Nxc3 4 0 1
14978 d6 6 0 2
14977 Nxe4 4 0 2
14977 Be7 1 0 4
14979 exd4 6 0 3
14982 Nc6 4 0 5
14985 d5 1 0 4
14987 Qxd1 1 0 4
14988 c5 2 0 9
14989 c5 3 0 5
14991 Nc6 7 0 5
14991 d6 6 1 4
14991 e6 4 0 2
14992 exd5 7 0 3
14993 d6 1 0 4
14994 d6 3 0 2
14995 Nb6 3 0 5
14997 Nb6 2 0 3
14998 Nb4c6 3 1 4
15002 d6 5 1 11
15001 d6 15 0 15
15003 d6 2 0 3
15000 Nd5 32 3 32
14999 d6 49 5 59
14999 d5 3 0 2
15005 d6 5 0 13
15006 d6 6 0 10
15007 d6 1 1 5
15008 Nb6 4 0 1
15012 Nb6 9 0 6
15012 e6 3 0 5
15010 dxe5 8 1 6
15010 Bg4 4 0 10
15010 Nc6 2 0 6
15010 g6 3 1 1
15009 Nb6 37 5 53
15011 exd6 13 0 8
15011 cxd6 4 0 4
15013 Bf5 2 1 2
15013 dxe5 1 0 4
15014 Be7 1 0 4
15015 Ne4 3 1 1
15016 e6 7 0 1
15021 e6 7 2 8
15021 Nf6 6 0 6
15022 e6 4 1 2
15022 Nf6 1 0 4
15024 e6 5 0 6
15025 e6 9 0 8
15025 Nf6 9 1 3
15028 axb5 2 1 6
15030 b4 1 1 4
15029 c6 0 0 5
15033 e6 2 0 3
15034 c6 4 1 3
15034 e6 6 0 0
15034 d6 3 1 2
15035 e6 7 0 3
15035 g6 4 0 1
15036 Ke8 2 0 5
15036 Nf6 4 1 1
15039 Bg7 2 0 4
15041 g6 3 0 3
15040 Nf6 1 0 5
15045 Bxd5 3 1 1
15046 c5 1 1 3
15046 d5 4 0 1
15053 Bg7 5 0 0
15055 Kxf7 8 0 0
15057 Bb7 1 0 4
15056 Bg6 2 0 3
15054 Bb7 5 0 4
15059 Nf6 1 0 5
15060 Bg7 4 0 4
15063 Bg7 4 0 4
15064 e6 3 0 2
15067 Nc6 1 2 2
15066 cxd4 4 0 8
15070 Bb4 5 0 3
15069 Bb4 30 2 32
15069 Nf6 3 0 8
15069 Ne7 2 3 4
15069 Qe7 7 0 2
15069 d6 5 0 2
15073 Bg7 13 0 13
15074 Bg7 3 0 3
15072 Bg7 42 1 27
15076 Nf6 1 0 8
15079 Bg7 2 1 7
15078 Bg7 7 0 5
15080 Bb7 2 0 4
15081 Qe7 1 0 4
15083 Bg7 2 0 4
15086 Qe7 4 0 1
15087 Bg7 4 0 3
15088 Bg7 5 0 0
15091 Qe7 3 0 2
15093 e6 2 0 4
15097 Nf6 5 1 4
15095 Nf6 1 1 8
15096 Nf6 6 0 4
15096 c5 2 0 3
15096 Ne7 4 0 1
15099 Nf6 2 3 1
15101 Nf6 2 0 4
15104 Bg7 7 1 5
15107 Bg7 5 1 2
15105 Bg7 10 0 2
15106 Bg7 7 0 2
15108 Bg7 5 0 3
15109 Bg7 2 0 3
15113 Bb4 4 1 5
15112 Bb4 12 1 17
15112 Nf6 8 0 4
15112 d5 3 0 2
15115 Bb4 1 0 6
15114 Bb4 2 0 3
15119 Bg7 4 0 4
15121 Bg7 3 0 2
15118 Bg7 21 1 15
15120 Bg7 2 0 4
15125 cxd5 4 0 1
15124 cxd5 3 0 3
15128 Bb4 5 0 3
15127 exd5 8 0 4
15127 Qe7 3 1 3
15132 Bg7 3 0 4
15131 Bg7 4 0 4
15130 Bg7 9 0 6
15133 Qe7 3 0 2
15139 Bg7 1 1 3
15141 Bb4 2 0 4
15142 Bg7 3 0 3
15143 Nf6 2 0 4
15147 Ne7 1 1 3
15148 c4 2 0 3
15151 g6 2 0 3
15150 d6 2 0 3
15152 d6 5 0 3
15155 Nf6 3 0 3
15155 a6 3 0 2
15154 Nf6 5 0 3
15159 e6 3 0 2
15161 e6 6 1 7
15163 cxd4 6 0 2
15164 Nf6 1 1 4
15171 a6 3 1 5
15168 d5 4 0 5
15169 d5 2 0 3
15169 a6 1 0 4
15170 cxd4 4 1 10
15175 Bg7 2 1 6
15178 cxd4 3 0 2
15179 Nxc4 1 0 4
15181 Nf6 1 1 3
15182 Nf6 2 0 4
15189 Nf6 3 0 3
15186 Nf6 4 0 12
15187 Nf6 6 1 4
15188 Nf6 5 1 4
15191 Bg7 2 0 3
15194 Nf6 2 1 2
15196 e6 4 2 5
15196 d5 1 0 6
15198 Nf6 2 0 6
15199 d5 1 1 3
15200 cxd4 4 0 1
15206 Nxd5 1 0 4
15208 Nf6 1 0 4
15218 e6 1 1 5
15219 dxe5 2 0 5
15223 Kd7 5 0 4
15227 Nc6 2 0 5
15230 Nf6 0 1 5
15231 Nf6 8 0 2
15234 Nc6 4 1 7
15238 a6 6 0 10
15238 Nf6 4 1 9
15238 g6 3 0 2
15238 d6 1 0 4
15241 Nf6 2 0 3
15239 Nf6 5 0 3
15239 Be7 2 0 5
15239 a6 0 0 5
15245 b5 4 1 5
15244 b5 6 0 1
15244 Nc6 2 0 4
15243 Nc6 5 0 6
15247 exd5 4 0 1
15251 Nf6 3 0 3
15249 d5 3 0 5
15249 a6 3 0 2
15249 Nf6 3 0 2
15250 a6 4 0 3
15252 cxd4 4 0 5
15260 b5 2 0 3
15258 b5 1 0 4
15261 Nc6 1 0 5
15257 cxd4 2 1 5
15257 b5 3 1 4
15262 exd5 28 1 31
15264 exd5 3 0 3
15265 Be7 0 0 5
15271 exd5 8 1 5
15275 exd5 4 0 1
15281 exd5 11 1 11
15282 Nc6 10 0 23
15283 exd5 2 1 6
15287 bxc6 5 0 3
15288 bxc6 3 0 3
15291 Bd7 4 1 4
15293 Nf6 1 1 3
15292 cxd4 6 1 5
15294 d6 3 1 2
15297 a6 4 0 2
15296 cxd4 9 1 8
15299 Bg7 1 1 6
15300 Bg7 5 0 2
15298 cxd4 4 0 4
15304 d5 5 0 3
15305 Bg7 14 1 10
15309 Bg7 4 1 3
15310 Bg7 2 0 5
15312 bxc6 3 0 2
15315 Bd7 3 0 3
15316 cxd4 2 0 4
15319 cxd4 8 0 9
15321 cxd4 5 1 5
15322 cxd4 2 1 8
15325 Nc6 1 0 5
15326 g6 5 0 0
15327 g6 11 0 4
15328 Bg7 5 0 1
15331 cxd4 4 0 5
15333 cxd4 8 4 3
15334 exd5 12 3 7
15335 Nc6 1 1 4
15340 exd5 3 0 4
15341 Qb6 4 0 6
15342 Nc6 6 0 3
15345 cxd4 12 2 11
15346 bxc6 10 0 0
15346 dxc6 2 0 3
15349 Qxc6 3 0 3
15353 Qxc6 2 0 3
15351 e6 2 1 4
15352 a6 2 0 3
15354 bxc6 34 2 37
15354 dxc6 12 3 10
15355 bxc6 29 4 32
15356 Bd7 1 1 3
15356 e5 4 0 1
15357 cxd4 4 5 3
15359 dxc6 3 1 1
15360 bxc6 30 2 18
15360 dxc6 5 0 2
15361 Nge7 2 0 4
15362 cxd4 3 0 4
15364 bxc6 19 1 20
15364 dxc6 4 1 10
15367 Bg7 1 0 4
15365 Bg7 10 1 11
15366 Bg7 4 0 5
15369 d5 3 0 2
15379 Nf6 3 0 3
15380 e6 2 0 5
15374 Nf6 10 2 5
15374 e6 2 0 3
15378 Nf6 1 0 4
15378 e6 2 0 3
15377 Nf6 1 0 4
15377 e6 2 1 2
15376 e6 2 0 4
15376 Nf6 3 0 2
15381 cxd4 2 0 6
15375 Nf6 6 1 5
15383 d6 2 0 4
15390 a6 11 1 12
15390 Nf6 6 0 11
15390 d6 1 0 4
15388 a6 11 0 8
15388 Nf6 7 0 5
15388 d5 7 0 3
15388 g6 5 0 3
15388 d6 2 0 5
15388 b6 2 0 3
15392 a6 9 0 9
15392 Nf6 5 1 10
15392 d5 2 0 5
15389 d5 5 1 14
15389 a6 6 2 8
15389 Nf6 4 0 4
15391 a6 7 0 11
15391 d5 2 1 9
15391 Nf6 3 0 4
15391 d6 3 0 3
15387 cxd4 38 2 38
15387 d5 5 2 5
15387 Nf6 2 0 5
15387 a6 1 0 4
15400 Bg7 5 0 3
15397 e6 3 1 3
15396 Bg7 5 0 5
15398 Bg7 2 0 7
15395 Bg7 6 0 4
15399 Bg7 4 0 3
15394 cxd4 3 1 10
15402 e6 3 1 3
15403 cxd4 2 0 3
15404 cxd4 2 0 3
15405 Bd7 14 1 9
15407 e6 5 0 3
15407 Nf6 1 1 3
15407 g6 4 1 0
15406 cxd4 9 3 16
15409 d6 5 1 11
15410 d6 2 1 4
15410 h6 2 1 2
15413 a6 1 1 4
15413 Nf6 1 0 5
15414 Nf6 5 1 3
15412 cxd4 24 2 21
15412 d5 3 1 2
15418 Bg7 1 1 5
15417 Bg7 5 0 7
15416 cxd4 10 0 21
15419 Nf6 2 0 3
15420 Nd5 5 0 4
15420 Ng4 1 1 3
15422 cxd4 0 0 5
15424 Bg4 2 0 4
15424 d4 3 0 3
15423 Qxd5 9 2 10
15425 cxd4 5 3 18
15430 d6 4 0 3
15429 d6 3 0 2
15428 cxd4 5 0 13
15431 cxd4 7 1 8
15431 d5 4 0 7
15433 cxd4 8 0 7
15435 Nf6 0 0 5
15436 cxd4 2 0 3
15438 d6 4 0 1
15443 cxd4 6 0 2
15444 Na5 3 0 2
15445 e5 159 15 162
15445 Nf6 121 10 150
15445 g6 100 5 100
15445 d6 59 4 67
15445 Nxd4 74 3 51
15445 e6 70 2 52
15445 a6 16 2 19
15445 Qc7 7 0 11
15445 Ne5 6 0 10
15445 Qb6 1 1 6
15445 b6 3 0 5
15445 d5 2 0 3
15446 dxc3 16 0 13
15447 Qxd5 4 0 6
15449 Ne5 5 1 1
15450 dxc5 6 0 2
15452 exd5 21 0 5
15453 Bxc5 7 0 2
15456 Nxd5 4 0 1
15458 e6 1 0 4
15460 cxd4 3 0 4
15461 cxd4 3 0 3
15462 Nf6 8 0 4
15462 Nc6 5 1 2
15462 b5 5 0 3
15462 e5 3 2 2
15462 Qa5 2 0 4
15462 e6 1 0 4
15463 Nc6 4 1 4
15464 Bb7 1 0 4
15465 cxd4 3 0 2
15466 Bb7 23 1 12
15468 Qe6 4 1 3
15470 Nxd7 28 6 33
15470 Qxd7 21 5 24
15472 a6 2 1 3
15472 Bxb5 3 0 2
15472 Nc6 3 0 2
15471 a6 5 0 6
15471 Nc6 3 1 2
15475 bxc6 17 0 19
15476 cxd4 3 0 7
15476 a6 2 0 3
15479 Bxd7 2 1 2
15481 Bh5 3 0 2
15489 Kxf7 1 0 4
15485 Nf6 8 2 5
15485 g6 4 0 3
15483 e6 6 1 10
15483 Ne5 7 0 7
15484 Nf6 7 0 6
15484 e6 3 1 2
15487 Nf6 1 0 5
15486 Nf6 2 0 10
15488 Nf6 3 1 3
15482 cxd4 13 3 23
15490 e6 6 0 8
15490 a6 2 0 9
15490 g6 2 1 5
15490 Nc6 2 1 3
15492 e6 13 0 12
15495 e6 2 0 3
15491 e6 7 1 12
15491 Nc6 5 0 3
15491 a6 3 0 2
15493 cxd4 7 0 5
15494 dxe5 5 1 7
15498 e6 1 1 6
15501 a6 4 0 7
15501 Nf6 1 0 8
15501 Nc6 5 0 1
15500 Nf6 4 3 10
15500 a6 1 0 7
15500 Nc6 3 1 3
15500 Be7 1 0 5
15502 Nf6 7 0 5
15502 a6 6 0 3
15504 a6 1 0 6
15504 Nf6 2 0 5
15503 Nf6 2 0 7
15503 a6 2 0 4
15503 Nc6 3 1 2
15499 cxd4 14 1 33
15511 Bd7 6 0 17
15511 e6 3 0 9
15513 g6 6 0 4
15513 Nf6 5 0 4
15513 e6 2 0 3
15512 cxd4 17 2 24
15516 Bd7 5 0 5
15515 Nc6 4 0 5
15515 e6 7 0 2
15514 cxd4 25 5 44
15518 e6 3 0 3
15517 cxd4 6 0 12
15521 Nc6 3 0 2
15521 Bd7 3 0 2
15520 cxd4 3 1 12
15522 cxd4 2 0 8
15525 Bd7 4 0 4
15525 a6 2 0 4
15526 Nf6 3 0 2
15524 cxd4 21 4 15
15529 Nc6 3 0 3
15528 Nc6 8 0 4
15532 Nc6 4 0 2
15530 cxd4 5 0 2
15530 Nxe4 1 0 5
15531 dxe5 4 0 8
15534 cxd4 4 0 1
15535 cxd4 5 0 1
15536 cxd4 2 0 9
15537 Nf6 2 0 3
15538 Nc6 3 0 2
15539 g6 0 0 5
15540 Ne5 4 0 1
15541 dxc5 4 0 1
15545 bxc5 5 0 2
15546 Nf6 354 22 388
15546 Nc6 85 7 75
15546 e5 46 2 30
15546 a6 36 4 29
15546 g6 16 2 24
15546 e6 6 1 10
15546 Bd7 6 0 4
15546 Qc7 2 0 4
15547 Nc6 22 2 24
15547 Nf6 11 1 9
15547 a6 5 0 5
15548 dxc3 6 0 5
15548 Nf6 2 0 3
15549 Qa5 3 1 2
15556 a6 2 0 6
15555 Nf6 5 0 3
15555 d5 3 0 2
15558 a6 2 0 3
15557 cxd4 3 0 11
15565 b5 1 1 5
15562 b5 1 0 6
15563 b5 2 0 4
15564 b5 2 0 7
15568 exd5 24 1 15
15571 Nf6 1 0 4
15570 cxd4 15 1 15
15578 Nc6 0 0 5
15575 cxd4 19 0 31
15582 Bd7 3 1 1
15581 dxe4 3 0 2
15580 exd5 14 0 15
15583 cxd4 2 0 3
15584 exd5 3 0 2
15586 exd5 7 1 4
15587 cxd4 4 1 13
15588 Nd5 2 1 4
15589 cxd4 5 0 2
15591 Nc6 4 0 5
15590 exd5 11 0 7
15590 Qxd5 2 0 5
15594 cxd4 1 0 4
15595 exd5 5 0 2
15597 exd5 4 0 2
15598 exd5 5 0 2
15600 Nd5 5 0 6
15601 d6 0 0 5
15602 Nc6 135 7 89
15602 a6 94 6 114
15602 Nf6 28 4 46
15602 Bc5 16 2 21
15602 Qf6 2 0 3
15602 Be7 3 0 2
15602 d6 1 0 4
15603 Nc6 8 0 10
15604 dxc3 4 1 7
15606 Bxc5 10 0 11
15607 f6 3 0 3
15605 exd5 38 4 45
15613 Bxd6 3 0 2
15614 Nc6 10 2 2
15615 Nc6 6 0 4
15616 Nc6 2 0 3
15618 cxd4 0 0 5
15619 Nc6 7 0 6
15619 e6 5 0 1
15620 cxd4 5 0 8
15621 cxd4 3 0 2
15622 cxd4 20 1 11
15624 d6 0 0 7
15625 Bg7 53 0 60
15625 Nc6 12 0 15
15626 Nf6 8 0 9
15631 d5 0 0 5
15632 Nf6 0 0 6
15633 Nf6 3 0 5
15634 Nc6 3 0 5
15636 Nc6 1 0 4
15640 exd5 3 0 4
15642 e6 15 1 14
15642 d5 13 0 4
15642 d6 8 1 6
15642 Nf6 3 0 5
15642 e5 3 0 3
15644 cxd4 2 0 6
15647 Nf6 3 1 7
15647 cxd4 3 0 2
15649 Nf6 10 0 15
15649 Nc6 9 0 10
15649 e6 4 0 5
15649 g6 6 0 3
15649 a6 3 0 3
15650 exd4 2 0 9
15651 d5 2 0 5
15651 Nc6 2 0 3
15652 Nc6 2 0 5
15653 Bg7 4 0 4
15655 Nf6 5 0 0
15657 d6 1 0 5
15661 Bg7 4 0 2
15660 Bg7 9 0 4
15664 cxd4 1 0 4
15665 cxd4 1 0 6
15667 Nf6 1 1 4
15671 d5 5 1 3
15672 Nc6 6 0 6
15674 Bg7 2 1 2
15679 Nf6 2 0 3
15682 Nf6 1 0 4
15686 exd5 1 0 4
15687 exd5 7 0 2
15690 Nc6 4 0 2
15693 e6 4 1 5
15693 e5 5 0 4
15692 e5 10 1 1
15692 d6 5 0 6
15692 g6 5 1 3
15692 Nxd4 6 0 1
15692 e6 3 0 2
15694 dxc3 4 0 1
15697 Nf6 3 0 3
15699 a6 2 0 4
15702 Nf6 4 0 12
15702 d6 4 0 11
15702 e6 2 0 6
15702 a6 2 0 6
15702 g6 1 0 4
15702 e5 1 0 4
15703 d6 2 0 8
15703 e6 1 0 8
15703 e5 2 0 6
15704 e5 3 0 6
15704 e6 5 0 4
15704 Nf6 2 1 2
15700 Nf6 16 2 38
15700 e5 23 1 21
15700 d6 16 2 18
15700 e6 10 0 19
15700 g6 11 1 15
15700 a6 1 1 6
15707 e5 2 0 3
15706 Nf6 1 0 4
15706 d6 1 0 4
15705 Nf6 3 0 11
15705 e6 1 0 4
15701 d6 7 1 14
15701 e5 4 0 15
15701 Nf6 3 1 13
15701 e6 6 0 7
15701 g6 6 0 6
15711 d5 3 1 5
15712 Nd5 2 0 5
15713 Nc6 7 0 6
15715 cxb2 13 0 15
15715 g6 2 0 5
15715 e6 2 0 4
15715 Nc6 4 0 2
15714 Nc6 33 0 33
15714 e6 13 0 14
15714 d6 16 0 6
15714 g6 7 0 3
15714 a6 3 0 3
15714 e5 3 0 2
15716 Nc6 1 0 4
15717 d5 1 0 10
15718 Qxc5 4 0 2
15719 Kxd8 9 1 5
15720 d6 5 0 4
15730 Bg7 1 0 7
15731 g6 1 0 4
15736 Bg4 3 0 4
15735 Qxd5 6 0 5
15738 Bd7 5 0 4
15737 e6 5 0 5
15737 g6 4 0 4
15737 Nf6 3 0 4
15740 g6 3 0 3
15739 cxd4 5 1 6
15746 d6 2 0 3
15745 d5 8 0 3
15747 d5 4 0 3
15748 cxd4 6 1 2
15752 Bg7 9 1 8
15752 h6 6 0 2
15753 Bg7 4 0 3
15754 cxd4 2 2 2
15755 Nc6 5 0 3
15756 Nf6 4 0 3
15758 Bg4 6 0 7
15761 e6 1 0 4
15762 Qd8 15 0 12
15763 Bg4 7 1 5
15763 Nc6 4 0 2
15769 Bd7 4 0 2
15765 e6 6 0 7
15765 Nf6 6 0 4
15765 a6 5 0 2
15765 g6 4 0 2
15766 Nf6 5 1 4
15767 g6 2 0 3
15767 Nf6 0 0 5
15768 cxd4 2 0 5
15775 Nc6 3 0 4
15778 a6 5 0 4
15780 cxd4 2 0 3
15784 cxd4 2 0 3
15786 Nc6 7 0 9
15786 f6 2 0 4
15785 exd5 19 3 25
15787 Nc6 5 1 11
15791 Nf6 32 1 24
15791 Nc6 21 1 32
15791 e5 18 0 7
15791 e6 13 0 4
15791 Bf5 9 0 6
15792 Bd7 32 6 28
15792 Nc6 26 0 20
15792 Nd7 8 1 5
15795 cxd5 3 0 4
15797 Nf6 10 0 3
15800 Nf6 3 1 3
15800 Bf5 2 1 2
15803 Nf6 1 1 5
15803 Nc6 3 1 1
15802 Nf6 7 3 8
15802 Nc6 10 1 7
15802 Bf5 5 0 3
15805 Nc6 0 0 5
15806 Nf6 2 0 4
15807 cxd5 4 0 3
15808 c5 9 0 11
15809 Nf6 7 3 7
15809 Nd7 10 1 3
15809 Bf5 3 0 11
15809 Bg4 5 0 3
15810 Bxd7 3 0 5
15811 dxe4 3 0 3
15812 exd3 6 0 7
15813 Qxd1 3 1 4
15814 Nd7 1 0 4
15815 e6 23 3 24
15815 Nd7 5 1 3
15818 e6 6 0 11
15817 e6 17 3 34
15819 Bh5 7 0 6
15819 Bxf3 4 0 1
15821 Ne7 2 0 9
15821 Nd7 3 3 3
15821 c5 4 0 1
15822 Qe6 3 0 2
15825 Nc6 15 2 17
15825 Bd7 12 2 14
15831 Nf6 2 0 3
15826 Nf6 14 1 16
15826 Nc6 1 1 11
15826 Bg4 0 0 7
15827 Nf6 7 2 5
15827 Bg4 2 0 3
15824 Nc6 99 8 122
15824 Nf6 64 3 85
15824 Bg4 52 7 48
15824 e6 19 3 7
15824 Bf5 13 2 10
15834 cxd5 2 1 5
15836 c5 3 1 1
15837 cxd5 1 0 4
15838 Nf6 2 0 4
15839 Nc6 1 0 5
15841 Qxd5 5 0 3
15841 Nf6 3 1 2
15842 Nf6 3 0 4
15843 e5 2 0 5
15845 Qxd1 3 0 5
15846 Bg4 4 0 2
15847 Nf6 1 0 4
15847 Nc6 3 0 2
15851 Ng8 9 1 2
15851 Nfd7 2 1 3
15853 Bf5 47 5 43
15853 Nf6 24 1 25
15853 Nd7 9 1 21
15853 g6 3 0 2
15854 exf3 4 1 5
15857 Bf5 9 0 5
15857 Nf6 3 0 3
15858 Nf6 2 1 3
15859 Bxd3 54 2 56
15859 Bg6 7 1 8
15859 e6 5 0 2
15861 e6 28 2 32
15861 Nd7 5 0 2
15861 h6 3 0 2
15860 e6 48 2 50
15860 Nd7 7 0 7
15860 h6 8 0 2
15860 Bg4 4 0 3
15864 e6 9 1 10
15866 e6 7 0 8
15862 e6 16 1 16
15863 Bg6 10 0 5
15863 Be4 7 0 1
15865 e6 9 0 5
15867 h6 6 0 2
15867 h5 3 0 2
15869 Nc6 2 0 10
15870 Nc6 2 0 4
15874 c5 5 0 2
15872 c5 10 1 9
15872 Nd7 4 0 4
15872 Ne7 0 1 6
15876 c5 3 0 3
15873 Ne7 5 1 4
15873 c5 6 0 2
15884 Nc6 5 0 9
15884 Bd7 5 0 8
15881 Nc6 26 3 24
15881 Nf6 14 2 13
15881 e6 4 0 1
15882 Nc6 8 2 22
15882 Nf6 13 2 15
15882 Bf5 9 0 1
15882 e6 4 0 1
15880 Nc6 24 0 18
15880 Nf6 14 0 13
15880 Bg4 13 1 12
15880 Bf5 10 0 2
15880 e6 5 0 2
15885 Nf6 3 1 3
15883 Nf6 21 1 20
15883 dxc4 13 1 0
15883 e6 4 0 5
15883 Nc6 5 0 3
15886 e5 3 2 1
15886 Nf6 5 0 0
15890 e6 2 0 4
15895 e6 14 3 17
15895 Nd7 4 0 2
15895 h6 4 0 2
15896 e6 12 2 11
15897 c5 3 0 3
15897 Nd7 1 0 4
15898 Ne7 3 0 5
15898 c5 0 0 5
15900 Nc6 4 2 9
15900 Nf6 5 1 3
15900 Bg4 6 0 2
15899 Nc6 7 0 12
15899 Nf6 6 0 5
15899 Bf5 5 0 5
15902 Nf6 5 0 3
15904 Nc6 2 0 3
15907 Qxd3 5 0 2
15908 Nc6 8 0 6
15909 Nf6 3 0 2
15909 c5 3 0 2
15910 c5 4 0 1
15913 e5 2 1 3
15914 Bg6 8 0 5
15916 exf6 6 0 4
15917 Nf6 4 0 1
15918 bxc6 5 0 1
15919 exd3 11 0 4
15920 f6 5 0 0
15921 g6 13 0 0
15924 e6 4 0 4
15923 Nf6 3 0 4
15926 e6 6 1 7
15925 Bf5 8 0 5
15925 Bg4 4 0 5
15928 Nh6 5 0 3
15931 Nc6 1 0 6
15932 Nf6 4 0 3
15933 Nc6 5 1 24
15933 e5 6 2 12
15933 Nf6 2 1 12
15933 e6 3 2 5
15933 Bg4 6 1 3
15934 exf3 3 0 4
15938 Bxd3 6 0 4
15937 c5 2 0 9
15937 Nc6 3 0 2
15943 Bxc6 6 0 1
15947 Qd7 7 0 4
15947 e6 3 1 4
15948 e6 3 1 2
15951 Bd7 3 0 3
15952 Bb4 3 0 2
15956 fxe5 4 1 4
15954 fxe5 2 0 8
15955 exf6 3 1 2
15955 Nxf6 2 0 3
15953 fxe5 4 1 4
15953 Bf5 4 0 1
15958 e6 2 0 3
15960 cxd4 3 0 4
15961 Nc6 4 1 8
15962 Bg4 3 0 8
15962 e6 10 0 1
15962 Bf5 1 0 4
15963 Nc6 2 0 3
15967 Bg4 3 0 2
15967 Bd7 2 0 3
15981 Nc6 4 0 1
15984 Ba5 4 0 6
15986 Bd7 3 0 4
15986 a6 3 0 2
15985 Bb4 4 0 1
15988 c5 2 0 4
15990 c5 4 0 1
15989 c5 7 0 2
15993 Bd7 5 0 1
15991 c4 6 0 12
15991 Nc6 8 0 3
15991 cxd4 4 0 4
15995 Bxc5 4 0 2
15998 fxe5 5 0 2
16000 Qd6 5 0 0
16001 e6 3 0 5
16001 Nc6 5 0 0
16002 Nc6 3 0 6
16002 e6 1 0 5
16006 Qxd5 6 0 6
16009 Nxc6 4 0 8
16012 Nxc3 7 0 6
16012 e6 1 0 4
16013 Nxc3 4 2 4
16011 Qxd5 60 9 97
16014 Nxc3 6 1 4
16016 Nxc6 33 5 33
16018 Bxe6 7 1 13
16020 e6 3 1 1
16020 Nc6 3 0 2
16019 Nc6 4 0 3
16019 Bg4 1 0 5
16019 g6 2 1 2
16023 Nxc6 10 1 7
16025 cxd5 4 1 9
16026 cxd5 8 0 2
16024 Nxc6 31 3 40
16027 Bxe6 2 0 4
16029 exd5 4 0 7
16028 Bxe6 29 3 30
16031 Bxe2 2 0 4
16032 Bg4 2 1 9
16032 e6 7 0 2
16032 g6 5 1 1
16032 Nc6 6 0 1
16033 Nb6 12 0 4
16033 Nf6 9 0 4
16038 Nxc6 22 3 10
16039 Bxe6 7 1 5
16043 Nf6 19 1 12
16043 c6 5 0 5
16046 c6 2 0 4
16046 Nf6 1 0 5
16040 Nf6 41 3 54
16040 c6 25 1 45
16040 Bg4 28 2 28
16040 a6 10 1 15
16040 e5 9 1 10
16040 Nc6 9 0 8
16040 e6 6 0 4
16045 c6 1 0 4
16044 c6 4 0 2
16044 e5 5 0 0
16049 Qxb4 4 0 1
16042 c6 15 1 16
16042 Nf6 7 2 8
16042 a6 6 0 6
16042 e5 5 0 3
16042 Nc6 6 0 1
16042 Bf5 4 0 1
16041 c6 32 5 30
16041 Nf6 36 2 27
16041 a6 7 2 5
16041 e6 7 0 1
16041 Bf5 4 0 3
16041 e5 4 0 2
16041 Nc6 3 0 2
16047 c6 2 0 3
16050 c6 2 1 2
16058 Qd8 6 1 0
16058 Qf6 3 1 1
16059 Nf6 11 1 19
16059 e5 10 0 5
16059 Bg4 6 0 1
16059 a6 3 0 2
16061 e5 4 0 1
16060 Nf6 6 2 11
16070 c6 7 0 8
16067 e6 19 4 17
16067 Nf6 15 1 10
16067 c6 8 0 8
16067 Nc6 8 0 0
16067 e5 1 0 5
16067 Bf5 5 0 0
16069 e6 3 0 5
16069 c6 2 0 3
16065 e6 84 3 37
16065 Nf6 42 5 35
16065 c6 25 3 25
16065 Nc6 27 1 16
16065 Bg4 20 3 17
16065 g6 6 0 5
16065 a6 4 0 6
16065 b6 4 1 3
16065 Bf5 2 1 2
16068 e6 16 2 11
16068 Nf6 4 1 8
16068 Nc6 3 1 5
16066 e6 46 4 31
16066 Nf6 37 2 24
16066 c6 18 2 28
16066 Nc6 16 0 7
16066 g6 5 0 4
16066 Bf5 5 1 2
16066 e5 2 0 4
16066 a6 2 1 2
16077 Bg4 76 1 38
16077 Nc6 24 1 16
16077 Bf5 20 0 6
16077 Qg5 19 0 5
16077 Nf6 11 1 4
16077 e6 13 1 1
16077 c6 6 0 3
16077 b6 2 0 5
16079 Bg4 28 0 8
16079 Nc6 9 1 2
16079 Bf5 5 0 2
16079 Nf6 2 0 3
16078 Qxe2 84 7 36
16078 Nc6 5 0 5
16078 Qf5 4 0 2
16080 Nc6 61 4 43
16080 c5 38 0 24
16080 Nf6 43 1 18
16080 Qg6 34 2 22
16080 b6 22 0 9
16080 f5 12 1 3
16080 c6 13 0 1
16080 g6 11 0 3
16080 Qc6 12 0 2
16080 Bd7 6 0 8
16082 Nc6 29 1 17
16082 Nf6 12 1 6
16082 c5 4 0 5
16082 f5 5 0 3
16082 Qg6 3 0 4
16082 b6 4 0 3
16082 c6 2 0 4
16081 Nc6 27 3 15
16081 Qxe2 29 2 7
16081 Nf6 10 0 16
16081 Qg6 15 0 7
16081 c5 14 0 6
16081 Qd6 7 0 2
16081 Qc6 3 0 3
16081 b6 3 1 1
16086 Nf6 16 0 11
16086 Nc6 6 1 10
16086 Qe6 4 0 4
16086 e6 5 0 3
16086 Bxf3 4 2 1
16088 Qe6 1 0 4
16091 Bf5 1 0 4
16091 e6 3 1 1
16090 Qd8 6 0 3
16090 Qa5 4 0 2
16090 Qe6 2 0 3
16092 Bg4 1 1 3
16093 a6 7 0 2
16097 e6 1 1 4
16099 e6 3 2 2
16096 e6 7 0 1
16098 e6 5 1 2
16101 Nc6 10 2 6
16101 Bg4 7 0 5
16102 Nc6 12 0 15
16102 Qg6 6 0 7
16102 Nf6 7 0 5
16102 b6 7 0 3
16103 Qe6 7 0 1
16104 Nxd5 4 1 3
16108 c6 3 2 4
16108 Nc6 5 0 2
16108 Nf6 3 0 4
16108 e6 3 1 3
16108 Bg4 4 0 1
16109 c6 2 0 5
16110 Nf6 3 1 3
16111 e6 5 0 1
16111 Nf6 3 0 2
16114 Qg6 4 0 1
16115 Qb6 3 1 3
16117 Nc6 2 0 3
16120 Bg4 10 1 10
16124 Qd8 3 0 5
16124 Qa5 2 1 2
16125 Bg4 0 0 6
16126 Qd8 4 1 2
16129 Qb6 5 1 8
16130 c6 5 1 3
16131 c6 2 1 3
16134 c6 1 0 4
16132 e6 1 1 7
16132 c6 1 0 4
16132 Nc6 3 0 2
16133 e6 2 1 3
16138 Nc6 4 0 4
16137 Nc6 4 0 1
16140 Qxe2 5 0 3
16141 Qg6 9 1 7
16141 Nc6 5 0 1
16146 Nc6 2 0 3
16151 Bd7 9 0 9
16152 e5 5 1 1
16150 e5 6 0 10
16150 Nf6 7 0 3
16155 Nxd5 0 0 5
16158 Nf6 1 0 4
16157 Nf6 3 0 4
16160 Nf6 4 0 8
16159 Nf6 6 0 5
16159 Bc5 4 0 2
16161 Nf6 4 0 4
16164 Nc6 1 0 5
16166 Nf6 3 0 3
16167 b5 2 0 3
16168 b5 4 0 2
16169 exd5 2 0 4
16170 Bg7 4 0 2
16175 Nf6 1 0 5
16177 e5 14 1 15
16180 Nc6 1 0 4
16179 cxd4 2 0 4
16182 b5 3 0 2
16181 g6 0 0 5
16183 Be7 6 1 11
16184 Nbd7 3 0 5
16186 Bg7 10 0 6
16187 Bg7 2 1 5
16185 Bg7 24 2 25
16189 Nbd7 6 1 6
16189 g6 1 1 4
16199 Bxf3 5 0 3
16199 Nc6 2 0 3
16201 dxe5 3 0 6
16208 e6 2 0 7
16211 Nf6 4 0 4
16213 Nf6 7 1 4
16214 Nf6 5 0 2
16212 Nf6 4 1 5
16212 Nd7 1 0 6
16217 Nf6 2 1 2
16219 Bh5 4 0 1
16220 e5 7 1 5
16222 e5 4 0 3
16221 e5 4 1 2
16221 e6 5 0 0
16225 dxe5 2 0 4
16228 Bg7 0 1 4
16229 Bg7 2 1 4
16226 Bg7 3 0 8
16227 Bg7 8 0 2
16232 Bxe2 4 0 3
16231 Bh5 8 0 2
16231 Bd7 6 0 3
16237 e5 4 0 4
16238 e5 1 0 6
16239 e5 1 1 3
16235 e5 9 0 9
16234 e5 31 0 17
16236 e6 5 0 7
16241 Bg4 2 0 3
16243 dxe5 2 0 4
16248 Bg7 3 0 5
16247 Bg7 6 0 2
16245 Bg7 18 2 8
16244 Bg7 14 1 26
16249 dxe5 0 0 5
16246 Bg7 11 1 10
16252 Qxd1 3 0 6
16257 Bxd6 14 0 20
16259 Kxd8 22 2 6
16267 c6 3 0 3
16269 Be7 1 0 4
16270 Bb7 2 1 2
16272 Qxd1 3 0 4
16274 Nf6 2 0 3
16275 Nf6 5 0 1
16276 Nf6 3 0 4
16277 Nd7 4 0 1
16279 Nf6 3 0 2
16278 Nf6 2 1 7
16280 Nd7 4 0 3
16282 Nc6 4 1 4
16282 Nf6 6 0 1
16284 Nd7 4 0 3
16284 Nf6 6 0 1
16289 g5 5 1 1
16292 Bg4 2 0 3
16294 Nd7 6 0 5
16296 cxd5 3 0 4
16297 Kf8 4 0 14
16297 g6 5 0 3
16298 exf4 7 0 1
16303 Nf6 4 2 4
16301 Nf6 5 1 4
16301 d6 3 0 3
16302 Nf6 3 0 6
16308 O-O 1 1 3
16310 c6 2 2 1
16309 h6 4 0 2
16315 Bg4 2 0 4
16312 Bg4 3 0 4
16312 h6 3 0 3
16312 Nf6 5 0 1
16317 exd4 3 0 3
16314 Nf6 1 0 4
16320 O-O 2 0 4
16320 d6 3 0 2
16325 Nxf6 5 1 6
16326 d6 2 0 3
16329 Qxf2 3 0 2
16328 d6 11 1 10
16328 g6 13 2 3
16328 Nc6 4 0 6
16331 h6 6 0 1
16331 d6 0 0 5
16339 exf4 9 0 10
16339 Nf6 8 0 2
16341 Nf6 2 0 4
16342 Bb4 9 0 5
16342 Bc5 8 0 4
16342 h6 3 0 4
16342 Be7 5 1 1
16342 d6 2 1 3
16344 Nf6 4 0 1
16351 Nf6 3 0 5
16352 Qxg5 1 0 5
16349 d6 3 0 6
16349 Nf6 4 0 3
16350 Nf6 4 1 2
16348 Nf6 6 0 8
16348 d6 8 1 1
16347 Nf6 8 1 11
16347 d6 8 0 4
16347 h6 2 0 5
16355 exd4 11 1 6
16354 Qg5 7 0 14
16356 Nxf3 2 0 3
16357 Nxf3 4 0 1
16360 Bc5 3 1 3
16360 d6 1 2 3
16360 Be7 1 2 3
16358 d5 29 1 27
16359 Bc5 8 1 6
16359 Be7 3 0 4
16359 h6 4 0 3
16359 d6 4 0 3
16363 Bg4 4 0 2
16361 Bg4 3 0 4
16370 Nf6 3 0 3
16368 Nf6 1 0 6
16369 Nf6 3 0 2
16366 Bc5 4 0 4
16366 Nf6 4 0 1
16367 Nf6 2 0 8
16373 Bc5 3 0 4
16373 Be7 3 0 2
16374 Nd4 1 0 5
16374 Bc5 1 0 4
16375 Qe7 6 0 3
16371 d6 10 0 3
16371 Bc5 4 0 9
16372 Nd4 4 1 9
16379 Nxf6 5 1 7
16382 Nf6 3 0 2
16385 Nf6 15 1 12
16386 Bc5 8 0 5
16386 d5 5 0 1
16386 Be7 2 0 3
16386 h6 2 0 3
16387 Nf6 2 0 3
16390 Bb6 3 0 3
16391 Bc5 13 0 7
16391 d5 5 0 5
16391 d6 4 1 3
16391 Be7 2 2 2
16391 Na5 2 1 2
16399 Nf6 2 0 3
16398 Nf6 8 0 6
16398 d6 2 2 1
16403 Be7 4 0 2
16401 d6 2 1 3
16401 Be7 1 0 4
16401 Bc5 2 1 2
16401 Bb4 3 0 2
16409 exf4 7 0 6
16409 d6 4 0 3
16411 Nxd5 5 0 2
16410 Bxc3 8 0 4
16410 O-O 4 1 4
16413 d6 13 0 4
16413 Ng4 4 0 2
16413 Nc6 3 0 3
16414 d6 8 2 8
16414 Nc6 4 1 2
16414 O-O 3 0 3
16415 O-O 4 0 4
16415 d6 4 0 3
16419 Bc5 4 0 4
16419 d6 3 0 3
16420 Bc5 2 0 3
16420 d6 3 0 2
16422 d5 5 0 4
16425 d5 3 1 1
16424 d5 7 0 2
16432 O-O 3 0 5
16433 O-O 5 0 0
16435 d5 40 2 41
16438 Bc5 2 0 3
16436 d6 3 0 2
16436 h6 2 0 3
16439 exd4 5 0 2
16440 Qe7 6 0 11
16440 d5 4 0 7
16440 Qf6 2 0 5
16441 d5 3 1 6
16442 d5 4 0 1
16443 Nxd5 29 0 12
16444 Be6 16 1 5
16444 d5 14 0 3
16448 d5 4 0 3
16450 O-O 2 0 3
16449 Nc6 2 0 3
16451 Bc5 11 0 11
16451 d6 5 1 7
16451 Na5 3 0 2
16455 d5 7 0 6
16465 Bxe3 5 0 5
16462 d6 7 0 6
16462 h6 4 0 7
16462 O-O 6 0 5
16464 d6 5 0 3
16464 O-O 4 0 2
16463 d6 5 0 8
16466 O-O 1 0 5
16461 O-O 9 3 10
16461 Nc6 8 0 5
16461 d6 5 0 7
16461 d5 10 0 1
16461 h6 3 0 7
16461 c6 2 0 4
16474 Be7 4 0 7
16474 h6 8 0 1
16475 Bc5 3 1 2
16476 d6 1 0 4
16472 Bc5 5 0 7
16472 Be7 2 0 4
16472 d5 3 0 2
16472 d6 3 0 2
16473 Bc5 9 0 3
16473 Na5 3 0 2
16473 d5 4 0 1
16479 d5 5 1 4
16479 Be7 1 1 3
16480 d5 7 0 2
16482 d5 4 0 4
16484 Nxd5 48 3 46
16494 c6 4 0 1
16494 Bb4 5 0 0
16491 Nc6 7 1 7
16491 d6 2 0 3
16492 Bc5 5 0 3
16493 Nc6 3 0 2
16496 Nc6 3 0 2
16499 h6 3 0 4
16502 Nxf6 3 0 2
16512 cxd5 15 1 12
16513 d5 3 0 4
16514 cxd5 3 0 4
16516 cxd5 5 0 2
16518 cxd5 4 0 3
16519 cxd5 10 0 12
16520 exf4 5 0 2
16520 Nf6 2 1 2
16522 fxe6 4 0 2
16523 Be7 3 0 2
16525 fxe6 4 1 1
16528 Nf6 4 0 1
16527 Nf6 6 0 4
16529 Bg4 2 0 3
16532 Be6 3 0 2
16535 Nf6 5 0 5
16536 Nf6 5 0 2
16539 fxe6 5 0 5
16542 Qe7 5 0 3
16540 Nc6 5 0 9
16540 Be7 4 0 2
16541 Nc6 4 0 2
16544 Nxf6 6 1 1
16551 Nf6 14 1 5
16554 fxe6 2 0 6
16558 fxe6 1 0 4
16561 d5 2 0 8
16565 d6 2 1 2
16566 d6 1 1 3
16570 exd4 11 0 11
16577 Bc5 2 0 5
16580 Bxc3 4 0 1
16581 d6 8 0 4
16581 Nge7 4 1 5
16583 Nf6 4 0 2
16585 d6 10 1 4
16585 Bb4 3 1 3
16585 a6 5 0 2
16585 Nd4 0 0 6
16586 exd4 10 3 10
16589 Bd7 4 1 2
16590 exd4 4 1 4
16591 d6 5 0 0
16596 g5 6 0 2
16600 d6 17 0 10
16600 a6 7 2 0
16602 Bc5 3 1 3
16602 Nxe4 2 1 2
16601 exd4 7 2 17
16604 exd4 6 1 0
16609 Nc6 4 0 3
16611 Nxe4 4 1 2
16613 Ng8 8 0 1
16613 Qe7 6 0 1
16616 exd4 2 0 3
16620 exd4 5 0 0
16622 Ngf6 1 0 6
16623 exd4 9 0 6
16624 Bxf5 5 0 3
16627 d5 2 1 4
16628 d5 2 0 4
16628 Bb4 3 0 2
16632 Be7 2 0 4
16635 O-O 4 0 3
16643 Nf6 4 0 1
16651 Bb6 3 0 3
16652 Bb6 3 1 1
16654 Nh6 3 0 2
16653 Bb6 2 0 4
16655 Nf6 6 0 0
16657 exd4 3 0 3
16658 Qf6 6 0 8
16658 Nf6 4 2 3
16661 O-O 8 0 1
16660 O-O 8 1 6
16662 Qe7 3 0 2
16667 f6 3 0 2
16670 dxc6 3 0 6
16669 Bc5 3 0 2
16672 dxc6 51 5 58
16672 bxc6 31 1 26
16676 Nf6 3 0 3
16673 d6 30 1 28
16673 Nf6 22 1 26
16673 Nge7 9 2 5
16673 Nd4 6 0 5
16673 a6 4 0 5
16673 Qf6 4 0 1
16674 Nf6 22 1 14
16674 a6 13 0 2
16674 Nge7 9 0 4
16674 d6 5 0 6
16674 Qf6 2 0 3
16675 Nf6 3 2 3
16675 d6 2 0 5
16675 a6 5 0 0
16678 dxc6 6 1 3
16678 bxc6 5 0 2
16677 Nf6 6 0 4
16677 a6 6 0 3
16677 Nce7 4 0 2
16677 Nd4 1 1 3
16681 exd4 0 0 6
16684 Bc5 3 0 4
16684 Nxf3 3 2 1
16683 exd4 102 5 71
16687 dxc6 62 6 80
16687 bxc6 29 2 20
16690 Bc5 14 2 17
16690 a6 10 2 6
16690 d6 10 2 5
16690 Bb4 10 0 5
16690 d5 3 0 4
16688 Nxe4 19 3 22
16688 d6 17 2 16
16688 Bc5 16 0 12
16688 a6 13 0 7
16688 Ng4 6 0 5
16688 Bd6 4 0 2
16689 Bc5 24 1 21
16689 d6 10 1 15
16689 a6 12 0 4
16689 Nd4 6 0 3
16689 d5 6 0 2
16695 Nxc6 24 1 16
16694 a6 13 1 8
16694 d6 4 0 6
16694 g6 1 0 6
16693 g6 17 1 35
16693 a6 29 1 22
16693 d6 12 0 11
16696 a6 11 0 4
16696 g6 5 0 6
16696 d6 4 0 7
16697 a6 11 3 10
16697 h6 4 0 1
16697 d6 3 0 2
16698 exd4 10 0 7
16698 a6 5 1 2
16700 Qxc6 14 2 6
16700 bxc6 9 1 9
16700 dxc6 6 1 8
16702 a6 10 0 2
16702 Bc5 4 0 4
16702 Nge7 5 0 3
16702 Nce7 5 0 2
16699 Bc5 16 0 11
16699 a6 8 0 3
16699 Nd4 4 0 4
16699 h6 3 0 2
16703 a6 2 0 3
16701 h6 8 0 5
16701 Bc5 6 1 6
16701 a6 5 0 4
16701 Nd4 1 0 4
16705 Nf6 148 8 136
16705 b5 86 4 52
16705 Bc5 23 1 19
16705 d6 14 0 9
16705 Nd4 3 1 2
16704 dxc6 230 17 257
16704 bxc6 67 4 41
16707 bxc6 9 0 3
16708 Qxd5 6 0 4
16709 bxc6 154 17 180
16713 Bd7 21 2 19
16713 Nf6 8 0 8
16713 a6 4 0 5
16713 Bg4 5 0 1
16710 Bd7 48 5 34
16710 Nf6 16 1 21
16710 Bg4 13 0 12
16710 a6 8 2 10
16710 Be7 5 0 2
16710 Ne7 4 0 2
16715 Bd7 14 0 6
16715 Nf6 10 0 3
16715 a6 8 0 2
16715 Bg4 4 0 1
16714 Bd7 13 1 14
16714 Bg4 8 0 1
16714 a6 2 1 4
16711 exd4 44 6 39
16711 Bd7 36 3 22
16711 a6 22 2 3
16711 Bg4 4 0 2
16712 Bd7 36 4 39
16712 Nf6 11 2 17
16712 a6 11 1 15
16717 dxc6 4 0 9
16718 fxe4 3 2 2
16719 fxe4 3 0 5
16720 e4 3 0 3
16721 dxc6 8 1 5
16725 dxc6 4 0 2
16726 dxc6 4 0 5
16727 Ba5 8 0 9
16738 Kxf7 4 1 1
16731 Nf6 73 9 86
16731 d6 27 4 25
16731 h6 8 0 7
16731 Nge7 7 2 5
16731 a6 3 0 4
16734 Qxg5 5 0 23
16734 Nh6 2 0 5
16734 d5 4 0 1
16736 Nxe5 2 0 8
16730 Nf6 73 6 109
16730 d6 56 6 43
16730 h6 10 0 8
16730 Nge7 1 0 11
16735 Nf6 6 0 7
16735 d6 4 0 1
16737 Nf6 2 0 3
16732 Bxb4 35 3 40
16732 Bb6 6 1 10
16732 Nxb4 3 0 2
16728 Nf6 160 16 144
16728 d6 89 6 64
16728 h6 24 0 13
16728 a6 7 1 9
16728 Na5 6 0 0
16728 Nge7 2 0 3
16729 Nf6 90 6 113
16729 h6 59 5 80
16729 d6 56 3 59
16729 Nd4 6 0 3
16729 Nge7 2 0 3
16733 exd4 34 3 32
16733 Bxd4 1 0 7
16744 Nf6 9 0 20
16743 Nf6 22 2 13
16742 Nf6 18 2 12
16742 d6 4 0 3
16745 Nf6 7 1 7
16745 d6 5 0 2
16745 Na5 2 0 3
16741 exd4 36 3 21
16741 d6 5 1 2
16752 Kxf7 5 0 4
16751 Qxg5 5 0 5
16746 exd4 52 2 47
16747 Qg5 24 2 59
16749 Nxf3 18 1 8
16749 d6 6 0 2
16748 Nxf3 28 2 13
16750 Nxf3 6 0 11
16756 Bc5 45 5 47
16756 Bb4 25 2 20
16756 Nxe4 14 1 21
16756 d6 19 2 13
16756 h6 13 0 11
16756 Be7 7 0 12
16756 a6 3 0 4
16756 d5 4 1 1
16756 Na5 2 0 3
16754 d5 229 15 250
16754 Bc5 31 1 29
16754 Qe7 19 0 3
16754 Nxe4 3 0 6
16754 h6 5 0 2
16757 Bc5 9 2 19
16757 Be7 9 0 16
16757 Nxe4 8 0 7
16757 h6 5 0 2
16757 d5 6 0 0
16760 Bc5 3 0 7
16759 Nxe4 4 0 7
16759 Bc5 8 0 2
16759 d5 6 0 4
16759 Be7 6 0 1
16755 Bc5 63 4 65
16755 d5 34 2 30
16755 Be7 27 1 26
16755 h6 26 2 15
16755 d6 19 0 10
16755 Bb4 6 0 2
16755 Na5 2 0 5
16755 a6 5 0 1
16758 exd4 27 5 22
16758 Nxe4 1 0 8
16761 g6 8 0 9
16763 g6 4 0 4
16764 g6 2 0 4
16762 exd4 3 0 8
16769 h6 5 0 1
16777 b5 6 0 1
16776 b5 6 0 1
16775 h6 6 0 2
16775 b5 5 0 3
16774 exd4 10 0 6
16774 b5 13 0 1
16774 f6 3 0 2
16781 Nd4 4 0 1
16784 Bg4 12 1 12
16784 Be6 5 0 3
16784 Nf6 4 1 2
16784 h6 4 0 2
16784 Be7 4 0 2
16788 Qxg5 2 1 3
16785 Bg4 10 0 2
16785 Be6 7 0 3
16785 Be7 7 0 3
16785 h6 5 2 1
16785 Nf6 5 0 2
16786 Be6 10 0 6
16786 Nf6 3 0 5
16786 h6 5 0 1
16786 Be7 3 0 2
16786 Bg4 2 0 3
16783 Bg4 17 2 17
16783 Nf6 6 0 8
16783 Be6 5 0 7
16783 h6 3 0 5
16783 f5 3 0 2
16783 Be7 0 1 4
16782 exd4 34 3 21
16782 Bg4 20 3 17
16782 Be6 6 0 1
16782 h6 6 0 1
16782 Nxd4 1 1 4
16782 Nf6 3 0 2
16782 Be7 3 0 2
16787 Nf6 8 0 4
16787 Be7 7 0 5
16787 h6 2 0 3
16790 Nf6 5 0 2
16791 Nf6 0 0 5
16796 Rxg8 5 0 1
16792 exd4 3 1 3
16798 g4 6 0 5
16797 g4 5 0 8
16801 Nf6 72 6 46
16801 Bc5 17 1 13
16801 d6 14 0 13
16801 a6 13 0 10
16801 Bb4 9 0 8
16802 Nf6 62 9 48
16802 Bc5 26 3 17
16802 d6 11 0 5
16802 a6 8 0 5
16802 Bd6 4 0 3
16805 Nf6 3 0 5
16805 Bc5 4 0 3
16806 Nf6 2 0 5
16806 Bc5 1 0 4
16803 Nf6 65 4 42
16803 Bc5 15 3 17
16803 d6 11 1 5
16803 a6 7 0 5
16804 Nf6 41 4 41
16804 Bc5 17 0 17
16804 d6 9 0 3
16804 a6 3 1 8
16800 exd4 136 9 100
16800 d6 21 1 8
16800 Qf6 21 1 4
16800 Bd6 9 0 6
16800 Nf6 12 0 1
16800 Nxd4 9 0 1
16808 Nf6 4 0 1
16811 Nf6 1 0 5
16813 Bc5 0 1 7
16813 d5 4 1 1
16815 Bxc3 8 2 9
16815 Nf6 4 0 1
16818 Nf6 4 0 2
16816 Bxc3 9 2 9
16816 Ba5 2 0 5
16817 Bxc3 6 0 7
16817 Nf6 4 0 1
16819 exd4 3 2 4
16819 Bxc3 5 0 2
16822 Nf6 18 2 13
16822 d6 13 2 12
16822 a6 5 1 7
16822 Nge7 3 1 3
16822 Nd4 4 1 2
16822 Qf6 4 0 2
16821 Nf6 34 4 28
16821 d6 21 2 19
16821 h6 8 0 7
16821 Nge7 5 0 2
16829 Nf6 4 0 3
16825 Bb6 12 1 2
16825 Be7 3 1 3
16824 Nxe5 23 1 8
16824 Bxf2 3 0 5
16826 Nf6 5 0 6
16826 d6 2 0 3
16823 Nf6 4 1 18
16823 d6 2 0 7
16823 h6 2 0 3
16827 exd4 7 0 5
16828 Nf6 3 0 3
16832 exd4 3 0 4
16836 d6 18 2 16
16836 a6 15 0 9
16836 Bc5 8 1 11
16836 Bb4 8 0 9
16836 Nd4 4 0 7
16836 d5 6 0 1
16835 Bc5 37 3 32
16835 h6 17 1 24
16835 Bb4 13 0 9
16835 d6 11 0 9
16835 Be7 8 0 11
16835 Nxe4 5 2 9
16835 a6 7 0 0
16839 Nxe5 8 0 11
16838 d5 10 0 3
16838 Bc5 5 0 4
16837 Bc5 12 1 16
16837 Bb4 8 0 10
16837 d5 5 1 8
16837 d6 7 0 5
16837 h6 2 0 6
16834 exd4 82 10 77
16834 Bb4 17 1 12
16834 d6 15 1 5
16834 d5 4 0 4
16834 Nxd4 3 0 3
16842 g6 2 0 3
16841 g6 1 1 3
16843 h6 7 1 4
16844 exd4 10 0 1
16849 Bd7 16 2 7
16849 Bg4 2 2 4
16847 Bg4 7 1 6
16847 h6 7 0 5
16847 Be7 4 1 2
16847 Nf6 4 0 3
16847 Be6 3 0 2
16850 Nf6 2 0 3
16848 exd4 9 1 12
16848 Bg4 7 0 5
16851 Nf6 1 0 4
16852 Nf6 6 0 4
16855 Bb6 7 1 7
16856 Nf6 1 0 4
16857 Bc5 6 0 8
16857 d6 6 0 5
16857 d5 1 1 4
16858 d5 5 0 4
16858 Bc5 2 0 5
16859 Qxd5 7 1 6
16860 d6 19 2 10
16860 Nf6 3 0 3
16861 d6 6 0 7
16866 Nf6 1 0 5
16866 d6 2 0 3
16870 Bb6 2 1 3
16865 exd4 25 1 37
16874 Bc5 4 1 5
16875 Bc5 2 0 6
16875 d5 2 0 5
16873 Bc5 8 0 7
16873 d6 5 0 8
16873 d5 3 1 8
16873 h6 6 0 4
16872 exd4 26 5 39
16872 Nxe4 10 0 14
16872 d6 12 0 6
16880 exd4 3 0 2
16882 dxe4 3 0 3
16881 Qxd5 3 0 8
16884 Bd7 6 0 3
16883 exd4 6 0 9
16883 Bg4 6 2 5
16889 Bc5 4 0 3
16889 Bb4 4 0 1
16889 d6 1 1 3
16893 Nf6 3 0 2
16892 Nf6 12 0 7
16892 d6 6 0 5
16894 Nf6 2 0 3
16895 d6 3 0 3
16898 Be7 3 0 9
16897 Bc5 4 0 6
16897 Bb4 6 0 3
16897 d6 1 0 4
16901 Qxd5 5 0 5
16905 Nf6 8 0 1
16906 Bd6 6 0 5
16906 Ba5 5 0 6
16908 Nce7 5 2 15
16908 Nb4 4 0 1
16909 Nxe5 2 0 3
16910 Nd4 10 0 0
16910 Ne7 2 0 4
16910 Nb4 3 0 3
16910 Nb8 3 0 2
16911 Nxe4 16 0 8
16914 exd4 37 4 26
16916 Nd4 12 0 8
16917 Nxe5 3 1 5
16918 dxe4 9 1 6
16919 Qxd5 6 3 8
16922 Bd7 5 0 1
16920 Nce7 17 1 15
16920 Nb4 7 1 9
16920 Nd4 4 0 7
16920 Na5 4 0 1
16920 Nb8 4 0 1
16921 dxe5 28 3 10
16921 Nxe5 7 1 9
16921 Bg4 4 0 2
16927 Bc5 4 0 1
16925 Nf6 15 1 18
16925 Bc5 15 0 18
16925 h6 12 0 12
16925 Be7 10 0 5
16925 d6 7 2 4
16925 Bb4 5 0 4
16924 Nxd4 331 37 305
16924 Bc5 155 15 187
16924 Nf6 66 3 85
16924 Qf6 41 5 41
16924 d6 27 6 32
16924 Nge7 22 1 34
16924 Ne5 22 5 14
16924 Qh4 12 0 13
16924 d5 11 1 6
16924 a6 5 0 8
16924 Bb4 8 0 5
16924 Qe7 3 0 6
16926 dxc3 15 0 3
16928 Nce7 8 0 1
16928 Nb4 4 0 3
16928 Nd4 4 0 2
16929 fxe5 7 1 3
16929 Nxe5 5 0 2
16936 O-O 3 0 3
16934 Qe7 7 0 4
16934 Nxe4 8 0 0
16934 O-O 5 0 1
16935 O-O 4 0 1
16940 Bc5 8 1 5
16940 d6 4 0 1
16939 d5 16 1 19
16942 Bc5 8 0 0
16941 Bc5 4 0 4
16941 d6 1 0 5
16943 exd4 1 0 6
16945 d5 7 0 12
16945 Qe7 5 0 3
16945 Qf6 5 0 1
16947 d5 5 0 3
16946 d5 9 0 12
16946 Nd6 5 0 1
16949 d5 3 0 2
16950 Nxd5 19 0 5
16951 d5 4 0 1
16959 Bxc3 11 0 2
16959 O-O 7 2 4
16962 Nxd5 2 0 5
16961 Bxc3 5 0 8
16960 Bxc3 6 0 9
16958 Bxc3 25 1 16
16958 Nc6 4 1 11
16958 d5 4 0 3
16958 d6 3 0 2
16965 O-O 4 0 2
16966 exd4 4 0 1
16972 d6 15 2 13
16972 Bb4 8 0 13
16972 a6 11 1 3
16972 Bc5 5 1 3
16972 Nd4 3 0 2
16972 d5 4 0 1
16970 Bc5 34 2 23
16970 d6 12 2 7
16970 Nxe4 5 2 14
16970 Bb4 13 0 7
16970 Nd4 7 0 2
16970 h6 2 1 6
16970 d5 5 0 2
16975 Nxe5 2 1 2
16974 Bc5 3 1 4
16973 d6 2 0 5
16973 Bb4 2 2 2
16971 exd4 47 3 26
16971 d6 4 0 4
16971 d5 4 0 2
16971 Nxd4 3 0 2
16977 d5 5 0 0
16979 dxe4 2 0 4
16980 dxe4 2 0 4
16978 Nxd5 17 0 16
16978 e4 3 0 2
16981 Be7 5 1 7
16981 Be6 3 2 5
16981 Bg4 3 0 2
16981 h6 2 0 3
16982 exd4 12 0 7
16986 Kxf7 6 0 5
16987 Bb6 5 1 1
16989 dxc6 8 1 5
16993 d5 2 2 2
16990 d5 34 3 15
16990 Qe7 14 1 10
16990 d6 16 0 8
16990 Nf6 7 0 0
16990 f5 5 0 0
16990 Nc5 4 0 1
16992 Nf6 3 0 2
16991 d6 7 0 1
16991 Nf6 2 0 4
16997 Nxe4 30 4 29
16997 Qxe4 16 0 8
16996 d6 37 5 39
16996 Nxe4 21 2 19
16998 Nxe4 1 0 5
16998 d6 1 0 4
17000 Qxd5 3 0 2
17003 Nxe4 3 2 4
17001 Nxe4 43 6 51
17001 Bg4 7 0 1
17002 Kxf7 9 1 10
17005 d6 1 1 4
17011 Bb4 3 0 2
17008 Be7 4 0 8
17008 Bc5 2 1 3
17008 h6 4 0 1
17009 Bc5 2 1 9
17009 d5 3 0 6
17009 Bb4 5 0 0
17010 d5 6 0 4
17010 Bc5 1 0 4
17017 dxe4 3 1 2
17018 dxe4 2 0 4
17016 Nxd5 9 1 10
17019 Be7 4 1 2
17019 h6 3 0 2
17024 d5 3 1 1
17023 d6 2 0 4
17029 Bc5 6 0 3
17029 Nxe4 4 0 1
17027 Nc6 10 0 9
17028 Qe7 6 0 4
17028 Nd5 3 1 3
17033 c6 22 2 11
17031 d6 15 0 8
17031 h6 6 0 10
17031 Ne7 5 0 0
17034 d6 2 0 8
17032 h6 18 1 11
17032 d6 9 0 2
17035 exd4 2 0 3
17038 h6 2 0 3
17039 c6 4 0 2
17043 c6 1 0 4
17042 Qd6 4 0 3
17042 Qc6 5 0 0
17046 Bc5 16 1 7
17046 h6 4 0 7
17046 b5 5 0 1
17047 h6 6 2 10
17047 Bc5 5 0 0
17045 exd4 30 0 11
17045 d6 10 0 0
17050 d6 2 2 5
17051 exd4 7 0 4
17052 Qg6 7 0 6
17052 Qb6 2 0 3
17053 c6 4 0 1
17056 Nxe5 2 0 5
17057 Qg6 7 0 1
17059 dxe5 4 0 2
17060 Bc5 17 1 25
17060 Nc6 4 1 0
17061 Qxd4 7 1 2
17061 Nc6 5 1 3
17064 cxd5 6 0 5
17066 Nf6 2 0 3
17069 Bf5 3 0 2
17071 Be6 7 0 1
17073 Qxd1 1 0 5
17074 Nf6 2 0 4
17075 Qe6 16 2 10
17075 Qd6 8 0 9
17075 Qa5 10 0 5
17075 Qd8 11 0 1
17075 Qc5 7 0 3
17077 Nxc6 5 0 2
17079 Qxd5 5 0 5
17080 f5 5 0 5
17078 f5 3 2 6
17083 Nf6 3 1 2
17082 Nxd7 6 0 5
17082 Qxd7 4 0 3
17086 b5 21 2 5
17086 Bg4 7 0 8
17086 f5 2 0 9
17086 h6 3 0 2
17087 b5 5 1 5
17087 h6 2 2 7
17087 Bg4 6 0 3
17092 Nf6 2 0 3
17094 c6 6 0 1
17089 fxe6 86 7 55
17090 Bxc4 5 0 0
17093 Bxc4 3 1 1
17091 Bxc4 5 0 2
17097 Nf6 10 2 7
17097 c6 7 0 6
17097 Bg4 3 0 2
17099 Nf6 9 0 9
17101 Nf6 2 0 3
17098 Nf6 9 1 11
17098 h6 4 0 2
17096 Nf6 16 0 10
17096 h6 7 1 9
17096 Nc6 2 0 4
17095 exd4 32 0 34
17095 Nc6 5 0 3
17095 Bg4 4 0 2
17095 Nd7 3 0 2
17100 Nf6 9 0 7
17103 c6 22 0 8
17103 Nf6 13 1 9
17103 Bxf3 10 0 9
17103 Nc6 7 0 3
17103 Qf6 5 0 2
17106 Nf6 8 2 6
17106 Bxf3 7 0 5
17106 Nc6 4 0 6
17106 Qf6 6 0 3
17107 Bxf3 6 0 5
17107 Nf6 6 0 5
17107 Nc6 5 1 4
17107 Qf6 5 0 0
17107 h6 4 0 1
17105 Nc6 10 1 5
17105 h6 8 0 3
17105 Bxf3 6 0 5
17105 Nf6 5 0 4
17105 Qf6 3 0 3
17104 Bxf3 20 1 10
17104 exd4 17 1 11
17104 Nc6 6 0 3
17104 Qf6 6 0 1
17104 Nf6 3 1 1
17102 Bxf3 87 8 53
17102 Bh5 53 3 55
17112 Bg4 12 0 1
17112 Be7 2 0 9
17112 Nf6 7 0 2
17112 Be6 2 1 6
17113 Nf6 6 0 4
17113 Be6 5 0 4
17113 Bg4 5 0 2
17113 Be7 3 0 2
17114 Bg4 4 0 4
17114 Nf6 3 0 4
17114 Be6 4 0 3
17114 Be7 4 0 1
17111 Na5 6 1 15
17111 Bg4 12 0 5
17111 Be6 6 0 7
17111 Be7 5 0 3
17111 Nf6 4 0 1
17111 h6 2 0 3
17110 exd4 22 2 18
17110 Bg4 15 0 6
17110 h6 3 2 6
17110 Be7 2 0 3
17120 Be7 6 0 12
17120 c6 10 0 4
17120 Bg4 3 0 5
17120 Be6 6 0 1
17120 Nc6 5 0 0
17119 Be6 14 3 20
17119 d5 23 0 2
17119 h6 5 0 0
17121 Be7 7 0 5
17121 c6 5 0 3
17121 h6 3 0 3
17121 Be6 5 0 0
17122 exd4 2 0 7
17128 c6 2 0 6
17127 Bg4 1 1 4
17127 Be6 4 0 1
17133 c6 10 0 1
17135 Be7 2 0 4
17132 h6 5 0 6
17138 b5 5 0 0
17137 b5 5 1 0
17142 Nc6 4 0 12
17141 Nc6 1 0 7
17141 Be7 3 0 3
17143 Nc6 2 0 7
17143 Be7 4 0 1
17145 cxd4 4 0 2
17146 Be7 2 0 5
17146 Nf6 4 1 2
17146 b5 5 0 0
17147 d5 6 0 4
17147 h6 5 0 2
17147 b5 5 0 1
17148 b5 3 0 3
17148 d5 4 0 2
17152 f4 9 0 5
17152 h6 7 0 2
17152 Nf6 5 0 2
17151 Bxf5 24 1 19
17161 Bg7 6 0 0
17163 c6 26 1 24
17163 Nf6 21 3 21
17163 a6 9 1 5
17163 Nc6 6 0 4
17163 f5 0 1 5
17163 Bg4 3 0 2
17164 Nf6 28 2 18
17164 Bg4 7 1 1
17164 Nc6 7 0 1
17164 c6 3 0 2
17164 a6 3 0 2
17168 Nf6 3 1 3
17166 Nf6 21 1 18
17166 a6 5 2 4
17166 Nc6 2 1 3
17165 Nf6 22 0 21
17165 Nc6 6 0 4
17165 Be7 3 0 5
17165 Bg4 4 0 2
17165 a6 4 1 1
17162 exd4 53 4 54
17162 Nc6 10 0 8
17162 Nd7 9 0 8
17162 Bg4 9 1 5
17162 Qe7 5 0 6
17162 Qf6 4 0 3
17162 Nf6 5 0 0
17162 f6 3 0 2
17167 Nf6 21 0 12
17167 c6 4 1 0
17167 Nc6 2 0 3
17172 exd4 7 0 7
17172 f6 3 0 3
17175 Nf6 6 0 7
17174 exd4 10 0 3
17178 Bxf3 5 0 3
17178 Nf6 4 0 3
17178 c6 4 1 1
17178 Nc6 2 0 3
17178 h6 4 1 0
17176 Bxf3 13 2 18
17176 Nf6 9 1 4
17176 Nc6 6 1 4
17177 Bxf3 25 1 6
17177 Bh5 11 2 8
17181 Bd7 9 0 17
17182 h6 6 0 1
17182 Be6 3 0 4
17182 Be7 2 0 3
17183 exd4 7 0 2
17183 Bg4 3 0 2
17189 c6 1 1 4
17185 Be7 11 0 8
17185 h6 10 0 9
17185 Be6 4 0 1
17185 c6 2 1 2
17187 Be7 2 0 5
17187 Nc6 5 0 1
17186 exd4 18 4 12
17186 Bg4 7 0 0
17195 Bd7 6 2 3
17194 Nc6 3 0 4
17198 h6 9 0 3
17198 Qf6 4 1 2
17199 exd4 15 1 5
17199 Nd7 5 0 2
17199 Qe7 4 0 1
17204 fxe4 6 0 3
17203 Bxf5 4 1 7
17205 Nf6 5 0 4
17206 exd4 2 1 3
17209 exd4 7 0 7
17211 Bxf3 5 0 3
17211 Nf6 2 0 3
17210 exd4 7 0 3
17210 Bxf3 4 0 2
17210 f6 4 1 1
17213 exd4 9 0 10
17215 Ngf6 4 0 3
17217 exd4 4 0 2
17220 fxe4 2 0 3
17224 Nf6 6 0 3
17224 Nc6 7 0 2
17224 h6 8 0 0
17224 Bxf3 4 1 0
17231 dxe5 11 1 6
17237 Bxf3 3 0 3
17234 Bxf3 16 0 5
17234 exd4 5 0 6
17234 Nc6 4 0 2
17235 Nf6 7 0 3
17235 Bxf3 3 1 3
17235 c6 2 0 4
17233 Bxf3 97 2 34
17233 dxe5 20 2 7
17233 Nc6 4 1 2
17236 Bxf3 5 0 2
17236 Bh5 3 0 3
17240 Bd7 9 0 8
17240 a6 5 0 3
17238 Nce7 20 2 12
17238 Nd4 6 1 5
17238 Nb8 7 1 4
17238 Nb4 8 0 1
17239 dxe5 15 1 8
17239 Nxe5 10 1 8
17239 Bg4 6 0 1
17243 h6 4 0 4
17243 Be7 4 0 1
17242 dxe5 21 2 11
17247 exd4 6 0 0
17246 Nxe4 10 1 6
17246 dxe5 9 0 4
17249 dxe5 7 1 7
17252 dxe5 7 0 3
17253 dxe5 5 0 0
17257 h6 5 0 5
17257 Nf6 3 0 5
17257 c5 3 0 3
17257 Bg4 3 0 2
17255 Nf6 140 14 132
17255 c5 73 3 48
17255 Be7 40 5 37
17255 Bd7 30 3 18
17255 Nc6 20 4 22
17255 Ne7 14 1 19
17255 g6 18 1 12
17255 h6 12 1 12
17255 Qf6 14 0 5
17255 Qe7 6 1 2
17255 a6 6 0 3
17255 d5 5 0 4
17255 c6 4 0 4
17255 Be6 5 0 3
17255 Nd7 4 0 2
17256 Nc6 22 5 29
17256 Nf6 15 3 8
17256 c5 12 0 7
17256 Qf6 5 0 2
17256 Bd7 1 0 5
17256 Bg4 4 0 2
17256 Ne7 1 0 4
17258 dxc3 8 1 5
17259 fxe4 7 0 6
17260 e4 5 0 1
17263 c6 4 0 1
17262 fxe5 22 2 8
17262 dxe5 7 0 2
17270 Nf6 4 0 4
17270 h6 2 1 2
17273 Bd7 5 0 6
17272 Be7 2 0 3
17279 Nxe4 3 0 3
17277 Be7 10 0 6
17277 Nc6 8 2 6
17277 c6 4 1 6
17277 a6 6 0 1
17277 Be6 3 0 3
17278 Nc6 11 2 11
17278 Be7 5 0 8
17278 h6 3 2 5
17278 d5 4 0 2
17282 fxe4 2 0 3
17282 f4 2 1 2
17283 Bxf5 8 0 4
17284 a6 3 0 2
17288 d5 2 1 2
17289 dxc6 14 0 6
17291 d5 3 1 1
17290 d6 6 0 3
17290 Bc5 3 0 4
17292 d6 1 2 4
17293 g6 7 0 0
17299 Nf6 0 0 6
17301 d5 1 0 5
17300 Bc5 7 0 16
17303 Nf6 13 0 12
17303 Qf6 1 0 4
17306 Nf6 2 1 3
17305 Nf6 2 0 10
17304 Nf6 6 0 7
17317 Ke7 4 0 1
17318 g6 26 0 4
17318 Ke7 15 0 2
17320 dxe4 3 0 3
17321 c5 4 1 0
17322 fxe5 7 0 1
17322 dxe5 4 0 1
17323 c5 5 0 0
17325 Bc5 7 0 5
17325 d6 3 0 4
17326 Nd4 4 0 2
17331 Bc5 2 0 3
17333 Bc5 2 0 6
17339 d6 3 0 3
17339 d5 0 0 5
17340 Nxd5 3 0 4
17347 Nd4 3 1 11
17347 d6 1 0 4
17348 d6 4 1 3
17348 Nd4 2 1 2
17349 bxc6 2 1 5
17350 Nf6 4 0 2
17350 Nd4 3 1 1
17353 g6 7 0 3
17354 Nf6 9 0 11
17355 Nf6 3 0 7
17357 Nf6 3 1 2
17356 Nf6 0 1 5
17359 Bc5 3 0 2
17360 Bc5 2 0 3
17358 Bc5 3 0 5
17363 Nf6 5 1 4
17362 Nf6 84 6 139
17362 Qf6 11 2 20
17362 Nh6 4 2 4
17362 Nd4 9 0 1
17362 Qe7 2 0 7
17362 f6 1 0 4
17364 Nd4 3 0 2
17367 Bc5 9 1 10
17374 O-O 1 0 4
17371 d6 6 0 3
17371 O-O 4 1 4
17371 Nc6 2 0 4
17372 Nc6 6 0 3
17372 O-O 2 0 4
17372 d6 4 1 1
17373 Nc6 1 1 3
17370 Nxe4 5 0 3
17370 O-O 3 0 2
17369 Nc6 11 0 10
17369 O-O 8 0 4
17369 d6 6 0 4
17375 Qxe4 8 1 6
17375 Nc6 4 0 2
17376 Bxe7 13 0 10
17378 d6 3 0 5
17380 Qxf3 3 0 5
17381 g6 4 1 2
17386 Qxe5 7 1 5
17388 Qe7 4 1 1
17388 g6 4 0 2
17389 g6 4 1 7
17389 Qf6 4 0 1
17390 Bg4 4 0 5
17390 g6 4 0 2
17391 Nf6 6 0 4
17393 Nf6 1 0 6
17395 c6 3 0 2
17394 g6 2 1 3
17396 Nf6 24 1 53
17396 Qf6 10 1 7
17396 Be6 4 1 2
17396 f5 3 0 2
17396 Nh6 5 0 0
17399 Bf6 5 0 0
17401 Qxe4 14 0 3
17401 Nf6 11 0 1
17402 Bc5 1 1 3
17410 Bb6 3 0 5
17410 Bb4 4 1 2
17411 Bb4 3 0 3
17411 d6 2 0 3
17413 dxe4 3 0 2
17414 Nxe4 2 0 3
17416 d6 12 0 12
17416 Nf6 4 0 2
17417 Bc5 3 0 2
17424 Be6 6 0 0
17435 d5 0 0 5
17439 d6 3 0 4
17440 d6 3 0 4
17441 d6 1 0 4
17444 Bg4 7 0 2
17448 Bb4 6 0 0
17451 d6 1 1 3
17453 Qxf6 1 0 4
17455 Bxe3 5 0 1
17457 d6 2 0 4
17460 Be7 2 0 3
17458 Bb4 3 0 5
17467 Qxd1 1 0 4
17468 Qd8 7 0 0
17468 Bb4 3 1 2
17468 Qe6 3 0 2
17473 Be7 1 0 8
17474 Nc6 2 0 3
17478 Bc5 3 0 2
17477 dxc3 8 0 1
17481 Na6 6 0 1
17482 d6 5 0 4
17483 d6 4 0 1
17485 d6 4 0 8
17485 Ng6 2 0 3
17484 Ng6 4 0 6
17484 d6 6 0 4
17491 Bc5 5 1 3
17490 Nxf3 4 0 4
17489 Bc5 14 0 2
17489 Nb5 6 0 4
17489 c5 5 0 0
17493 Nxf3 4 0 4
17492 Nc6 5 0 8
17497 Nc5 4 0 1
17499 Nd4 4 0 1
17500 Bb4 4 1 1
17501 exd4 5 0 1
17502 Nc6 3 0 2
17503 Kxd8 10 2 2
17509 Bxd6 6 0 5
17510 Kxd8 52 4 18
17512 Nf6 10 1 7
17512 Bc5 9 2 5
17512 h6 9 0 3
17512 Be7 4 0 4
17512 d6 4 0 2
17512 Bb4 5 0 1
17513 Nxd4 6 0 6
17514 dxc3 1 0 4
17515 Nc6 9 0 5
17515 f6 5 1 0
17515 h6 3 0 2
17515 d6 2 0 3
17515 Be7 5 0 0
17515 Nf6 4 0 1
17516 dxc3 4 0 2
17521 Nf6 11 1 15
17521 d6 3 0 10
17521 Bc5 2 0 11
17524 Bb4 0 0 12
17520 Nf6 13 2 31
17520 d6 4 0 12
17518 Nf6 38 5 60
17518 Bc5 20 3 41
17518 d6 12 2 36
17518 Bb4 4 2 6
17518 Qe7 2 0 5
17518 Qh4 1 0 4
17525 Nf6 3 0 3
17523 Nf6 5 0 6
17523 d6 3 0 6
17523 Bc5 1 0 6
17522 Nf6 7 2 24
17522 d6 0 0 5
17519 Nf6 35 1 38
17519 d6 26 0 25
17519 b6 14 1 27
17519 Be7 3 1 10
17519 Qe7 5 0 7
17519 Bb4 4 0 7
17519 Bd6 4 0 5
17519 g6 3 0 4
17519 Qf6 1 0 4
17526 Be7 3 0 4
17530 Ne7 4 0 2
17530 Qe7 5 0 1
17534 Nc6 5 0 1
17533 Nc6 3 0 4
17537 dxc3 8 0 3
17538 dxc3 5 0 2
17538 d6 1 0 4
17536 Nf6 4 0 2
17536 d5 4 0 2
17543 Nc6 6 0 8
17545 dxc3 2 0 3
17544 Qxd5 3 0 7
17547 Nc6 5 0 0
17548 cxb2 165 5 86
17548 d6 31 1 27
17548 Nf6 36 2 14
17548 Nc6 28 2 18
17548 Bb4 25 1 14
17548 Qf6 17 0 9
17548 Qe7 16 1 3
17548 Bc5 13 0 5
17548 g6 6 0 4
17548 c2 6 0 3
17548 Be7 4 0 1
17548 c6 5 0 0
17549 Bb4 7 2 0
17550 Bc5 0 0 5
17551 Ke7 8 0 0
17551 g6 4 0 2
17553 d6 2 0 4
17554 d6 2 1 2
17556 Nf6 5 0 5
17555 Bg4 8 1 0
17555 Nf6 5 0 4
17555 Nc6 2 0 3
17558 exd4 4 0 2
17557 dxe5 3 0 6
17559 Bb6 3 0 2
17562 d6 3 0 3
17564 Nge7 3 0 8
17564 h6 4 0 1
17565 Nxe5 3 1 2
17568 Qxd5 12 0 14
17570 Bd7 5 0 4
17569 Bg4 34 0 14
17569 Be7 11 0 7
17569 h6 10 1 5
17569 Be6 10 0 3
17569 Nf6 10 0 1
17569 exf4 3 0 2
17571 Bg4 5 1 1
17574 Bg4 3 0 2
17573 Nf6 6 0 2
17572 Nxe5 1 0 7
17575 h6 19 0 7
17575 Bc5 13 0 7
17575 Nf6 11 0 4
17575 d6 9 0 3
17575 Be7 3 0 4
17575 g5 2 0 3
17577 d6 4 0 1
17576 Nf6 9 0 6
17576 d5 9 0 5
17576 g5 5 0 5
17576 d6 8 0 1
17576 Bb4 5 0 1
17576 Be7 2 0 3
17580 fxe4 1 0 4
17581 e4 1 0 4
17584 Nxf3 5 0 2
17583 Ng6 4 0 5
17583 Nc6 6 0 1
17589 exf4 7 0 6
17593 exf4 8 0 3
17592 exf4 6 0 2
17594 Qxe5 5 1 5
17597 Bd6 4 0 4
17599 Qe6 2 0 4
17602 Nf6 1 2 2
17600 Nf6 14 1 11
17601 Nf6 5 0 2
17601 Qxd5 3 0 2
17603 Nf6 10 0 9
17603 Qxd5 9 1 7
17603 Bg4 3 0 3
17604 Qxe4 1 0 5
17605 Nf6 14 1 3
17605 Bxf3 6 1 8
17605 Nc6 5 1 2
17605 h6 4 0 2
17605 exf4 2 0 4
17606 Bxf3 4 0 1
17607 dxe5 4 0 2
17608 Bg4 9 0 9
17608 h6 9 1 5
17608 Nf6 10 0 4
17608 Be7 7 1 5
17608 Be6 2 0 5
17614 Nc6 4 0 2
17615 Nf6 8 0 2
17615 h6 4 0 4
17615 Bg4 3 0 2
17615 Nc6 2 0 3
17616 Bg4 6 0 4
17616 g5 6 0 0
17616 Nf6 2 0 3
17618 Bg4 4 0 1
17620 Nc6 6 0 4
17621 Bh4 2 0 4
17623 Bc5 1 0 6
17626 d6 4 1 7
17626 Nf6 7 0 3
17625 Bb6 45 1 15
17625 Bb4 12 0 3
17627 Nf6 6 0 2
17628 Bc5 5 0 0
17630 Bh4 62 2 36
17630 d6 5 0 2
17633 Bh4 4 1 3
17632 Bh4 10 0 13
17631 d6 9 0 5
17631 Nf6 2 0 5
17634 h6 28 0 10
17634 d6 19 0 10
17634 Nf6 24 0 5
17634 Bc5 15 0 3
17634 Be7 9 0 2
17634 a6 1 1 3
17635 d6 18 0 4
17635 d5 13 0 2
17635 Bb4 6 0 3
17635 Nf6 2 0 5
17635 g5 2 0 4
17637 Ng6 3 0 2
17638 Ng6 4 0 1
17641 Nxe4 8 0 4
17640 Bb4 9 0 2
17640 d6 8 0 2
17640 Bc5 5 1 4
17640 Nc6 2 0 4
17639 Ng4 8 1 8
17639 Qe7 9 0 5
17639 Nd5 10 1 1
17639 Ne4 7 0 1
17644 Qxe4 3 0 2
17643 Nf6 6 0 5
17646 Bb7 3 0 3
17650 dxe4 6 0 3
17649 Bg4 13 0 5
17649 Nc6 4 0 2
17648 Qxd5 30 0 13
17648 Nf6 8 1 12
17651 Bg4 32 2 21
17651 h6 23 2 11
17651 Nc6 18 1 8
17651 Be6 5 2 13
17651 Nf6 16 0 3
17651 Be7 14 0 5
17651 g5 6 0 6
17653 Nc6 3 0 2
17652 Bg4 22 0 8
17652 Nc6 8 0 8
17652 g5 7 0 5
17652 Nf6 4 0 8
17655 g5 6 0 1
17655 Ne7 3 0 2
17655 d6 3 0 2
17656 g5 5 0 3
17657 g4 25 1 17
17657 d6 22 2 15
17657 Bg7 16 0 20
17657 Nc6 10 0 4
17657 h6 7 0 1
17657 Qe7 4 0 3
17657 f6 5 1 1
17659 g4 4 0 9
17659 Bg7 5 1 6
17659 d6 2 1 2
17660 Nf6 4 0 2
17660 Bg7 3 0 3
17660 h6 4 0 2
17658 g4 15 0 19
17658 f6 5 0 2
17661 d6 10 1 9
17661 g5 8 0 3
17661 Nf6 5 0 0
17662 g5 1 1 7
17664 Nc6 2 0 3
17668 Nc6 5 0 0
17671 exd5 1 0 4
17675 cxd5 3 0 5
17676 Nf6 29 1 57
17676 c5 11 2 16
17676 c6 7 0 11
17676 Be6 4 0 3
17678 c6 9 2 12
17678 Bd7 2 1 6
17679 Nf6 1 0 4
17677 Be7 11 0 17
17677 Be6 6 0 7
17681 Bb7 3 1 1
17682 cxd5 5 1 1
17683 Be7 1 0 4
17685 cxd4 2 1 4
17687 c5 2 0 5
17690 Nf6 4 0 1
17692 Nf6 7 0 11
17693 Be7 1 0 4
17691 Nf6 24 2 32
17691 Bb4 6 1 4
17691 c5 5 1 4
17691 c6 3 1 5
17691 Be6 2 0 5
17694 Bg7 1 0 5
17695 Nf6 4 0 5
17699 dxc6 5 0 0
17700 Nd5 3 0 3
17705 Be7 7 0 4
17706 Be7 3 0 4
17706 f6 2 0 4
17707 Be7 2 0 5
17708 Be7 4 0 1
17709 Be7 1 0 4
17710 Bb4 3 0 3
17714 Nb6 3 0 3
17713 Nc6 2 0 3
17716 Nh6 4 0 1
17717 d5 10 0 2
17719 Bg7 8 0 4
17722 Bb4 5 0 8
17726 Nf6 5 0 5
17726 d5 2 0 4
17725 Bb4 13 0 18
17725 Nf6 5 1 0
17725 Ne7 2 0 3
17734 b5 3 0 3
17736 exd5 11 0 10
17737 cxd4 5 0 5
17740 cxd4 3 0 5
17745 exd5 4 0 1
17746 Bxc5 3 0 3
17748 Nc6 10 1 25
17748 Bc5 4 0 8
17748 a6 2 0 3
17749 Nc6 3 0 4
17750 exd5 2 0 4
17752 cxd5 7 1 10
17752 exd5 3 0 3
17753 cxd5 6 1 7
17755 c5 17 0 9
17756 cxd5 8 1 12
17756 exd5 3 0 6
17759 Nf6 3 0 3
17761 Nfd7 2 0 5
17760 exd5 4 1 3
17763 c5 1 0 6
17762 c5 14 1 23
17762 e5 5 0 2
17764 Nf6 14 0 9
17765 Kxf7 3 0 3
17766 exd3 4 0 1
17768 Qxd1 5 2 13
17772 Bb6 4 0 1
17773 f6 5 2 4
17773 Nge7 3 0 7
17774 Ng6 5 0 5
17775 c5 2 0 7
17778 Nc6 13 2 11
17778 Bd7 6 0 7
17780 Nc6 2 0 3
17779 cxb4 4 0 4
17777 Nc6 8 1 33
17777 Qb6 3 0 9
17776 Nc6 24 4 47
17776 cxd4 12 0 24
17776 Qb6 6 1 20
17785 c5 5 0 10
17786 Qd8 22 0 13
17786 Qd7 5 0 1
17786 Qa5 2 0 3
17787 Qd8 4 0 7
17787 Nc6 5 0 1
17796 c6 7 1 7
17794 Nf6 9 0 9
17791 Nf6 19 0 31
17791 d4 3 0 5
17791 c6 2 1 3
17792 Be7 8 0 16
17792 Qe7 2 1 5
17797 Nf6 3 1 4
17793 Nf6 3 0 5
17793 d4 3 0 4
17793 c6 3 0 2
17793 dxc4 2 0 3
17795 Nf6 2 1 7
17790 Nf6 166 26 259
17790 Bd6 27 2 66
17790 c5 26 1 23
17790 Be6 16 2 22
17790 Bg4 12 2 16
17790 Nc6 9 4 9
17790 c6 10 1 8
17790 h6 3 0 10
17790 Qe7 8 0 4
17790 Be7 7 0 3
17790 Bf5 4 0 2
17800 Bb7 5 0 1
17801 Nc6 3 0 6
17804 Nc6 4 0 3
17805 Nc6 1 0 4
17807 b6 4 0 1
17810 Be7 4 0 2
17809 Be7 7 0 3
17819 Qd8 2 0 5
17821 f5 2 0 7
17823 Nf6 4 0 8
17826 Qxd5 4 0 3
17827 dxc4 6 0 3
17827 Nf6 5 0 2
17828 Bg7 4 0 1
17829 e5 4 0 2
17831 Qxd1 3 1 7
17837 Nf6 1 0 6
17836 Nf6 1 0 8
17838 Be7 2 0 4
17835 Nf6 3 0 7
17841 Nce7 4 0 1
17843 Be7 3 0 10
17846 Be7 0 0 5
17847 Be7 2 1 2
17844 Be7 2 0 6
17848 Be7 6 0 5
17850 Bg7 6 0 6
17853 Ng8 4 0 2
17854 Bb4 12 0 3
17854 Nb6 7 0 3
17857 d5 2 0 5
17858 d5 4 0 2
17862 Bg7 10 0 1
17864 Qg4 2 1 2
17865 Nf6 4 0 2
17867 Bb4 2 1 4
17866 Bb4 4 1 3
17868 Bb4 8 0 5
17868 Nf6 3 0 3
17870 Bb4 8 0 8
17871 exd5 2 0 4
17877 Nc6 4 1 1
17878 Nc6 22 2 10
17878 Bc5 6 0 12
17878 Nf6 3 0 3
17880 Nc6 2 0 3
17879 exd5 5 0 5
17882 d5 5 1 5
17882 Bb4 3 0 4
17882 a6 4 0 1
17883 Qxd5 4 0 1
17885 exd5 0 0 5
17885 e5 3 0 2
17887 d6 4 0 3
17889 d6 14 1 9
17889 Nf6 3 0 7
17891 Qb6 1 0 4
17893 Nc6 0 0 5
17895 cxd5 3 1 1
17897 c5 3 0 6
17897 a6 1 0 4
17898 cxd5 6 1 2
17899 b5 3 0 2
17901 dxe4 2 1 2
17900 cxd5 17 0 5
17903 cxd5 4 0 1
17905 c5 2 0 4
17907 c5 7 0 4
17908 Nfd7 6 0 2
17911 Bxc3 4 0 7
17912 c5 3 0 4
17914 Bxc3 3 0 5
17910 c5 17 0 16
17910 Ne7 3 0 2
17913 exd5 2 2 2
17913 Qxd5 2 0 3
17915 Be7 22 0 16
17915 dxe4 3 0 3
17915 Bb4 2 0 4
17915 h6 2 0 3
17916 Nfd7 22 2 13
17918 exd5 5 0 3
17921 Bxc5 3 0 3
17919 exd5 12 1 10
17923 Nf6 19 2 21
17923 Nd7 6 1 5
17923 b6 4 1 4
17923 Nc6 3 1 2
17923 Be7 4 0 1
17923 f5 4 0 1
17925 Nfd7 17 1 14
17927 Nc6 4 1 2
17929 exd5 3 1 1
17930 Nf6 8 0 4
17930 Nd7 3 1 2
17934 Nge7 5 0 5
17934 f6 3 0 5
17934 Be7 6 0 0
17935 f6 4 0 2
17938 Ng6 9 0 4
17939 Ng6 5 0 4
17941 c5 1 0 5
17948 Bd7 2 1 10
17948 Nc6 1 0 7
17945 Nc6 7 2 12
17945 Qb6 5 0 10
17945 cxd4 2 0 13
17944 Nc6 41 3 52
17944 cxd4 15 1 19
17944 Qb6 10 0 16
17943 Nc6 157 10 200
17943 Qb6 46 5 58
17943 cxd4 18 2 15
17943 Bd7 5 0 7
17943 Qa5 3 0 8
17943 c4 5 0 5
17943 a6 2 0 3
17947 cxd4 2 0 11
17947 Nc6 1 0 5
17947 Qb6 1 0 4
17946 Bxc5 18 1 20
17946 Nc6 3 0 3
17949 Nc6 4 0 4
17949 cxd4 3 0 4
17954 c5 8 1 6
17954 fxe5 4 0 3
17955 Nxf6 5 0 4
17953 c5 4 0 8
17953 fxe5 7 0 3
17958 Qd8 12 3 11
17958 Bb4 6 0 3
17958 Qa5 3 0 3
17959 Qd8 7 0 3
17959 Nc6 4 0 2
17959 Nf6 1 0 4
17960 Qd8 4 0 4
17960 Qe4 4 0 2
17966 c6 3 0 10
17962 Nf6 64 7 48
17962 Bd6 12 1 16
17962 Nc6 5 1 5
17962 Be6 5 1 2
17962 c5 4 0 3
17962 c6 2 0 3
17969 Nf6 1 0 5
17967 Nf6 3 0 3
17967 Bd6 2 0 3
17963 Nf6 22 2 42
17963 Bb4 7 0 10
17963 c6 2 0 8
17963 c5 6 0 1
17963 Be6 6 0 0
17970 Nf6 2 1 2
17961 Nf6 72 8 62
17961 Bd6 12 1 13
17961 Be6 6 1 12
17961 Bg4 9 1 7
17961 c6 6 0 5
17961 c5 7 0 4
17961 Nc6 5 1 4
17961 h6 5 0 3
17961 Bf5 3 0 5
17965 Be7 2 1 7
17965 Be6 3 0 5
17965 Qe7 1 1 4
17968 Nf6 3 0 4
17964 Nf6 21 1 24
17964 Be6 3 0 12
17964 dxc4 5 0 4
17964 c6 5 0 3
17973 Nc6 3 0 2
17985 Nc6 7 0 3
17986 b6 3 0 2
17987 Be7 3 0 2
17989 Nd7 3 0 4
17989 a6 3 0 2
17990 Bg7 2 1 3
17991 Qd8 6 0 2
18002 Qb6 2 0 3
18001 Nc6 5 0 7
18001 cxd4 2 0 4
18000 Nc6 11 0 11
18000 Qb6 3 0 3
18003 Bxc5 6 1 4
18010 Bd6 5 0 1
18011 Qxd1 3 4 9
18013 Nf6 3 1 6
18015 Nc6 3 0 2
18018 Nf6 1 0 4
18019 Bg7 8 1 7
18020 Bg7 2 0 3
18021 Bg7 7 0 3
18022 h5 4 0 4
18022 d5 2 0 3
18024 Bb4 1 0 5
18027 Nc6 3 0 4
18028 c5 2 0 5
18033 Ng6 6 0 0
18034 c5 0 0 5
18035 Nc6 31 2 39
18035 Qb6 2 0 11
18035 Ne7 1 0 5
18036 Nc6 7 1 12
18038 c5 1 0 4
18039 c5 2 1 6
18039 fxe5 3 0 2
18041 Qd8 4 0 5
18043 Nf6 14 0 26
18043 Bd6 3 1 7
18043 c5 4 0 7
18043 Bg4 2 0 5
18043 Nc6 3 0 2
18044 Nf6 7 0 12
18044 c5 5 0 1
18044 Bd6 3 0 2
18048 Bg7 1 1 3
18049 Nf6 1 0 5
18051 Bxf5 2 0 4
18053 Bxg4 3 0 6
18054 dxc4 5 0 3
18055 Bxg4 1 0 4
18057 Kxf7 1 0 4
18058 h5 6 0 1
18063 dxe4 6 0 2
18059 dxe4 24 0 11
18060 dxe4 18 0 15
18061 dxe4 7 0 6
18062 Bxg4 1 0 8
18064 e6 4 0 2
18065 e6 2 0 7
18067 Ne7 6 1 2
18068 c6 5 1 4
18071 Ne7 3 0 2
18080 e6 6 0 10
18087 Ne7 1 0 4
18086 Ne7 3 0 2
18085 Ne7 13 0 4
18091 Nd7 4 0 4
18093 Ne7 5 0 3
18099 Bb7 5 0 0
18098 Bb7 5 1 2
18100 Bb7 2 0 3
18097 Bb7 5 0 5
18103 Nf6 4 0 1
18102 Nc6 4 0 3
18109 Ne7 5 1 2
18110 Ne7 4 0 3
18111 Ne7 5 0 1
18108 Ne7 6 0 4
18115 Bb7 2 0 3
18116 cxd6 3 0 2
18117 c6 0 1 4
18119 Bb7 4 1 3
18122 Ne7 4 0 1
18123 Nf6 4 0 2
18130 d6 4 0 1
18132 Nf6 4 0 5
18132 Nd7 8 0 0
18132 e6 6 0 2
18133 Nd7 7 0 2
18133 e6 2 2 2
18138 Ne7 10 0 4
18139 Ne7 4 0 2
18143 Nf6 3 0 3
18144 Nf6 4 0 2
18147 Nd7 2 0 7
18147 e6 5 0 2
18148 Ne7 4 0 3
18148 d6 1 1 3
18149 cxd4 1 0 5
18151 dxe5 4 0 3
18152 Qxd6 1 0 4
18150 dxe5 8 0 6
18154 Ne7 5 0 5
18157 Bb7 2 0 3
18158 Nf6 6 0 4
18158 Nd7 2 0 6
18158 e6 4 0 2
18159 Ne7 4 0 1
18160 dxe5 2 0 5
18164 Bb7 3 0 3
18163 Bb7 3 0 4
18165 Bg4 5 0 1
18167 Ne7 7 0 2
18169 dxe5 2 0 3
18170 e6 3 0 2
18171 Bg7 2 0 4
18174 Nf6 4 1 0
18187 Nc6 1 1 3
18188 g5 4 1 12
18188 Bg4 5 0 4
18194 Nc6 5 0 1
18195 Bb7 2 0 4
18197 Nc6 2 0 3
18199 Nf6 6 0 1
18200 g6 0 0 5
18202 Nc6 4 0 5
18204 Bd6 2 0 3
18215 e5 2 0 4
18217 Nd7 3 0 2
18223 Nc6 5 0 2
18227 Nc6 2 0 4
18230 Nxd4 7 0 1
18231 Nf6 2 0 3
18232 c5 0 1 4
18238 Qh5 7 1 3
18238 Qe7 3 0 5
18240 Qxe5 8 0 7
18241 Qxe5 4 0 2
18242 Qxe5 2 0 3
18244 Bc4 1 0 4
18246 Bc4 8 0 0
18245 Bc4 8 0 2
18248 Qxd4 13 1 2
18249 Bf4 3 0 4
18252 d3 6 0 7
18252 d4 4 0 2
18252 c4 2 0 4
18258 d3 5 0 2
18259 c3 3 0 3
18263 Nc3 5 0 1
18265 Nc3 3 1 5
18266 O-O 4 1 1
18267 d3 3 0 2
18269 O-O 5 0 5
18270 d3 2 0 3
18271 d3 3 0 2
18274 d4 3 0 3
18274 d3 0 0 6
18273 d3 5 0 16
18277 O-O 4 0 2
18275 Nxd4 3 1 4
18276 O-O 4 1 2
18281 d4 2 0 4
18289 d4 0 1 5
18288 d4 4 0 11
18288 c4 3 0 4
18287 d4 11 3 11
18290 d4 3 1 5
18293 e3 2 1 6
18297 Nf3 5 0 0
18300 Ng3 5 0 3
18303 Bg2 2 1 2
18307 Qxd4 3 1 3
18308 f4 3 1 2
18309 Bxc6 6 0 5
18310 Bxc6 1 0 4
18311 exf4 3 0 3
18314 c3 1 0 4
18317 Bxe5 2 0 4
18316 Bxb5 7 0 3
18318 c4 2 0 3
18319 h3 4 0 1
18321 bxc3 2 1 5
18322 g3 6 0 0
18323 f3 3 1 5
18324 Nf3 5 0 2
18325 d4 3 0 2
18328 g3 2 0 9
18329 Nd5 2 0 3
18330 g3 4 0 1
18332 Nf3 2 0 3
18336 Nf3 4 1 1
18335 Nf3 2 0 7
18337 d4 4 0 1
18337 g3 3 0 2
18341 Bg2 3 0 4
18344 Nxd4 2 0 3
18345 cxd5 2 0 3
18347 g3 6 0 1
18350 cxd5 4 1 2
18351 Bg2 4 2 6
18353 cxd5 4 0 2
18356 exd4 1 1 3
18358 g3 6 0 1
18359 Nf3 5 0 5
18359 Bg5 6 0 2
18359 e3 1 0 6
18363 g3 3 0 4
18364 g3 2 0 3
18370 c3 3 0 2
18371 e4 0 0 7
18375 e3 1 0 4
18377 Nf3 0 1 4
18378 Bxe5 6 0 1
18379 a3 5 0 3
18380 dxe5 4 0 1
18381 Qd2 3 0 2
18382 Qxf3 1 0 4
18383 Nb5 5 0 1
18384 e3 2 0 3
18385 Bxc3 4 0 1
18386 Bd2 1 0 5
18388 Qd2 9 0 2
18393 Nbxd2 2 0 3
18395 Nbd2 2 0 5
18395 O-O 4 0 2
18397 c3 4 0 2
18398 O-O 0 1 4
18400 c3 3 1 3
18401 c3 5 0 4
18402 c4 5 0 2
18406 Nbd2 4 1 0
18408 e3 5 0 4
18407 Bg5 6 0 7
18407 e4 3 0 9
18412 O-O 3 1 8
18413 O-O 2 1 2
18416 O-O 7 0 12
18415 O-O 7 1 9
18417 dxc5 2 0 3
18418 Qd1 16 2 24
18423 bxc4 6 1 7
18424 bxa6 9 2 5
18424 Nc3 6 0 7
18424 e3 5 1 4
18424 b6 5 0 4
18425 Bxc4 1 0 4
18427 e4 4 2 8
18429 cxd5 7 0 3
18430 e4 3 0 2
18433 Bxc4 4 1 0
18436 Nc3 5 0 1
18435 Nc3 5 0 2
18437 Bd2 3 0 2
18441 Bg5 5 0 1
18441 e4 0 1 4
18442 f3 8 0 3
18442 f4 4 0 6
18442 Nf3 5 0 4
18442 Bd3 2 0 4
18444 Bb2 2 0 3
18445 Qd1 7 0 7
18449 Nc3 1 0 5
18450 Qc2 6 0 0
18451 e3 13 0 14
18452 Bf4 5 0 9
18453 exd6 2 0 4
18455 Nh3 3 0 2
18456 a3 3 1 7
18456 e3 5 0 5
18456 Nf3 3 1 5
18457 e3 1 1 3
18462 Bxf6 1 0 4
18467 bxc3 4 1 5
18466 e3 4 0 2
18465 Bd2 3 0 3
18464 e3 4 1 4
18464 a3 3 0 3
18470 a3 11 1 1
18470 Nf3 4 0 1
18473 a3 2 0 3
18472 e3 3 0 2
18471 Nf3 3 1 1
18474 bxc3 18 1 33
18477 e3 4 0 2
18480 Nxd4 6 0 9
18481 cxd5 9 2 2
18483 Nf3 4 1 1
18482 exd4 6 0 2
18484 e3 3 0 6
18485 e4 3 1 1
18486 e3 4 1 2
18489 Bg5 2 0 4
18487 e3 1 0 4
18490 b4 3 0 5
18493 e4 4 1 0
18492 Bg5 4 0 1
18494 Nf3 4 1 2
18497 Nbxd2 5 1 3
18498 e3 0 0 5
18501 Bg2 3 1 9
18507 b4 3 0 2
18508 Nxd2 2 0 4
18510 cxd5 5 0 0
18513 Qd2 2 0 4
18515 e3 5 0 6
18515 e4 3 0 5
18514 Bg5 15 1 12
18514 e4 12 1 13
18514 e3 5 0 9
18514 g3 5 0 2
18514 Bf4 4 0 2
18519 Nf3 3 0 7
18518 Nf3 4 0 8
18518 Bd3 3 0 3
18521 e5 5 0 3
18521 Nf3 4 0 2
18522 d5 5 0 1
18520 Nf3 31 2 33
18520 f4 36 1 26
18520 f3 17 1 20
18520 Be2 8 1 5
18520 Be3 6 1 4
18520 Bd3 5 0 6
18520 h3 4 0 6
18520 e5 6 1 2
18524 Nxe4 3 0 5
18525 e3 4 0 6
18525 Qb3 7 0 3
18525 Bf4 4 0 5
18525 Bg5 6 0 3
18526 Nf3 2 0 5
18527 e4 34 8 41
18527 Nf3 5 1 5
18528 Nf3 10 2 24
18530 Nf3 3 0 2
18531 e4 2 2 1
18531 e3 2 0 3
18533 Bd3 2 0 3
18535 Bg2 4 1 1
18538 Nf3 6 1 4
18538 Nd2 3 0 2
18540 Nc3 2 0 6
18543 Bxd4 0 0 5
18544 Qxd4 3 0 5
18546 O-O 3 0 2
18548 O-O 3 1 4
18547 O-O 4 0 3
18549 Nd2 2 0 3
18551 f4 1 0 9
18552 dxe5 2 0 3
18554 O-O 1 0 4
18558 g3 5 0 1
18561 e4 4 1 0
18562 f3 5 0 2
18563 f3 6 3 3
18565 O-O 2 0 3
18566 O-O 8 1 2
18567 Bg5 0 1 4
18569 Bd3 5 0 7
18569 f3 2 0 3
18570 e4 5 0 2
18570 e3 3 0 2
18570 Bf4 1 0 4
18570 g3 5 0 0
18572 Be3 13 0 4
18572 f4 8 1 3
18572 Nf3 7 1 3
18574 Bg2 5 0 3
18577 O-O 7 0 3
18580 Be4 2 0 3
18581 Be4 11 0 3
18584 cxd5 2 0 4
18588 f4 5 1 4
18590 Qxa7 3 0 3
18589 Qxa7 3 1 4
18594 c3 3 0 3
18596 Nf3 2 0 3
18599 Qxd4 4 0 1
18601 Nc3 3 0 5
18602 Nc3 2 0 3
18600 Nc3 14 1 21
18600 Nf3 5 0 3
18603 cxd5 3 0 4
18606 e4 5 0 4
18610 e4 4 0 1
18609 cxd5 6 0 1
18608 e4 9 0 3
18611 Nc3 4 0 1
18612 e4 4 0 2
18618 cxd5 2 0 4
18620 Nc3 3 0 5
18619 Nc3 10 1 6
18625 cxb4 5 1 10
18633 Bg5 2 0 3
18632 Bg5 3 0 9
18635 Nf3 5 0 0
18637 Nf3 4 0 1
18642 Bg5 5 0 0
18643 Nf3 4 0 6
18646 Bf4 2 0 5
18646 Nf3 4 0 2
18647 Nf3 6 0 3
18648 Nf3 5 0 1
18653 Qxd3 4 1 5
18655 fxe5 2 0 4
18658 e3 0 0 5
18659 dxe5 12 0 5
18660 Nf3 2 0 4
18661 Bxd6 1 1 4
18661 Qd2 3 0 2
18662 dxe5 3 0 2
18663 Bxc6 1 0 4
18668 dxe5 7 0 2
18669 f3 6 0 0
18670 Nf3 1 0 4
18680 e3 2 0 6
18682 Nc3 3 0 7
18684 hxg3 5 0 1
18688 Bg3 4 0 1
18690 h3 5 1 2
18691 e3 6 0 1
18692 a3 7 0 0
18694 a3 10 0 1
18695 dxe5 9 1 2
18696 dxe5 10 0 2
18697 Qd2 8 0 1
18698 dxe5 3 0 2
18700 a3 20 0 1
18701 dxe5 33 1 7
18704 Bxf6 6 0 1
18703 Bxf6 9 0 2
18702 Bxf6 12 0 2
18707 Bg3 4 0 1
18706 Bxf6 4 0 1
18708 Qd2 25 0 7
18709 a3 16 0 1
18710 a3 4 0 2
18711 a3 4 0 1
18715 Nce2 5 0 1
18716 Ng3 11 1 2
18717 a3 5 0 3
18721 Nxe4 7 0 1
18723 Qd2 7 0 0
18722 Nb5 9 1 2
18724 Qd2 24 1 2
18728 Nb5 3 0 2
18726 Nb5 12 0 3
18725 Be5 11 0 6
18727 e3 6 0 0
18729 Nxe4 4 0 1
18730 exd4 12 0 2
18732 Nb5 6 0 2
18736 c4 3 0 5
18740 O-O 0 0 5
18742 Nc3 5 0 0
18743 Nf3 5 0 0
18744 Nxg6 2 0 3
18745 c4 4 0 2
18747 Bg2 4 0 2
18753 dxe5 4 0 1
18754 Bb5 2 0 3
18758 Bxc6 4 0 2
18760 O-O 4 0 1
18761 h3 2 0 3
18762 O-O 11 1 4
18763 Bb2 2 0 4
18764 Nc3 2 0 3
18770 O-O 5 0 1
18769 O-O 9 0 3
18771 Bd3 2 1 6
18775 Bg3 3 0 2
18783 Nc3 2 1 3
18787 Bxc4 4 0 1
18790 c3 2 0 3
18789 c3 3 0 2
18794 O-O 7 0 4
18798 O-O 4 0 1
18797 O-O 2 1 3
18796 O-O 7 0 1
18796 c3 2 0 3
18799 O-O 6 3 2
18801 Bg3 5 0 0
18802 Nc3 4 0 2
18810 exd4 5 0 1
18812 e3 5 0 4
18814 e3 3 0 2
18817 dxc5 5 1 3
18817 c3 4 0 1
18820 O-O 7 0 1
18821 Nc3 3 0 2
18822 Bb2 0 0 6
18823 Bb5 3 0 4
18824 O-O 3 0 3
18828 O-O 2 0 3
18826 O-O 3 1 2
18827 O-O 4 1 0
18829 O-O 5 0 0
18825 c3 3 1 2
18825 O-O 3 0 2
18831 O-O 3 0 2
18832 Qe5 2 0 3
18833 b4 3 0 3
18834 Bh4 4 0 1
18836 e4 6 0 0
18837 Bxc4 6 0 5
18838 Bxc4 26 0 8
18840 e3 3 1 1
18842 e3 3 0 3
18844 Qb3 4 0 2
18845 Bd2 3 2 3
18852 Qxd4 1 0 4
18853 Nc3 4 0 3
18859 Nf3 6 1 1
18860 Bxc4 4 0 3
18864 Bxc4 6 0 3
18867 e3 8 1 1
18867 cxd5 7 0 1
18867 Nf3 3 0 2
18869 e3 6 0 2
18869 Bg5 4 0 3
18871 e3 3 0 2
18870 e3 6 0 1
18875 Bd2 4 0 3
18875 Nf3 2 0 4
18875 a3 4 0 2
18878 e4 2 1 4
18879 e4 3 0 2
18880 e3 4 0 3
18882 bxc3 3 0 3
18884 e4 4 0 2
18886 Nc3 13 1 2
18886 Nf3 3 0 5
18885 Nc3 28 2 8
18885 e5 2 0 3
18888 e4 4 0 2
18892 cxd5 1 0 4
18894 e4 5 0 0
18895 Nc3 4 0 1
18905 e3 2 0 4
18904 e3 7 0 1
18910 Bg5 8 1 6
18910 e3 4 0 7
18911 Bg5 7 0 2
18911 e3 2 1 5
18913 e4 3 1 2
18913 a4 3 1 2
18909 Bg5 14 0 7
18909 e3 4 2 5
18909 cxd5 3 0 2
18912 e3 4 0 4
18915 e4 2 1 2
18914 Nf3 12 1 13
18916 Nf3 7 1 7
18919 Nf3 2 0 3
18917 Nf3 6 0 8
18921 e4 6 0 2
18922 a4 4 0 7
18923 a4 3 1 3
18924 Ne4 5 0 1
18929 e3 1 1 3
18926 Bg5 15 1 9
18926 e3 4 0 4
18927 a4 4 0 1
18927 e3 1 0 4
18933 Nf3 7 0 3
18935 Nf3 6 0 4
18937 Nxe4 6 0 2
18944 e3 3 0 3
18943 e3 2 0 3
18942 a4 7 0 1
18940 e3 8 0 7
18940 Bg5 3 2 4
18940 g3 2 1 2
18941 e3 4 0 4
18945 Bg2 4 0 1
18946 a4 3 1 1
18952 Nf3 6 0 6
18950 Nf3 12 0 6
18950 Bg5 3 2 4
18951 Nf3 14 1 5
18953 Nc3 2 0 3
18957 Nf3 7 0 0
18956 c5 4 0 1
18960 Nf3 3 0 2
18961 Be2 3 1 3
18970 Bxc4 5 0 1
18971 Bxc4 10 0 6
18972 e3 7 1 2
18975 e4 5 1 2
18978 Bxc4 10 1 2
18977 Bxc4 11 0 3
18979 d5 5 0 2
18980 Bxc4 4 0 1
18987 Bxc4 4 1 3
18988 Bxc4 6 2 0
18985 Bxc4 8 1 8
18985 a3 6 0 4
18990 f3 5 0 8
18991 d5 4 0 3
18992 d5 4 0 1
18989 Bxc4 16 0 5
18989 a3 2 0 3
18993 e4 0 2 3
18996 a4 9 1 3
18997 a4 3 1 4
18998 Nc3 7 0 2
18999 exd4 6 0 1
19003 a4 11 0 1
19004 a4 7 1 3
19006 e4 4 0 2
19007 exd4 4 1 1
19009 Bg5 4 0 2
19011 e4 7 1 0
19011 e3 4 0 2
19013 Bxc4 10 0 3
19014 Bxc4 7 0 7
19015 Bxc4 6 0 1
19016 Bxc4 15 0 11
19016 Qa4 1 0 5
19019 Nf3 5 0 0
19017 Bxc4 8 2 0
19018 Bxc4 4 0 4
19018 a4 3 0 2
19021 Bxc4 3 0 2
19020 Bxc4 5 0 1
19024 Bxc4 4 1 1
19026 Bxc4 2 0 4
19027 Nf3 1 0 4
19028 Bf4 3 0 2
19032 Bxc4 1 1 3
19034 Nf3 2 0 3
19037 Bxc4 3 0 2
19036 Bxc4 2 0 5
19038 Nc3 4 0 4
19038 Nf3 6 0 2
19039 Nc3 1 0 4
19043 Nf3 3 0 2
19042 Nf3 7 0 0
19042 Nc3 5 0 1
19041 Nf3 14 0 8
19041 Nc3 3 2 5
19041 a3 3 0 2
19046 a4 10 0 3
19047 a4 9 0 2
19053 axb5 5 0 3
19050 axb5 11 0 7
19052 axb5 7 0 5
19051 Qxa4 6 0 3
19049 axb5 70 1 11
19049 b3 3 1 4
19055 exd4 6 1 2
19057 Bd2 4 0 4
19057 Nc3 3 0 4
19060 Nf3 4 1 0
19056 Nc3 6 1 6
19056 Nf3 2 0 5
19058 Nf3 3 0 2
19059 Nf3 4 0 2
19063 Bf4 4 1 1
19065 f3 3 0 2
19064 Bxc4 8 0 2
19066 Bxc4 7 0 5
19067 a4 3 0 4
19067 Bf4 4 0 2
19070 axb5 2 0 3
19069 axb5 8 0 5
19069 b3 2 2 2
19071 Bxc4 6 0 2
19072 Nf3 3 0 2
19074 Nc3 8 0 2
19075 Bxc4 3 1 1
19079 Nc3 6 0 4
19079 Bd2 6 0 1
19078 Nf3 13 1 5
19077 Nc3 9 0 5
19077 e5 4 0 3
19080 a4 5 1 1
19083 e4 5 0 2
19085 Qxd5 1 2 2
19084 cxd5 5 0 1
19086 Qxd8 2 1 2
19087 Qxd4 4 1 3
19089 g3 18 0 6
19089 e3 5 1 10
19089 a3 6 1 5
19089 Nbd2 6 0 1
19089 Bg5 4 0 1
19092 Bd2 3 0 7
19093 Nf3 3 0 2
19094 f4 3 0 2
19099 Bxc3 1 0 5
19098 e3 3 0 2
19101 bxc3 10 0 3
19100 e3 6 0 5
19100 e4 6 0 2
19104 bxc3 5 2 4
19106 bxc3 3 0 2
19105 Nf3 7 0 5
19105 a3 3 0 2
19107 bxc3 5 0 6
19110 Bf4 3 0 5
19116 e3 5 1 1
19113 e3 39 6 22
19113 Nf3 21 0 13
19113 Bxf6 8 0 4
19113 cxd5 5 0 5
19115 e3 4 0 4
19115 Nf3 1 1 5
19114 e3 8 0 2
19114 cxd5 3 1 3
19117 e4 5 0 2
19118 Bh4 5 0 1
19121 Bg5 15 0 10
19121 e3 8 0 4
19120 Bf4 15 2 6
19120 Bg5 13 0 10
19120 e3 8 0 11
19126 Bg5 4 1 1
19124 Bg5 4 0 3
19125 e3 4 0 2
19125 Bg5 2 0 4
19122 e3 11 1 3
19122 Bg5 5 1 1
19123 Bg5 9 1 3
19123 e3 7 0 1
19127 e3 3 0 2
19132 e4 8 2 7
19131 Bg5 17 3 6
19131 Nf3 5 0 5
19131 e3 5 0 3
19134 Bd2 15 0 3
19134 Nf3 6 0 2
19133 Nf3 7 1 12
19133 a3 6 1 1
19137 Nf3 3 1 1
19135 Nf3 12 1 7
19136 Nf3 3 0 7
19140 Nf3 8 0 3
19140 dxc5 5 0 5
19142 Nf3 3 0 2
19141 exd4 4 0 2
19143 Bg5 19 2 7
19143 e3 4 1 4
19144 Bf4 6 0 2
19144 e3 1 0 4
19148 Nf3 4 1 1
19151 Nf3 7 0 4
19150 a3 7 0 1
19152 Nxe4 4 0 2
19156 Bxc4 6 0 1
19157 Bxc4 4 0 2
19160 Bxc4 3 0 2
19159 Bxc4 4 0 8
19162 Bxc4 1 0 4
19165 Nbxd2 3 1 3
19166 Nc3 5 0 4
19166 e3 6 1 0
19166 Bxf6 2 0 3
19168 a3 5 0 2
19168 Bd2 3 0 2
19169 e3 5 0 3
19170 e3 3 0 3
19171 e3 2 0 3
19176 Bg2 6 0 5
19177 Bg2 3 0 2
19179 e3 2 0 4
19183 dxc5 1 0 6
19184 c5 1 0 4
19185 cxd5 5 0 0
19186 Bd2 1 0 8
19187 bxc5 3 0 3
19189 Bd2 4 0 1
19188 Nf3 5 0 0
19193 Nf3 1 0 7
19191 Nf3 6 0 7
19191 Bg5 10 0 3
19192 Nf3 1 0 6
19198 Nxd2 3 0 3
19200 Nf3 3 1 2
19201 Nf3 3 0 2
19199 Nf3 7 0 3
19199 cxd5 2 0 4
19210 cxb6 5 0 6
19220 e4 2 0 3
19221 e4 2 1 3
19224 Qb3 3 0 2
19231 Qxd3 2 0 3
19241 Nf3 5 0 1
19242 Bd2 4 0 3
19243 c3 5 0 4
19246 Nc3 1 1 4
19253 Nf3 3 0 2
19255 c3 6 0 1
19258 Nf3 5 0 4
19262 Nc3 6 0 1
19263 c3 5 0 1
19264 Bc2 6 0 2
19270 cxd5 3 0 3
19277 Bd3 3 0 5
19279 Bd3 3 0 2
19280 Bd3 4 0 3
19281 exd4 6 0 1
19283 Bd3 8 0 1
19285 Qxf3 6 0 0
19286 Qxf3 8 0 7
19286 Nxf3 2 0 4
19288 g4 2 0 4
19287 Qxf3 42 1 33
19287 Nxf3 6 1 10
19289 Qxf3 4 1 9
19292 Bc4 4 0 1
19291 Bc4 2 0 4
19291 Bd3 3 0 2
19293 Bd3 6 0 0
19295 Nc3 2 0 3
19297 h4 3 0 6
19298 g5 6 0 2
19302 g5 3 0 3
19303 fxg4 2 0 3
19304 c3 3 0 2
19305 e5 4 0 1
19306 g5 0 0 5
19307 Qxd4 7 0 1
19309 fxg4 1 0 4
19312 e3 2 1 2
19315 O-O 2 0 3
19316 e4 3 0 2
19318 e4 3 0 2
19319 d5 8 1 12
19319 Nf3 4 0 4
19319 dxe5 3 0 3
19320 Bg5 3 0 3
19320 e4 4 0 1
19321 f4 8 1 0
19322 Qd1 4 1 3
19328 e4 3 1 3
19328 e3 2 0 3
19329 Be3 6 0 2
19330 f4 2 0 3
19332 d5 6 0 1
19334 Nf3 7 0 0
19336 Nc3 8 1 6
19336 Nf3 4 0 2
19338 Bd2 2 0 6
19338 Nbd2 2 1 3
19338 Nc3 0 0 6
19339 Nxe5 4 0 2
19341 Nc3 5 0 3
19345 Nf3 5 0 0
19346 Nf3 2 0 3
19347 g3 2 0 3
19351 Nf3 4 0 1
19353 e3 0 0 5
19358 Qe5 2 0 3
19359 e3 2 0 5
19360 e3 0 0 8
19361 h3 2 0 3
19363 Bg5 7 1 1
19366 e3 5 0 1
19367 c3 3 0 2
19368 e3 7 0 9
19370 Bg3 4 0 1
19373 Nbd2 2 0 4
19372 Nbd2 1 1 5
19374 Nbd2 4 0 1
19377 O-O 2 0 3
19378 Bb2 3 0 2
19381 O-O 4 0 2
19382 Nc3 5 0 1
19383 Qd2 4 0 2
19384 Nb5 2 0 3
19387 Nf3 3 0 2
19388 e4 3 0 5
19388 e3 2 1 3
19389 Bd3 2 0 4
19389 Nf3 4 0 1
19390 e3 2 0 5
19390 e4 2 0 3
19391 f4 4 1 2
19393 bxc3 3 0 8
19399 Be3 11 0 2
19401 Bd3 4 1 3
19404 Qd1 11 1 5
19407 e4 2 0 4
19409 Nc3 2 1 2
19411 Nc3 8 0 2
19410 Nc3 9 0 1
19410 e4 5 1 3
19412 Nf3 7 0 4
19416 Nf3 3 0 2
19417 e3 11 0 13
19417 Nf3 0 0 5
19417 cxd5 4 0 1
19419 Bg5 15 2 13
19419 Bf4 10 2 9
19419 e3 5 0 9
19419 g3 4 1 6
19419 cxd5 3 0 2
19421 e3 3 0 2
19424 Bg5 14 1 6
19424 Nf3 7 1 4
19424 Bf4 2 0 3
19425 a3 8 1 3
19425 Nf3 5 2 5
19425 cxd5 2 0 3
19428 exd4 4 0 2
19429 Bg5 5 0 0
19431 e3 5 0 0
19432 e4 4 0 2
19438 Bxc4 6 0 2
19439 Bxc4 3 0 2
19441 Bxc4 11 0 3
19444 Bg2 3 0 6
19445 Bg2 3 1 1
19446 Bg2 3 1 1
19449 Nf3 4 0 1
19451 Bg5 4 0 3
19451 Nf3 3 0 3
19458 Nf3 3 0 9
19464 e4 3 0 2
19465 Bg5 3 0 2
19468 Nd2 1 0 4
19469 O-O 3 0 2
19470 cxd5 1 1 6
19473 Bd3 2 0 3
19474 exd4 1 1 4
19475 Nf3 1 0 4
19479 f4 2 0 3
19484 Nf3 4 0 10
19484 Bb5 3 0 4
19484 Be3 4 0 3
19486 cxd4 4 0 2
19487 Nxe5 5 0 4
19488 fxe5 4 1 1
19490 Bd3 2 0 4
19497 e3 2 0 3
19501 f4 3 1 1
19502 Bg2 2 1 3
19506 Bxc7 9 0 1
19507 Qd2 6 0 1
19509 O-O 2 0 3
19510 O-O 1 0 4
19511 f4 2 0 3
19514 Nf3 2 0 4
19515 Nxd4 1 0 4
19516 bxc3 3 0 2
19517 exd4 5 0 6
19518 Nf3 4 0 1
19521 Be3 4 0 1
19521 f4 3 1 1
19525 Nf3 5 0 3
19529 fxe5 3 0 6
19531 f4 2 1 5
19532 dxe5 1 0 4
19533 f4 5 1 8
19534 O-O 2 0 3
19535 Nf3 4 0 10
19536 Nf3 3 0 2
19539 Qxf3 1 0 4
19541 b3 6 1 2
19542 Qe2 6 0 5
19543 Nh3 1 0 4
19544 c4 4 0 4
19548 Bg2 2 0 3
19552 Nc3 5 0 3
19551 Nc3 6 0 2
19554 Bg2 6 0 1
19560 Bg2 4 0 1
19563 Bd3 3 0 2
19566 Nxd4 1 0 4
19567 Bc4 6 1 3
19567 d4 6 0 1
19567 Bb5 3 0 3
19571 O-O 4 1 5
19571 d3 4 0 2
19574 Nxc6 3 0 3
19576 Qxd4 4 0 3
19583 Be2 1 1 3
19585 Nc3 2 0 5
19586 Nc3 7 0 7
19587 Qxf3 4 0 1
19588 Qe2 4 0 3
19588 d4 2 0 5
19588 d3 4 0 2
19589 bxc3 3 0 4
19590 Nf3 1 0 4
19592 Nf3 1 0 4
19593 fxg7 2 1 7
19593 fxe7 1 0 5
19595 bxc3 0 1 5
19594 h3 1 1 3
19597 Nf3 22 2 22
19597 d4 10 0 10
19597 c4 8 1 3
19597 d3 3 0 3
19599 bxc3 4 0 1
19603 Nxd4 6 0 3
19606 Kxd1 1 0 4
19607 c3 2 0 6
19608 Nf3 3 0 4
19609 d4 4 0 2
19617 d4 2 1 3
19618 exd6 2 0 8
19619 exd6 11 0 11
19619 d4 3 0 2
19620 a5 2 0 3
19621 Bc4 15 0 19
19621 Nc3 11 0 4
19621 d4 5 3 7
19623 c5 3 0 2
19622 exd6 25 4 26
19622 f4 16 1 20
19622 Nf3 6 0 7
19624 exd6 2 0 7
19625 exd6 3 0 5
19625 f4 2 0 4
19626 Nf3 1 1 5
19628 Bb3 4 0 3
19631 Be2 2 0 5
19630 Nxe5 6 1 3
19630 dxe5 2 0 3
19634 exd6 16 1 26
19634 f4 16 1 12
19634 Nf3 4 1 10
19635 Nf3 9 0 0
19635 c4 3 0 4
19641 Nf3 7 0 1
19642 O-O 4 2 5
19646 O-O 5 0 4
19647 O-O 6 0 5
19649 Rxa8 2 1 5
19650 Nd5 1 1 3
19653 Qf3 4 1 2
19655 Qf3 3 1 2
19654 Qf3 5 0 0
19656 Nf3 4 0 2
19658 f4 2 0 4
19659 f4 4 1 1
19661 Ng5 3 0 3
19667 Ng5 8 0 0
19671 d3 1 0 4
19673 Re1 4 0 4
19676 Nxd4 2 0 8
19677 d3 3 0 3
19678 Bd3 12 1 21
19678 Bd2 11 1 3
19678 e5 3 0 2
19679 e5 1 0 5
19683 d3 3 0 8
19685 Be3 9 0 8
19685 e5 12 0 4
19685 Bd3 8 0 4
19685 Bc4 6 0 2
19685 d5 3 1 1
19688 Bd2 3 0 2
19693 Qd2 4 0 3
19697 f3 4 1 2
19704 Ne2 3 1 2
19705 Be3 5 1 2
19706 O-O 7 0 1
19707 Ne2 4 0 1
19708 Be3 2 0 3
19709 Nf3 2 0 3
19711 Bd3 7 1 8
19711 Bd2 1 0 4
19712 Bd3 4 0 2
19714 Bd2 1 0 5
19716 Nf3 3 0 3
19718 Bc4 12 0 3
19718 Be3 6 0 2
19719 Nf3 1 0 4
19720 exd5 4 0 1
19723 cxd5 5 0 2
19723 exd5 3 0 2
19727 Nc3 4 0 5
19728 Nc3 3 0 2
19730 Bd3 2 0 3
19732 Be2 2 0 3
19735 Qxc5 2 0 3
19736 Nf3 2 0 3
19740 Bg5 3 0 3
19742 d3 6 0 2
19743 Nxd4 5 0 2
19746 exd5 4 0 5
19747 exd5 2 0 3
19749 Nxd4 4 1 10
19752 Qxc4 1 0 4
19756 Qh4 2 0 4
19756 Qh3 0 0 5
19757 Qf3 3 1 2
19758 Qd1 3 1 2
19762 exd5 1 0 6
19763 d3 1 0 4
19764 exd5 1 1 3
19765 cxd4 4 0 1
19769 Nxe5 2 0 4
19770 Be6 2 0 4
19773 d3 4 0 2
19774 Bb5 3 0 2
19783 Be2 4 1 2
19784 Ba2 6 0 1
19786 Nf3 1 0 5
19789 exd5 3 0 5
19793 Nxd4 4 0 4
19795 Ba2 1 0 4
19798 Be2 2 0 3
19797 Nxd4 2 1 3
19799 Bb5 19 0 19
19799 Qe2 3 1 4
19799 Be2 4 0 3
19801 Bb3 0 0 5
19802 Ba2 7 1 4
19804 Bb3 8 0 6
19804 Bb5 2 1 4
19805 Qd1 9 0 10
19805 Qe3 0 0 5
19805 Qd3 1 0 4
19807 Nf3 3 0 3
19811 Nxd4 6 1 5
19813 Bxc6 4 0 2
19814 Nxd4 9 1 8
19815 Bxc6 1 1 6
19816 O-O 3 0 2
19817 Nxd4 4 0 4
19818 e5 4 0 1
19819 Ne2 10 0 4
19819 d3 4 0 1
19820 d3 4 0 1
19821 Be3 2 0 5
19824 Nxd4 2 0 4
19825 Nxd4 5 0 5
19825 Qxd4 3 0 4
19826 Nxd4 4 1 5
19827 Qxd4 1 1 6
19830 d3 5 0 2
19830 h3 5 0 2
19831 Ne2 5 0 0
19832 Nxd4 4 0 5
19833 Nxd4 6 3 3
19834 d4 9 3 4
19836 d4 2 0 3
19837 Rb1 4 0 6
19839 d3 4 1 3
19839 O-O 2 0 3
19845 Bxc6 2 0 3
19846 O-O 14 0 10
19846 d3 6 1 12
19846 d4 5 1 7
19846 Nc3 6 0 2
19847 O-O 5 2 4
19847 Nc3 3 0 2
19848 O-O 11 1 10
19848 d3 5 2 10
19848 d4 5 1 5
19848 c3 4 0 2
19851 Qxd4 3 2 1
19851 Nxd4 1 3 2
19853 O-O 9 1 6
19853 d3 5 0 2
19853 d4 3 1 2
19853 e5 4 0 1
19856 Nxd4 2 0 3
19857 O-O 10 0 3
19857 d3 2 0 5
19857 d4 2 1 4
19857 Nc3 2 0 3
19858 O-O 1 1 6
19860 c3 6 1 4
19865 Nc3 4 0 2
19873 Nxd4 1 0 6
19874 Nc3 3 1 2
19874 d3 3 0 2
19877 d3 3 0 5
19876 d4 3 1 3
19876 a4 3 0 3
19879 a4 1 0 4
19881 exd5 6 0 2
19886 d3 2 1 9
19885 d3 8 0 2
19887 exd5 2 0 5
19889 d4 3 2 6
19888 exd5 4 1 12
19891 a3 2 0 6
19892 exd5 2 1 5
19895 Nxd4 38 2 38
19896 exd5 4 2 3
19901 c3 3 0 4
19902 c3 2 0 6
19903 d4 5 0 3
19905 Nxd4 3 1 9
19907 Nxd4 2 0 3
19908 Nxd4 2 0 3
19909 O-O 10 1 3
19913 Nxd4 9 3 15
19914 Bxc6 0 0 5
19914 d3 1 0 4
19917 Bxc6 1 1 3
19920 Nxd4 24 2 21
19923 O-O 3 0 3
19924 Nxd4 10 0 21
19926 d4 4 0 3
19928 cxd4 0 0 5
19931 d4 6 0 4
19932 cxd4 4 3 17
19935 cxd4 5 0 13
19936 cxd4 5 1 6
19937 exd5 3 0 3
19938 cxd4 8 0 6
19940 Nxd4 2 0 3
19942 Qxd4 6 0 1
19952 Nc3 3 0 4
19945 Nc3 106 6 100
19945 Nxc6 11 4 42
19945 f3 4 0 3
19948 Qxd4 73 3 51
19951 Nc3 3 0 7
19951 Nxc6 2 0 3
19950 Nc3 7 1 7
19950 Nxc6 4 1 5
19947 Nc3 30 2 27
19947 Nxc6 7 1 15
19947 Bb5 5 0 7
19947 c4 4 0 8
19947 Be3 6 0 2
19947 Be2 2 1 4
19947 Bc4 2 0 4
19944 Nxc6 57 7 73
19944 Nb5 57 5 38
19944 Nb3 22 2 23
19944 Nf3 8 1 16
19944 Nf5 11 0 9
19949 Nc3 29 2 21
19949 Nxc6 17 0 15
19949 Bb5 5 0 5
19949 c4 5 0 3
19949 Be2 4 0 2
19946 Nc3 47 2 41
19946 Nxc6 20 1 22
19946 Be3 14 0 11
19946 c4 8 1 6
19946 Bc4 5 1 7
19946 b3 2 0 3
19946 Be2 2 0 3
19956 Nxc3 14 0 12
19957 Nc3 2 0 4
19958 Nxe5 4 0 1
19959 Qxd8 6 0 2
19960 exd5 19 0 4
19964 Nxd4 3 0 4
19965 cxd4 3 0 2
19966 Nc3 7 0 3
19969 Nf3 3 2 2
19974 Nxd4 3 0 2
19975 Nc3 18 0 9
19976 Be2 4 1 1
19977 O-O 12 3 12
19977 d4 9 1 11
19977 Nc3 3 1 5
19978 O-O 12 1 7
19978 d4 4 2 10
19978 c4 4 1 0
19980 Nxb5 3 0 2
19982 Bxd7 3 0 4
19984 O-O 10 0 4
19984 d4 5 0 5
19984 d3 1 0 5
19986 Bxc6 2 0 3
19985 Nxd4 3 0 7
19989 Ng5 1 0 4
19992 d3 2 1 5
19999 Nxd4 10 3 20
20000 d3 4 0 3
20004 d3 7 0 2
20006 Nc3 3 0 3
20006 O-O 1 0 4
20006 a3 2 1 2
20009 Nxd4 4 0 1
20009 Qxd4 3 0 2
20010 Nxe5 3 1 7
20013 d4 0 0 7
20015 Nc3 2 2 4
20019 d3 6 0 5
20020 d3 4 0 2
20022 d4 1 0 4
20021 d4 1 0 5
20026 Nxd4 9 0 28
20026 Qxd4 5 1 4
20027 d4 2 0 5
20027 O-O 1 0 5
20028 O-O 2 0 4
20028 d4 0 0 5
20032 Nxd4 17 2 24
20033 Qe2 2 0 3
20036 Nxd4 22 3 40
20036 Qxd4 3 2 4
20038 Nxd4 5 0 12
20041 Nxd4 2 1 12
20042 Nxd4 2 0 7
20046 cxd4 19 4 15
20048 d4 5 0 2
20052 Nxe5 4 0 8
20053 cxd4 4 0 1
20054 cxd4 5 0 1
20055 cxd4 2 0 8
20060 Qxd8 4 0 1
20068 Nc3 3 0 2
20063 Nc3 46 5 35
20063 Nxc6 7 0 16
20063 Bb5 8 1 8
20063 Be3 9 1 2
20063 c4 7 0 2
20063 Nb3 3 0 2
20063 Bc4 3 0 2
20062 Nc3 308 21 329
20062 Bb5 19 1 13
20062 Bd3 13 0 18
20062 f3 11 0 6
20062 Bg5 2 0 5
20062 Bc4 1 0 5
20069 Nc3 1 0 4
20065 Nc3 26 2 16
20065 c4 3 0 4
20065 Bd3 0 1 5
20064 Nf3 15 2 13
20064 Nb5 12 0 4
20064 Nb3 9 0 4
20064 Nc3 3 0 4
20064 Nf5 3 0 3
20064 Bb5 4 0 1
20067 Nc3 5 1 8
20066 Nc3 7 2 16
20066 Be3 4 0 1
20070 Bb5 15 2 13
20070 Qd1 3 0 5
20070 Qa4 1 0 4
20071 e5 9 0 2
20072 Nc3 2 0 4
20073 Nxc3 5 0 5
20077 e5 4 0 1
20078 exd5 3 0 2
20080 Nxd4 3 0 11
20081 Be2 1 1 3
20082 Be2 1 0 5
20083 Ba2 2 0 3
20084 Be2 2 0 6
20085 Bb5 12 0 9
20085 Qe2 7 0 2
20085 Be2 4 0 3
20087 Nxd4 15 1 15
20089 Nxd4 19 0 26
20089 Qxd4 0 0 5
20091 Nxe4 3 0 2
20092 d4 11 0 11
20092 Bb5 2 0 3
20093 Nxd4 2 0 3
20095 Bb2 5 1 3
20096 cxd4 4 1 11
20098 cxd4 5 0 2
20099 d4 4 0 3
20100 d4 8 0 4
20103 exd5 3 0 2
20105 exd5 5 0 2
20106 c4 4 0 3
20111 Be3 7 2 8
20111 Nb3 5 0 8
20108 Nc3 76 3 33
20108 Nxc6 23 3 22
20108 Be3 4 0 8
20108 Nb5 8 0 4
20108 c4 5 0 5
20108 c3 4 1 3
20108 Bb5 5 0 3
20108 Nf3 2 0 4
20108 Be2 3 0 3
20110 Nc3 21 4 29
20110 e5 2 0 9
20110 Bd3 3 0 5
20109 Nc3 51 5 63
20109 c4 13 0 16
20109 Bd3 11 1 7
20109 Be3 8 0 6
20109 Be2 4 0 4
20109 Bc4 3 0 5
20115 Qd1 5 0 2
20115 Qa4 1 0 4
20116 Nxc3 4 1 7
20117 exd5 7 0 9
20119 dxc5 15 1 22
20119 Bb5 4 3 9
20119 Nc3 7 0 6
20119 Qe2 3 0 2
20121 c3 7 2 2
20122 O-O 2 0 3
20125 O-O 4 0 3
20127 Nxd4 5 0 8
20128 Nxd4 3 0 2
20129 cxd4 20 1 11
20131 Nc3 36 0 39
20131 Be3 11 0 17
20132 Be3 4 0 8
20132 Nc3 6 0 5
20133 e5 7 0 3
20136 d3 1 0 4
20137 c3 3 0 3
20143 e5 2 0 4
20141 e5 6 0 4
20141 exd5 5 0 0
20142 d5 1 1 4
20142 Nf3 4 0 1
20140 Nf3 6 1 7
20140 Nc3 4 0 2
20145 cxd4 1 0 6
20146 Nf3 2 1 7
20147 cxd4 3 0 2
20149 Nf3 2 0 4
20149 Be3 3 0 2
20148 Nc3 7 0 7
20148 Bd3 2 0 7
20150 Nf3 0 0 5
20153 Qxd4 1 0 8
20154 e5 1 0 4
20156 Nf3 2 0 3
20157 Nc3 3 0 2
20162 Nxd4 1 0 4
20163 Nxd4 1 0 6
20166 h3 3 0 3
20168 O-O 2 0 3
20171 Be2 4 0 1
20174 O-O 4 0 3
20173 O-O 4 1 2
20178 Qxd4 6 0 1
20176 c4 4 0 1
20175 Nb5 9 1 0
20177 Nxc6 3 0 2
20183 Bb5 0 0 7
20184 Nf3 2 0 5
20184 Bb5 2 0 3
20191 Nf3 2 0 3
20193 Nc3 3 0 2
20195 Nc3 7 1 22
20195 Bd3 5 1 8
20197 Bb5 5 0 6
20197 Nc3 3 1 7
20197 f4 4 1 1
20197 Nf3 3 0 3
20196 Nf3 5 0 7
20196 Nc3 5 1 4
20196 Bb5 2 0 5
20196 f4 5 0 2
20198 f4 2 0 5
20198 Nc3 1 0 4
20199 Nc3 3 1 3
20199 Nf3 1 0 4
20199 f4 2 0 3
20208 Nc3 2 1 8
20206 Nc3 4 1 7
20209 Nc3 3 0 3
20210 Nc3 2 0 4
20211 e5 2 1 4
20212 Nf3 1 0 4
20213 Nf3 5 0 4
20214 Bxb2 13 0 15
20215 Qb3 2 0 5
20218 Nf3 21 0 18
20218 Bc4 8 0 10
20220 Nf3 5 0 4
20220 Bc4 6 0 2
20219 Nf3 6 0 7
20219 Bc4 4 0 2
20219 Bf4 2 0 3
20221 Bc4 5 0 1
20225 e5 1 0 5
20225 exd5 0 0 5
20227 Nc3 4 0 1
20228 c4 3 0 4
20232 Nc3 5 0 4
20234 O-O 4 0 3
20238 Nxd4 5 1 6
20240 exd5 6 0 2
20242 Nxd4 6 1 2
20243 O-O 3 0 6
20243 Ng5 3 1 1
20245 d4 2 0 3
20246 Nxd4 2 2 2
20249 Be2 2 0 3
20251 Nf3 12 0 10
20252 Be2 7 1 3
20256 d3 5 0 3
20259 d3 3 1 1
20262 Nxd4 2 0 5
20264 O-O 3 0 4
20265 Nxd4 2 0 3
20267 c3 3 0 4
20269 Bb5 10 2 11
20269 d4 6 1 9
20270 d4 4 0 8
20272 d4 5 1 9
20272 Qf3 4 0 4
20272 Nf3 3 0 4
20272 a3 3 0 2
20271 d3 5 0 7
20271 d4 6 0 5
20271 Nf3 4 0 4
20271 Qf3 6 0 1
20271 h3 3 1 1
20273 d3 6 0 0
20274 Nc3 4 0 1
20276 Bxd7 17 5 21
20276 Qe2 9 1 3
20277 Bxc6 12 0 8
20277 Nf3 6 0 6
20278 Bxd7 1 1 3
20279 Bb3 3 0 3
20280 Ng3 3 0 2
20283 d4 1 1 3
20286 Nf3 4 1 6
20285 Nf3 4 2 3
20285 a3 3 0 2
20288 Nbc3 0 0 5
20291 d3 2 0 8
20291 Ng3 4 0 2
20294 Ng3 1 0 5
20293 Bd3 5 0 1
20292 Nxf6 3 2 5
20296 e5 3 0 5
20297 c3 3 0 3
20298 Nxf7 5 0 6
20299 Kxd1 3 1 4
20301 Bd3 12 2 7
20301 h3 1 0 7
20301 c3 1 0 5
20301 c4 4 1 0
20303 d4 2 0 6
20303 O-O 3 0 3
20304 Be2 7 2 17
20304 h3 7 0 14
20305 Be2 4 0 3
20306 Qxf3 4 0 1
20312 Bxd7 9 1 8
20312 Qe2 1 1 4
20311 Bxc6 5 2 8
20311 O-O 5 0 5
20313 O-O 2 0 3
20316 h3 0 0 5
20315 d4 1 0 9
20314 d4 9 0 8
20314 Bb5 2 0 3
20317 cxd5 6 2 5
20323 Nc3 5 0 5
20323 Bd3 4 2 1
20321 Be2 24 3 22
20321 h3 10 3 6
20321 Bd3 4 0 6
20321 Bb5 4 0 5
20321 Nc3 3 0 4
20321 c4 4 0 1
20319 Nc3 28 3 36
20319 Bb5 24 3 18
20319 Bd3 14 0 21
20319 c4 12 1 22
20319 c3 10 0 13
20319 Be2 5 0 4
20319 Be3 3 1 2
20320 Nc3 22 2 35
20320 Bd3 12 0 19
20320 c4 9 0 9
20320 Bb5 6 1 4
20320 Be2 5 0 4
20320 Bg5 1 0 7
20320 c3 5 0 2
20320 h3 4 0 3
20322 Nc3 6 2 4
20322 Bd3 7 0 0
20324 Bb3 2 1 2
20329 Nc3 5 0 3
20331 Nc3 3 0 4
20333 Kxd1 3 0 5
20337 f4 7 1 1
20339 Ng3 37 5 33
20339 Bd3 3 0 4
20341 Nf3 6 1 9
20340 Nxf6 14 0 11
20340 Ng3 6 1 7
20340 Ng5 3 0 4
20343 Nxf3 4 1 5
20344 Ng3 9 0 5
20346 f3 2 0 3
20348 Bxg6 4 0 2
20347 Qxd3 52 2 53
20347 cxd3 2 0 3
20349 Bxf5 4 0 1
20350 h4 19 1 16
20350 Nf3 3 0 7
20353 Bd3 17 0 23
20353 Be2 9 0 10
20353 c3 4 0 4
20353 Nc3 3 0 4
20353 Bg5 3 0 3
20353 c4 3 0 2
20353 h3 3 0 2
20353 a3 3 2 0
20357 h3 2 1 3
20358 Nc3 3 0 2
20359 Nf3 9 0 10
20359 Bd3 4 0 4
20361 f3 7 0 1
20360 h4 8 0 1
20360 f4 2 0 4
20362 g4 3 0 3
20363 g4 6 0 2
20368 c3 7 1 4
20372 Nf3 4 1 3
20373 c3 5 0 2
20375 Qd3 2 0 4
20375 Bxd7 1 0 4
20374 Nf3 2 0 3
20376 c3 20 3 22
20377 Bf4 2 2 4
20377 c3 6 0 2
20377 Ne2 3 0 4
20377 Nf3 2 0 3
20381 Nf3 5 0 0
20379 Nf3 5 1 11
20379 Bb5 1 1 4
20380 Nf3 3 1 7
20380 Bg5 5 0 4
20386 Bd3 6 0 2
20385 Be2 9 1 7
20383 Bd3 9 0 4
20383 Bb5 4 0 9
20383 c3 3 0 2
20384 Bd3 4 0 5
20384 Nc3 4 0 4
20392 Nc3 3 0 2
20389 Nc3 16 1 17
20389 Nf3 3 0 2
20390 Bxc4 10 1 0
20393 Nf3 3 2 1
20396 Be2 6 1 5
20396 d4 4 1 5
20396 d3 2 0 6
20399 Nf3 5 2 6
20399 Bd3 5 0 5
20402 Nf3 3 0 5
20406 d4 4 0 1
20404 d4 2 1 6
20404 Bb5 2 0 3
20405 d4 4 0 2
20409 Nf3 5 0 5
20407 Nf3 7 0 11
20408 Nf3 5 0 5
20412 Ng3 3 0 2
20413 Ng3 8 0 4
20419 Nf3 2 0 3
20421 d3 4 0 1
20422 Nxf7 7 0 3
20422 Bxd3 4 0 1
20424 Nxg6 13 0 0
20427 Nc3 5 1 4
20428 Qe2 5 0 2
20429 Be2 3 0 4
20437 f3 5 0 0
20437 Be2 1 1 3
20433 Bd3 3 0 9
20433 Nc3 1 0 10
20435 Bd3 0 0 5
20434 Bd3 4 1 4
20438 Nxf3 3 0 2
20439 Qxd3 6 0 4
20440 c3 1 0 5
20448 dxe5 2 0 3
20449 Nxe5 1 0 5
20452 fxe5 4 1 3
20455 cxd4 3 0 4
20456 Bb5 2 1 2
20457 Bb5 2 0 3
20458 d4 5 0 0
20458 d3 4 0 1
20463 Bc4 4 0 1
20464 b4 1 0 5
20465 Bxc6 3 0 3
20470 f4 3 0 2
20473 Nf3 5 0 3
20472 Nf3 5 0 4
20472 f4 1 0 4
20474 cxd4 4 0 4
20480 Nf3 1 0 5
20482 Nf3 3 0 2
20484 bxc3 5 0 5
20486 bxc3 3 1 4
20487 Nf3 35 4 53
20487 d4 12 3 21
20487 d3 6 0 8
20487 Qf3 3 1 7
20487 c4 2 0 3
20488 bxc3 6 1 4
20489 Nf3 15 1 16
20489 Bb5 9 3 10
20489 d3 5 1 1
20490 Nf3 6 0 7
20496 Bb5 4 0 2
20497 cxd5 4 1 4
20498 Nc3 6 0 2
20499 Nf3 17 1 19
20499 Nc3 7 2 6
20499 b3 6 0 3
20499 d3 1 0 5
20501 d4 2 0 3
20502 d4 9 2 7
20502 Nf3 6 1 6
20502 b3 4 0 9
20502 Nc3 7 0 2
20503 Nxe2 2 0 4
20504 Be2 1 0 4
20505 Bc4 5 0 0
20508 Nc3 5 0 1
20509 Nc3 6 0 1
20510 c3 10 1 6
20510 Nf3 6 2 3
20511 Nf3 2 0 3
20512 d3 6 0 3
20512 Nf3 8 1 0
20512 d4 4 0 4
20515 Nf3 1 0 4
20518 Be2 15 0 12
20518 h3 6 2 14
20521 Be2 3 0 3
20516 d4 16 2 18
20516 Bc4 6 0 15
20516 Be2 5 0 11
20516 d3 8 0 7
20519 d4 4 1 9
20519 Be2 4 0 3
20517 d4 7 0 16
20517 Bc4 7 1 10
20517 Be2 7 0 9
20517 d3 3 0 6
20520 d3 3 1 4
20531 Bd2 6 0 1
20528 Bd2 6 1 7
20529 Bd2 5 0 6
20527 Bd2 11 1 16
20530 Bd2 4 0 2
20534 Nf3 12 1 12
20534 Bd2 10 0 12
20534 Bc4 5 0 1
20535 Bd2 3 1 5
20533 Bd2 14 2 10
20533 Nf3 10 3 11
20533 Bc4 4 0 4
20536 Bd2 6 0 1
20544 Bc4 2 1 9
20544 d4 4 0 2
20544 d3 3 0 2
20545 d3 4 0 1
20549 Nf3 4 1 4
20549 Be3 0 0 6
20550 Bc4 3 0 5
20552 Nf3 9 0 4
20552 d3 1 0 5
20553 Nf3 3 0 3
20551 Nf3 7 2 7
20551 d3 4 0 8
20563 Be2 12 1 8
20563 h3 3 0 4
20563 d4 2 2 2
20563 Bc4 3 0 2
20562 d4 9 0 8
20562 Bc4 6 0 5
20562 Bb5 6 1 0
20560 d4 14 1 14
20560 Bc4 11 2 10
20560 Be2 7 1 6
20560 d3 4 0 3
20560 Bb5 4 0 1
20561 Bc4 15 2 11
20561 d4 7 1 9
20561 Be2 2 0 3
20559 d4 40 1 9
20559 Bc4 22 1 14
20559 Bb5 9 1 3
20559 Be2 5 0 7
20564 Bc4 3 0 2
20568 Be3 6 1 5
20568 Nf3 6 0 2
20574 Nf3 8 0 6
20572 Nf3 15 1 11
20572 Bc4 7 0 4
20572 Bg5 5 0 3
20572 f4 5 0 0
20573 Nf3 11 2 12
20573 Be3 3 0 5
20573 Bf4 2 0 3
20573 Bc4 0 0 5
20571 Nf3 22 3 18
20571 Be3 8 0 7
20571 Bf4 5 0 0
20581 Nf3 17 0 6
20579 f3 29 0 12
20579 d4 27 0 8
20579 Nf3 7 0 11
20579 h3 7 0 3
20579 d3 6 1 3
20580 Nf3 23 1 15
20583 Nf3 10 1 4
20582 Bf3 9 0 2
20582 g3 5 0 1
20586 Nf3 1 0 4
20585 Nf3 4 0 2
20584 Nf3 10 1 1
20589 d4 5 0 1
20587 d4 14 0 1
20587 f3 8 0 4
20588 d4 5 0 1
20592 Qxe5 3 0 3
20591 Bxe2 71 6 30
20591 Ngxe2 13 0 6
20603 Nf3 6 0 3
20594 Nf3 45 3 30
20594 d4 9 1 5
20594 d3 4 0 8
20596 Nf3 31 0 13
20596 d4 8 1 4
20602 Nf3 8 0 1
20597 Bf3 19 1 9
20597 g3 8 1 5
20597 Nf3 3 0 4
20598 Nf3 16 0 9
20595 Nf3 29 0 20
20595 d3 5 0 4
20600 Nf3 12 0 1
20599 Nf3 9 0 3
20601 Nf3 9 0 2
20604 d3 9 1 7
20604 d4 8 0 2
20604 g3 6 0 4
20605 d4 7 1 0
20605 d3 3 0 3
20609 d4 3 0 2
20607 d4 3 0 2
20611 Qxe6 22 3 10
20611 Nf3 4 0 4
20613 Qxe6 4 0 7
20613 Nf3 5 0 5
20616 Nf3 5 0 1
20614 Nf3 6 0 3
20614 d3 3 0 2
20612 Bxe2 23 2 6
20612 Ngxe2 6 0 1
20615 Qxe6 7 0 2
20615 Nf3 6 0 2
20623 Bxf3 4 2 0
20620 Nc3 2 1 5
20620 O-O 2 0 4
20619 O-O 12 0 4
20619 h3 2 0 4
20621 O-O 4 0 3
20622 O-O 4 0 2
20624 Be2 1 0 4
20625 O-O 1 0 4
20627 d4 3 0 2
20631 d4 5 0 1
20634 d4 6 0 0
20637 O-O 5 0 2
20636 Nc3 2 1 4
20636 O-O 4 1 1
20636 d3 4 0 1
20638 O-O 11 0 12
20640 Nc3 4 0 2
20639 O-O 6 0 6
20641 O-O 5 0 3
20644 Bc4 2 1 2
20650 d4 2 1 3
20653 Bf3 4 0 1
20654 b3 3 1 3
20656 Be2 5 0 3
20656 Nc3 4 0 3
20657 Nf3 3 0 2
20661 b3 1 1 3
20662 Bd2 3 1 2
20671 Bxe2 5 0 3
20672 Bf3 7 0 4
20675 Bxc6 4 0 3
20675 Nf3 1 0 4
20677 Nc3 2 0 3
20677 d3 1 0 4
20682 Nf3 2 0 3
20682 d4 1 0 4
20689 Bb3 3 0 2
20691 Qc1 4 0 2
20693 d5 8 0 7
20693 dxe5 3 1 3
20698 O-O 3 0 5
20699 dxe5 2 0 3
20700 d3 6 0 1
20700 Ng5 2 0 3
20702 Bc4 8 1 5
20702 e5 2 0 9
20702 Bg5 5 1 1
20702 Bd3 2 0 4
20702 Be3 4 0 2
20705 Qxf3 5 0 2
20706 exd6 2 0 3
20707 Nc3 2 0 3
20708 Qf3 2 0 5
20710 Bd3 3 0 2
20710 Nc3 3 1 1
20712 Bd3 3 1 3
20716 O-O 3 1 2
20717 d5 2 0 3
20723 Nc3 3 0 5
20724 Nf3 8 0 2
20725 Qxe2 2 0 3
20731 dxe5 3 0 3
20731 Nf3 3 0 2
20732 dxe5 15 0 7
20732 d5 7 0 7
20732 Bc4 4 0 2
20733 Nf3 4 0 4
20737 Qd2 5 0 0
20738 Nf3 4 0 4
20738 Qd2 4 2 0
20739 Be3 3 0 6
20739 Bc4 2 0 7
20739 Bd3 4 0 3
20739 Bg5 1 0 4
20740 dxe5 0 0 5
20741 Nf3 8 1 7
20742 Kxd1 3 0 6
20743 Nf3 3 0 9
20743 Nc3 6 0 5
20744 Nf3 14 0 4
20744 Bc4 5 1 1
20748 Kxd1 3 0 4
20760 Bc4 5 0 0
20762 Bd3 3 0 2
20763 Bb5 3 0 3
20764 Qxe5 4 0 13
20765 Qxe5 5 0 3
20766 Nf3 6 0 1
20768 d3 3 1 1
20770 Ng5 1 0 4
20782 Nf3 2 1 2
20784 Kd1 3 0 2
20787 Nc3 2 0 4
20785 Nc3 8 1 3
20785 d3 2 0 4
20786 Qxe5 8 0 1
20786 Qg5 4 0 1
20788 h3 5 0 1
20791 Nf3 7 0 2
20790 Nf3 9 0 10
20793 Bd2 3 0 5
20794 Bg5 6 0 2
20797 Bg5 2 1 3
20803 d3 4 1 2
20804 d3 5 0 2
20805 a4 5 1 1
20806 Ng5 5 1 3
20807 Ng5 6 0 2
20809 d3 5 1 4
20810 Nxf7 2 0 6
20810 Bxf7 2 0 5
20811 Qxf3 2 0 3
20812 Qxf3 4 0 1
20815 d4 1 2 2
20816 exd5 29 1 27
20827 d3 4 0 1
20835 d3 3 0 2
20834 h3 8 0 0
20836 Qd1 4 1 8
20837 d3 4 0 4
20838 Qf3 3 0 2
20839 d3 3 1 5
20839 c3 7 0 1
20839 Nc3 2 0 5
20840 h3 4 0 5
20841 exd5 5 0 1
20846 h3 3 0 4
20846 Bg5 4 0 2
20847 exd5 5 0 5
20848 h3 3 1 3
20852 Ng5 3 0 2
20853 Bg5 2 2 1
20860 Nf3 4 0 3
20859 Nf3 7 0 6
20861 Bxd5 3 0 2
20862 bxc3 8 0 4
20864 Ng5 3 0 2
20868 Bg5 4 1 1
20867 Bg5 8 1 4
20870 Nf3 2 0 4
20871 Nf3 3 0 2
20875 Bg5 3 0 2
20876 Bxd5 3 0 3
20877 exd5 3 1 1
20878 exd5 7 0 2
20881 exd5 40 2 40
20886 Nxf7 1 0 6
20886 d4 3 0 2
20887 Qf3 4 0 1
20889 Bb3 2 1 2
20890 exd5 4 0 1
20891 Nxe5 21 0 8
20892 Nxe6 10 1 1
20892 Bxe6 5 0 4
20893 exd5 14 0 2
20894 exd5 4 0 3
20896 c3 2 0 3
20897 d3 4 0 6
20898 h3 2 1 3
20900 exd5 7 0 4
20901 fxe3 5 0 5
20903 Bxf6 2 0 6
20910 a3 4 0 1
20909 Nf3 4 2 4
20909 a3 3 0 4
20912 exd5 10 0 0
20911 a3 3 0 2
20911 Nf3 2 0 3
20916 Bxf6 5 0 1
20919 h3 3 0 6
20921 exd5 3 0 2
20923 h3 6 0 1
20925 exd5 4 0 1
20926 exd5 4 1 3
20928 exd5 7 0 2
20929 exd5 3 0 4
20930 Qf3 16 1 16
20930 Bxd5 9 1 7
20930 Nf3 7 0 6
20930 Nc3 3 1 4
20930 Qh5 5 0 2
20930 Bb3 0 0 5
20930 c3 4 0 1
20932 Bd2 5 0 0
20935 h3 5 0 1
20940 Bb5 10 1 7
20940 Bb3 5 0 5
20941 exd5 3 0 4
20942 Bxd5 2 0 4
20943 Qxe5 5 0 2
20945 Bb3 8 0 7
20945 Bb5 2 0 5
20947 Nf3 2 1 2
20946 Nf3 5 0 2
20951 d3 4 0 1
20955 d3 4 0 2
20958 d3 4 0 1
20959 c3 4 0 4
20962 d3 6 1 0
20963 d3 5 0 1
20963 h3 5 0 0
20963 Nc3 2 1 2
20966 Bb3 2 0 8
20969 Nxd4 11 0 11
20973 Bxc6 2 1 3
20972 d4 6 0 2
20976 Bxc6 2 1 2
20977 Bxc6 4 0 2
20975 d4 10 1 3
20979 Nxd4 7 3 10
20981 Nxd4 4 1 4
20982 g5 5 0 0
20985 Bxc6 7 2 0
20984 d4 15 0 7
20988 Nxd4 7 2 17
20989 Qxd4 6 1 0
20991 Nf3 4 1 0
20992 Nf3 8 0 1
20993 Qe2 6 0 0
20995 Nxd4 5 0 0
20996 dxe5 0 0 5
20997 Nxd4 6 0 5
21000 exd5 2 0 4
21002 Be3 2 0 4
21010 cxd4 3 0 3
21012 Nc3 2 1 2
21011 c3 2 0 4
21011 Be3 2 0 4
21020 Nxe5 11 1 9
21020 O-O 6 0 10
21020 d3 6 0 3
21020 d4 4 0 2
21020 c3 3 0 2
21019 Nxe5 18 1 16
21019 d3 9 2 14
21019 O-O 10 2 11
21019 c3 1 0 8
21019 Nc3 4 0 4
21019 h3 6 0 2
21025 Nxd4 3 0 4
21023 d3 8 1 6
21023 c3 8 0 6
21023 Re1 2 0 4
21023 Nc3 2 0 4
21024 c3 5 2 3
21026 Ba4 1 0 4
21022 c3 15 1 12
21022 Bxc6 5 0 5
21022 h3 4 0 5
21028 d3 9 1 9
21028 d4 6 0 1
21028 O-O 5 0 2
21030 O-O 4 0 4
21030 d4 5 0 0
21029 Ba4 12 0 2
21031 h3 4 0 4
21036 d4 3 0 2
21038 Re1 3 0 2
21039 Bxc6 4 0 1
21042 Nxd4 0 0 5
21043 Nxe5 2 0 3
21044 Qxf3 3 2 1
21045 c3 25 0 23
21045 O-O 25 3 20
21045 d3 28 0 14
21045 Qf3 9 2 6
21045 Bc4 3 0 3
21045 Be2 5 0 0
21047 Nxe5 10 1 10
21047 d3 8 1 7
21047 Nc3 5 0 1
21046 d3 23 3 36
21046 Nxe5 16 2 15
21046 Nc3 9 0 13
21046 O-O 5 1 4
21046 Qe2 2 0 6
21046 d4 3 0 4
21051 d3 7 0 2
21048 O-O 10 1 9
21048 Bxc6 2 0 5
21049 Bxc6 8 0 4
21049 Ba4 2 2 2
21050 d4 4 1 2
21050 O-O 4 0 1
21055 c3 3 0 6
21055 Re1 4 0 1
21055 Bxc6 3 0 2
21057 d4 4 0 1
21053 Re1 12 1 15
21053 d4 7 2 6
21056 Ba4 9 0 3
21056 Bxc6 3 0 4
21054 Re1 7 0 8
21054 d4 4 0 2
21054 h3 3 0 2
21059 c3 7 0 6
21059 O-O 7 0 4
21059 h3 3 1 2
21059 Bxc6 2 0 3
21059 Be3 1 0 4
21059 Bg5 3 0 2
21062 Nxd4 6 0 2
21061 Bxc6 9 0 2
21060 h3 3 1 4
21060 Bg5 4 0 2
21060 Bxc6 2 0 4
21064 d4 7 1 6
21064 d3 4 0 5
21064 O-O 4 0 3
21064 c3 4 0 2
21065 Ba4 5 1 3
21065 Bc4 5 0 2
21069 Ba4 19 0 15
21069 Bc4 5 1 3
21069 Bxc6 3 0 3
21070 d4 5 0 5
21070 h3 3 0 2
21068 c3 9 0 10
21068 d4 4 0 10
21068 Re1 2 0 5
21068 Nc3 1 0 5
21068 d3 0 1 4
21071 Ba4 10 0 3
21073 d4 2 0 3
21072 O-O 3 0 3
21074 Ba4 6 1 2
21074 Bxc6 3 1 5
21074 Bc4 2 1 3
21077 Nxd4 10 0 7
21079 d3 2 1 2
21079 Nxe5 4 0 1
21080 d3 3 1 2
21080 O-O 3 0 2
21081 h3 2 1 3
21084 d3 3 0 2
21082 Bxc6 4 0 1
21086 c3 10 0 4
21086 Bxc6 2 0 3
21086 Nc3 3 0 2
21088 Nxd4 2 0 4
21087 Ba4 4 0 3
21092 Bg5 2 1 4
21091 Nc3 4 0 1
21097 O-O 13 1 9
21097 c3 3 0 5
21095 O-O 95 7 86
21095 d3 29 0 27
21095 Nc3 15 1 18
21096 Bb3 86 4 52
21098 O-O 6 0 1
21098 d4 2 0 4
21101 Nxe5 32 2 20
21101 O-O 13 0 7
21101 d4 8 0 7
21101 d3 7 1 5
21100 Nxe5 54 6 75
21100 O-O 50 1 69
21100 d3 42 6 49
21100 Nc3 32 2 15
21100 d4 26 1 19
21100 h3 13 1 17
21100 c3 8 0 8
21100 b3 2 0 3
21102 exd5 4 0 1
21102 Nxe5 4 0 1
21104 d4 41 4 60
21104 O-O 40 6 45
21104 d3 34 5 37
21104 Nc3 11 0 18
21104 h3 18 2 8
21104 c3 6 0 5
21105 d3 4 0 5
21105 Bc4 7 0 2
21105 d4 3 1 4
21105 Bxc6 4 0 3
21105 O-O 3 1 2
21108 h3 5 0 0
21106 d3 4 0 4
21106 d4 2 0 3
21107 Ba4 2 0 4
21109 c3 14 2 8
21109 Nc3 11 0 11
21109 d4 5 0 10
21109 Re1 9 2 2
21109 d3 3 1 1
21113 d4 4 0 2
21111 h3 3 0 4
21111 c3 2 0 4
21110 Re1 10 0 7
21110 Nc3 2 1 6
21110 d3 2 0 5
21112 Ba4 7 0 6
21112 Bxc6 1 2 2
21115 d4 9 0 4
21116 O-O 4 0 1
21117 Ba4 4 0 1
21119 Nc3 4 0 3
21119 Bxc6 1 1 4
21123 d5 15 2 7
21123 dxe5 4 0 8
21123 Bxc6 6 0 4
21123 O-O 6 0 2
21123 Nc3 4 0 1
21124 Bxc6 14 0 2
21124 Ba4 7 2 1
21122 Nxd4 37 4 33
21122 Qxd4 6 2 6
21126 O-O 14 2 17
21126 c3 18 0 12
21126 Bc4 3 1 4
21127 d3 5 0 11
21127 O-O 4 2 2
21128 Ba4 8 1 15
21129 Nxe5 2 0 3
21129 exf5 1 0 4
21130 Nxe4 3 2 2
21131 dxe4 3 0 5
21133 O-O 2 0 3
21134 Nxe5 3 0 2
21135 Nxe5 2 0 3
21136 d3 2 0 4
21136 d4 2 0 3
21138 d3 51 7 51
21138 Ng5 9 0 12
21138 O-O 5 0 14
21138 h3 1 2 2
21141 d3 5 2 4
21139 d3 12 1 14
21139 h3 10 1 4
21139 O-O 2 0 4
21140 d3 6 0 3
21144 d3 1 0 4
21143 d4 2 0 5
21143 O-O 3 0 4
21143 Qf3 0 0 5
21146 d4 2 0 4
21147 Nc3 18 3 38
21147 d3 22 2 23
21147 c3 18 1 17
21147 Re1 5 0 14
21147 h3 2 0 7
21147 Ng5 4 0 5
21147 d4 2 0 3
21150 c3 1 0 5
21148 c3 21 1 12
21148 h3 15 1 13
21148 d3 10 4 9
21148 Nc3 4 0 4
21148 Re1 2 0 3
21149 c3 6 0 3
21149 Nc3 2 0 3
21151 d3 2 0 5
21155 O-O 2 0 4
21155 c3 2 1 3
21154 c3 34 3 40
21157 d4 88 8 88
21157 d3 32 2 20
21157 O-O 27 3 17
21157 Ng5 4 3 5
21157 Qe2 4 0 5
21157 b4 2 0 3
21160 d4 3 0 6
21160 O-O 4 1 0
21158 d4 54 3 32
21158 O-O 12 2 16
21158 h3 13 0 11
21158 d3 2 1 3
21159 d4 18 0 9
21159 O-O 4 0 3
21166 Ng5 5 0 0
21163 Ng5 34 3 42
21163 Bg5 15 0 21
21163 Nc3 11 1 22
21163 O-O 9 0 9
21163 Be3 7 1 4
21163 h3 6 1 4
21163 c3 2 0 6
21165 Ng5 36 3 36
21165 h3 5 0 6
21165 Bg5 3 0 5
21165 Nc3 2 0 6
21165 O-O 3 0 3
21164 Nc3 21 1 27
21164 O-O 14 1 16
21164 c3 6 0 11
21164 Be3 6 1 6
21164 Bb5 2 1 6
21164 a3 5 0 3
21164 h3 2 0 3
21168 O-O 18 1 18
21168 Ng5 6 1 7
21168 c3 7 0 6
21170 d3 6 0 12
21171 Re1 5 1 5
21171 d3 6 0 2
21171 Nc3 4 0 3
21171 c3 4 0 2
21172 O-O 7 1 4
21172 d4 6 1 1
21172 d3 3 0 2
21174 h3 2 0 3
21178 dxe5 4 0 1
21177 Nxd4 31 3 20
21179 Nxe5 2 0 3
21180 d3 5 0 3
21181 d3 10 0 15
21181 O-O 12 2 10
21181 c3 15 0 6
21181 Qf3 10 0 11
21182 Nxf7 3 0 28
21182 Bxf7 8 1 17
21182 Ng4 6 1 3
21182 Nf3 3 0 4
21182 O-O 3 0 3
21183 Qxf3 18 1 8
21184 c3 3 0 2
21185 Qxf3 28 2 13
21186 Qxf3 6 0 11
21188 d3 12 1 11
21188 O-O 7 0 1
21188 a3 3 1 2
21187 d3 17 3 22
21187 O-O 17 1 14
21187 Ng5 2 1 2
21192 O-O 3 0 7
21192 d4 3 0 2
21189 Nxe4 8 1 16
21189 Bxf7 6 0 5
21190 d3 7 0 4
21190 h3 4 0 3
21190 Ng5 5 0 1
21190 O-O 2 1 3
21191 O-O 6 0 3
21191 d3 4 0 3
21191 d4 1 0 4
21197 Nxf7 21 1 26
21197 Bxf7 7 0 1
21199 Nxf7 3 0 4
21198 Bxf7 14 0 2
21198 Nxf7 5 0 1
21196 exd5 226 14 240
21196 Bxd5 1 0 4
21196 Bb5 1 1 3
21200 Nxf7 5 0 2
21201 c3 3 1 11
21201 Re1 2 1 3
21202 d4 4 0 3
21202 c3 1 0 5
21202 Re1 2 0 3
21203 Re1 4 0 3
21205 exd5 6 0 0
21206 c3 3 0 3
21208 O-O 7 0 0
21209 exd5 6 0 4
21216 c3 4 0 2
21211 O-O 13 2 18
21211 Ng5 14 2 14
21211 Nc3 7 0 6
21211 h3 6 0 7
21211 c3 8 0 5
21211 a3 6 0 2
21211 Bg5 4 0 4
21213 Ng5 10 0 3
21213 Nc3 6 1 5
21213 O-O 3 0 7
21212 exd5 32 2 25
21215 h3 7 0 3
21215 Ng5 6 0 1
21214 O-O 11 0 0
21214 c3 2 1 8
21214 Nc3 6 1 2
21220 Nxe5 1 0 5
21219 Nxd4 13 3 10
21219 O-O 6 1 2
21219 Ng5 2 1 3
21219 e5 4 0 1
21221 d3 1 0 6
21224 Nxd4 1 0 5
21224 c3 2 0 3
21226 Bb3 5 0 0
21227 Bb3 5 0 1
21229 Bb3 3 0 2
21231 Bd5 8 0 0
21230 Nxd4 8 0 4
21235 Bxe6 3 0 2
21234 h3 2 1 4
21234 d3 4 0 3
21234 Nxe5 3 0 2
21241 Bxe6 6 0 1
21240 h3 4 0 2
21245 Bxe6 5 0 3
21252 Bxe6 2 0 3
21250 h3 12 1 9
21251 Ng5 5 0 8
21257 dxe5 9 0 9
21257 h3 6 1 1
21257 Bxf7 2 1 4
21261 dxe5 3 0 2
21260 Nxd4 1 1 3
21256 Nxd4 26 3 13
21256 Ng5 1 0 5
21256 c3 4 0 1
21264 Nc3 3 0 2
21263 d3 4 0 2
21269 Nxd4 3 1 3
21270 Ng5 4 0 5
21271 Ng5 2 0 4
21271 Nxe5 2 0 4
21276 a3 5 0 3
21276 Nd5 3 0 2
21273 d3 5 1 7
21273 O-O 4 0 2
21272 d3 31 3 15
21272 d4 21 3 15
21272 O-O 6 0 5
21272 a3 2 0 5
21272 Nd5 5 0 2
21272 h3 4 0 1
21275 d4 3 0 4
21275 d3 2 0 3
21275 a3 4 0 1
21274 d3 5 0 6
21274 d4 6 0 1
21274 h3 2 0 3
21278 c3 14 2 10
21278 Nc3 5 0 1
21277 Nc3 15 3 19
21277 d3 17 3 9
21277 Re1 13 1 7
21277 c3 11 0 5
21277 d4 4 1 8
21279 c3 5 0 0
21279 h3 3 0 2
21282 Nc3 3 0 2
21285 Bb2 1 0 4
21287 d4 10 2 10
21287 O-O 4 0 5
21286 d4 15 2 9
21286 d3 14 0 12
21286 O-O 14 1 8
21286 Qb3 8 1 6
21286 Qe2 9 0 5
21289 d4 4 0 2
21288 d4 8 1 3
21291 Nc3 6 0 2
21291 c3 3 0 3
21291 h3 1 0 4
21290 Nc3 7 0 12
21290 Bb5 9 1 8
21290 h3 7 1 7
21290 O-O 7 1 3
21290 c3 3 0 3
21290 Be3 2 0 4
21290 a3 4 1 1
21293 Nc3 0 1 5
21297 dxe5 4 0 2
21298 dxe5 9 0 0
21299 Nxd4 6 0 0
21296 dxe5 7 0 4
21296 d5 7 1 0
21295 dxe5 7 1 4
21295 d5 7 0 3
21294 Nxd4 120 9 87
21294 c3 8 0 6
21294 O-O 6 0 3
21300 d3 4 0 1
21304 dxc3 6 0 5
21304 bxc3 2 2 4
21307 dxc3 8 2 6
21309 bxc3 6 0 7
21312 bxc3 5 0 2
21311 Nxd4 3 2 4
21313 Bxc6 11 1 7
21313 O-O 5 0 3
21313 d3 2 1 2
21315 Bxc6 4 1 5
21314 Bxc6 7 1 7
21319 d3 12 3 16
21319 O-O 8 0 4
21319 h3 6 1 3
21319 Ng5 2 0 3
21322 O-O 4 0 1
21320 d3 9 1 13
21320 O-O 7 1 4
21320 h3 4 0 1
21321 d3 4 0 4
21321 O-O 2 0 3
21323 O-O 3 0 2
21324 Nxb6 12 1 2
21325 d4 2 1 3
21327 Kxf2 3 0 5
21326 d4 23 1 8
21328 b4 3 0 3
21330 Be2 2 0 5
21330 h3 1 0 4
21333 Nb5 3 0 3
21335 Nxd4 3 0 4
21339 d3 3 0 5
21339 Bxc6 2 0 3
21338 Bxc6 3 0 6
21338 O-O 2 1 2
21340 Nxd4 1 0 4
21337 Bxc6 10 0 8
21337 Ba4 4 0 1
21336 Bxc6 7 1 6
21336 d4 7 1 3
21336 O-O 4 0 1
21344 d3 6 0 2
21344 Nd5 1 0 4
21342 h3 17 0 6
21342 d3 10 1 9
21342 O-O 4 1 10
21342 Ng5 2 1 4
21342 Na4 3 0 3
21346 O-O 4 0 4
21346 d3 3 0 5
21347 Nxe4 4 2 6
21345 d3 5 0 4
21343 d3 11 1 5
21343 d4 1 0 7
21343 O-O 2 0 5
21349 d4 8 0 11
21350 exd5 7 0 3
21353 Bd2 3 0 6
21353 a3 3 0 2
21352 Be2 4 0 3
21352 h3 2 1 3
21354 exd5 3 1 5
21358 d5 7 0 5
21358 dxe5 8 1 1
21361 Nxd4 3 0 3
21360 dxe5 1 0 4
21359 dxe5 8 0 2
21359 d5 4 0 2
21357 Nxd4 80 10 75
21364 d3 3 0 2
21365 Nxd4 10 0 1
21366 Bxc6 6 0 1
21366 O-O 3 0 3
21366 d3 2 0 3
21368 h3 5 0 2
21369 O-O 3 0 2
21375 dxe5 3 0 3
21374 Nxd4 9 1 12
21378 c4 4 1 6
21380 b4 1 0 5
21380 h3 3 0 2
21382 exd5 1 1 4
21381 b4 4 0 3
21383 exd5 5 0 2
21385 d3 3 1 1
21385 Nc3 2 0 3
21386 Bb5 15 1 3
21388 Bb5 6 0 5
21392 cxd4 25 1 35
21398 exd5 3 1 6
21399 Be2 4 0 1
21401 d5 4 0 6
21401 dxe5 4 0 2
21402 d5 6 0 3
21402 dxe5 4 0 2
21400 e5 17 3 18
21400 cxd4 9 1 14
21400 Nxd4 0 1 6
21404 Nxe5 2 0 3
21407 cxd4 6 0 9
21413 Be2 10 0 5
21414 Na4 6 0 1
21417 Bxf6 2 0 3
21417 Nc3 1 0 4
21419 Bd2 5 0 2
21418 Be2 3 0 4
21421 Nc3 5 0 3
21422 Be2 6 0 1
21423 d5 6 0 4
21425 Nc3 1 0 4
21425 c4 3 1 1
21428 Nxd4 6 0 0
21432 Bd3 7 0 5
21433 Qxd4 37 4 25
21434 Nxd4 10 0 7
21435 Nxe5 3 1 4
21436 Qxd8 8 1 4
21437 Nc3 4 2 2
21439 c4 6 1 3
21439 Nc3 6 0 3
21439 Bb5 4 0 4
21441 Nxd4 4 0 6
21446 exd6 4 0 2
21445 Nxe5 7 1 9
21444 Qxd8 24 3 7
21447 O-O 4 0 1
21453 c3 5 0 4
21449 c3 12 0 13
21449 O-O 3 0 3
21451 c3 9 0 4
21448 Ng5 7 0 5
21448 e5 3 1 7
21448 O-O 4 0 4
21452 c3 4 2 3
21450 O-O 4 0 7
21450 c3 4 0 3
21450 Nxd4 4 0 1
21464 c3 7 0 5
21455 Nxc6 89 11 117
21455 Be3 46 2 40
21455 c3 9 2 16
21455 Nb3 7 0 4
21455 Nf5 3 0 6
21460 Nc3 9 2 4
21460 Bf4 8 1 5
21460 f4 3 1 3
21456 Nxc6 41 3 42
21456 Nc3 14 0 27
21456 f3 3 0 6
21456 Bg5 3 0 4
21459 Nxc6 2 0 16
21459 Nc3 8 1 5
21459 Bc4 4 0 5
21459 Bg5 2 0 3
21454 Qxd4 331 37 301
21465 Nxc6 2 0 5
21457 Nxc6 26 3 22
21457 Be3 6 2 12
21457 c3 2 0 4
21461 Nxc6 6 0 2
21461 Nc3 2 0 4
21463 Nxc6 2 0 6
21462 Nxc6 8 1 3
21458 Nxc6 18 3 18
21458 Bb5 3 1 6
21466 Bc4 12 0 2
21469 Nxd4 4 0 2
21471 Nxe5 5 0 1
21477 d3 6 1 2
21479 exd5 16 1 19
21483 Nxd4 1 0 5
21485 Nxf7 3 0 2
21484 Qf3 5 0 3
21487 Bb3 5 0 3
21488 Bb3 4 0 6
21490 exd5 3 0 2
21491 Nxe5 11 0 2
21491 O-O 3 0 2
21492 exd5 4 0 1
21493 dxc3 6 0 2
21494 d3 2 2 2
21494 O-O 3 0 2
21495 exd5 2 0 5
21496 dxc3 5 0 5
21497 dxc3 5 0 7
21498 bxc3 25 1 16
21499 Bd2 2 1 5
21503 Nxd4 4 0 1
21505 O-O 6 0 3
21505 Bxc6 1 0 6
21506 Bxc6 11 1 2
21504 Bxc6 2 1 6
21504 d4 5 0 2
21504 O-O 3 1 2
21513 d3 5 0 3
21513 Ng5 3 0 2
21510 d3 14 1 8
21510 O-O 7 0 8
21510 h3 5 0 1
21510 Ng5 2 1 2
21512 Nxe4 3 1 12
21511 Ng5 6 2 0
21511 h3 2 0 3
21517 d4 2 1 2
21519 Bg5 2 0 3
21524 Nxd4 3 0 2
21523 dxe5 3 0 2
21521 Nxd4 47 3 26
21525 exd5 5 0 0
21528 Nxd5 10 0 10
21528 Nxe5 4 0 4
21531 Bxe6 2 0 3
21530 O-O 1 1 3
21534 Nxd4 8 0 6
21534 Qxd4 4 0 1
21535 Bc4 6 0 5
21537 Nc3 4 1 3
21542 Nc6 7 0 0
21540 Qxe4 11 1 7
21539 d3 22 3 9
21539 f3 4 0 2
21539 Nf3 2 0 3
21541 Qxe4 10 0 4
21548 Qe2 16 1 20
21548 Be2 13 2 5
21549 Qe2 10 0 3
21549 Be2 6 0 5
21551 Qe2 7 1 7
21551 Bd3 8 1 4
21551 Qf3 3 0 4
21550 Nf3 28 4 23
21550 Nd3 6 0 4
21550 Nc4 3 0 5
21556 Qe2 21 2 28
21556 d4 14 3 10
21556 d3 3 1 4
21556 Bc4 1 0 6
21556 Nc3 3 0 2
21558 d4 4 1 8
21560 c3 3 0 2
21563 Bxf6 4 0 1
21565 exd5 3 0 3
21567 exd5 3 0 2
21571 Nxe5 2 1 2
21571 Be2 0 0 5
21578 Qd3 2 0 3
21580 Qxd4 3 0 2
21581 d3 11 1 4
21581 O-O 9 0 4
21582 Nc3 5 0 2
21582 c3 4 0 2
21582 h3 4 0 2
21583 Nc3 1 0 4
21583 c3 3 0 2
21585 d4 1 0 4
21586 Nc3 4 1 4
21586 O-O 7 0 2
21594 d3 7 1 4
21594 O-O 9 0 2
21596 Bb3 5 0 0
21595 d3 1 0 4
21597 Be2 3 1 5
21600 dxe5 7 0 0
21599 Nxd4 17 0 6
21599 Qxd4 8 0 4
21602 cxd4 6 0 4
21606 Nxe5 1 0 5
21607 dxe5 5 0 1
21609 Be3 11 1 12
21609 c3 4 0 5
21609 Nf3 2 0 6
21612 Qxf6 5 1 3
21611 Nxd4 7 1 2
21613 Bb5 5 0 4
21616 Bxe6 6 0 1
21617 Kxd1 1 0 5
21621 d3 2 0 3
21623 d3 3 0 2
21620 Bc4 2 0 4
21619 b3 4 0 2
21619 Be2 5 0 1
21619 Bb5 3 0 2
21619 d3 4 0 1
21625 c3 5 0 5
21631 Bb3 21 2 5
21635 Bb3 3 1 4
21640 d4 23 2 20
21640 d3 25 1 9
21640 O-O 14 3 12
21640 c3 16 0 4
21640 Nc3 5 1 8
21641 Qxc4 5 0 0
21642 bxc4 3 1 1
21643 dxc4 5 0 2
21644 d4 1 1 5
21644 d3 4 0 1
21647 Nc3 0 0 5
21647 Re1 4 0 1
21649 d4 4 1 2
21649 Qe2 2 0 3
21649 d3 2 0 3
21651 h3 4 0 4
21651 Nc3 5 0 3
21652 Nc3 3 0 3
21652 h3 3 0 2
21654 Qxd4 15 0 16
21654 Nxd4 15 0 14
21658 d3 5 0 4
21658 Nc3 2 0 3
21661 Qxf3 10 0 9
21662 Nxe5 3 0 2
21660 h3 7 0 5
21660 d3 4 0 2
21659 h3 11 0 7
21665 Qxf3 7 0 4
21664 Nc3 5 2 3
21667 Be2 5 0 2
21668 Qxf3 5 0 5
21675 Qxf3 6 0 5
21673 h3 5 0 0
21676 h3 4 0 1
21674 h3 2 0 3
21678 Qxf3 14 1 8
21678 Bxf7 4 0 1
21682 dxe5 3 1 1
21679 Qxd4 7 0 6
21679 Bxf7 4 0 2
21684 g4 27 0 29
21684 d3 8 0 12
21684 O-O 8 1 9
21684 Nc3 5 0 3
21684 Be2 2 2 1
21683 Qxf3 87 8 53
21688 Bxe6 2 0 4
21685 Nxe5 5 0 1
21687 d3 3 0 2
21690 Bxe6 3 0 2
21689 d3 3 0 2
21699 Bxe6 5 0 5
21698 h3 9 0 2
21697 Bd5 2 0 4
21704 dxe5 3 0 4
21704 Bxf7 5 0 1
21703 Nxd4 17 2 17
21705 dxe5 2 2 3
21710 Bxe6 6 0 1
21707 d3 2 0 5
21707 O-O 1 0 4
21708 d3 3 0 2
21712 Bxe6 11 0 14
21713 exd5 23 0 2
21714 Nxf7 5 0 0
21715 Ng5 5 0 2
21720 d4 2 0 4
21727 Bb3 5 0 0
21728 d3 2 0 7
21729 c3 1 0 5
21739 Bb3 5 0 1
21737 exd5 5 0 4
21742 Nc3 3 0 3
21745 d3 8 1 10
21745 d4 6 0 3
21745 O-O 4 0 3
21746 c3 5 0 0
21748 d4 8 1 11
21748 d3 8 2 3
21748 h3 2 0 4
21749 d4 3 1 1
21747 d4 9 0 8
21747 d3 6 0 6
21747 O-O 4 1 5
21754 h3 5 1 0
21753 Nc3 12 2 4
21753 d3 5 0 7
21753 Re1 4 0 4
21753 d4 3 0 2
21759 d3 10 0 11
21759 Qe2 4 0 3
21759 O-O 5 0 1
21760 d4 2 2 2
21762 Nc3 3 0 9
21762 h3 5 0 4
21762 O-O 7 0 1
21762 Be3 2 0 3
21770 dxe5 7 0 3
21768 dxe5 8 0 4
21768 d5 2 0 3
21769 dxe5 6 0 4
21773 dxe5 5 0 0
21771 dxe5 4 0 6
21772 dxe5 3 0 2
21767 Nxd4 36 2 31
21767 Qxd4 12 2 22
21774 dxe5 3 0 2
21775 Nc3 9 0 5
21775 d3 9 0 4
21778 Nxd4 7 0 5
21779 dxe5 2 0 3
21781 Nxd4 5 0 3
21781 Qxd4 5 0 0
21782 Qxf3 5 0 3
21785 h3 2 0 3
21783 h3 2 0 3
21787 Bxf3 13 2 18
21789 h3 5 0 2
21788 h3 4 0 2
21788 d3 3 1 1
21791 g4 4 1 2
21791 Bc4 3 1 2
21790 Qxf3 24 1 4
21792 d3 3 0 6
21792 d4 3 0 3
21792 Bxc6 1 0 5
21794 Bxe6 3 0 4
21796 Nxd4 7 0 2
21799 Ng5 2 0 4
21799 O-O 3 0 2
21800 d3 7 0 4
21806 dxe5 5 0 0
21805 Nxd4 14 3 11
21805 Qxd4 4 1 1
21808 O-O 2 0 3
21811 Nxd4 9 1 4
21811 Qxd4 6 0 1
21814 Nxe4 5 0 3
21816 d3 2 0 3
21817 Nxd4 2 1 2
21818 cxd4 7 0 6
21819 Bxf3 5 0 3
21822 Qxf3 4 0 2
21821 cxd4 7 0 3
21824 cxd4 9 0 9
21831 Bxf3 4 1 0
21829 Nc3 4 0 2
21828 Nc3 4 0 1
21832 Qxd8 10 1 3
21833 Qxf3 3 0 3
21834 Bxf3 16 0 5
21835 Nxd4 5 0 6
21838 Qxf3 2 1 3
21837 Nc3 4 0 1
21840 Qxf3 78 2 23
21840 gxf3 19 0 11
21842 exd6 2 1 2
21841 Qxd8 20 2 4
21844 g4 2 0 3
21843 Qxf3 4 0 1
21846 Bxc6 3 0 2
21850 a3 4 0 1
21847 Bb5 5 0 4
21847 Nc3 6 1 2
21847 c4 6 0 1
21848 Nxd4 5 1 2
21852 Nxe5 9 1 8
21851 Qxd8 12 1 8
21854 dxe5 3 0 2
21856 Bc4 12 0 4
21856 Nc3 5 1 4
21857 Nxd4 6 0 0
21858 exd6 8 0 3
21858 Bd3 1 1 3
21859 Qxd8 7 0 2
21862 Qxd8 5 0 0
21863 c3 3 0 3
21870 Bd3 6 1 7
21870 Nc3 9 0 4
21870 Bc4 9 0 3
21870 c4 5 0 3
21869 Nc3 20 0 10
21869 Bc4 12 1 14
21869 Bd3 4 3 6
21869 c4 2 0 3
21871 Nxc6 7 1 10
21871 Nc3 9 1 4
21871 Bb5 3 2 2
21872 Nc3 7 1 8
21872 Bd3 2 0 4
21872 Bc4 3 0 2
21867 Nc3 94 8 77
21867 Bd3 25 3 25
21867 Bg5 15 2 12
21867 f3 3 1 2
21867 Qf3 0 0 5
21867 Qe2 1 0 4
21876 Nc3 4 1 0
21875 Nc3 11 0 2
21877 Bc4 3 0 2
21868 Nf3 37 0 21
21868 Bb5 18 2 10
21868 Nb3 11 1 9
21868 Nf5 5 0 5
21878 exd5 3 0 2
21873 Nc3 9 0 0
21873 Bc4 4 0 5
21874 Nc3 7 1 5
21874 Bc4 4 0 2
21882 Bb5 14 2 10
21882 Qc3 2 1 5
21882 Qa4 1 0 4
21882 Qd5 0 1 4
21882 Qd1 1 1 3
21883 e5 7 3 3
21883 Bg5 4 0 2
21883 Nc3 4 0 2
21884 Qd1 3 0 2
21889 Bc4 5 1 4
21890 Ng5 5 0 2
21894 Qxd8 5 0 2
21893 Bc4 7 1 3
21893 Nxe5 8 0 2
21893 Bg5 5 1 0
21893 Nc3 2 0 3
21900 Bc4 7 0 2
21901 Bc4 6 0 3
21906 Bg5 3 0 3
21905 c3 5 0 7
21905 Bg5 4 1 4
21907 Be2 2 2 2
21909 dxe4 2 0 3
21911 d3 3 0 2
21914 exf5 10 0 3
21915 exd5 3 1 1
21916 Nf3 4 0 1
21919 Nxg6 7 0 0
21921 Bb3 1 0 4
21922 d4 3 0 5
21922 Bc4 3 0 4
21923 d3 8 0 6
21926 d3 2 0 7
21927 d3 5 0 5
21930 Qxe5 15 0 2
21929 Qxe5 26 0 4
21931 Qxd8 3 0 3
21936 b4 5 0 3
21937 h3 2 0 3
21938 Qd1 4 0 1
21939 d3 2 0 3
21940 b4 2 0 4
21941 h3 2 0 3
21944 Qd3 2 1 10
21947 Qxe5 2 1 2
21946 Bxc6 4 1 3
21948 d3 2 1 3
21950 Qd3 3 1 1
21951 Qf3 5 0 2
21952 Qf3 7 0 5
21959 Nc3 2 1 3
21963 Qxf7 7 0 0
21960 d3 29 2 52
21960 c3 27 2 39
21960 Ne2 14 0 7
21960 Nc3 8 0 11
21960 Qb3 3 1 13
21960 Nh3 2 0 4
21960 g4 0 0 5
21962 d3 3 2 3
21964 d3 1 0 4
21961 c3 4 0 6
21961 Qxf6 2 1 7
21961 d3 2 1 4
21961 Nc3 3 0 2
21967 b4 5 0 3
21972 Qg3 5 0 3
21976 Qxg7 5 0 3
21978 Qg3 5 0 7
21980 Qg3 2 0 3
21981 Ne2 5 1 5
21983 e5 5 0 3
21983 d3 5 0 2
21983 f3 1 0 4
21985 Nxf3 3 0 5
21986 Qxe5 2 1 2
21987 Nxe5 7 1 5
21989 Qf3 4 0 2
21990 Qf3 4 1 6
21993 Qf3 3 0 2
21994 Qf3 4 0 2
21995 Qh4 1 0 4
21998 d3 15 0 33
21998 Nc3 3 1 7
21998 h3 1 0 7
21998 Qb3 4 0 2
21999 Nc3 4 0 2
21999 d3 4 0 1
22003 Qxg8 5 0 0
22005 d3 8 0 0
22004 Ne2 8 0 1
22004 Be2 3 0 2
22006 h3 1 1 3
22008 Bd2 3 1 2
22011 Bxf6 3 0 2
22014 h3 3 0 2
22013 h3 9 0 8
22016 h3 5 0 0
22018 O-O 3 0 2
22021 Be2 5 0 0
22025 fxe3 5 0 1
22028 Bd2 3 0 4
22029 Kxd1 1 0 4
22032 Nf3 3 0 2
22033 Nc3 1 0 4
22036 Bc4 8 0 1
22045 Qxf3 4 0 4
22046 cxd4 12 0 2
22047 Bxb5 5 0 3
22048 cxd4 5 0 0
22049 Qxf3 4 0 4
22050 e5 1 0 7
22053 Bd2 4 1 0
22056 Nc3 6 1 0
22058 Nf3 27 2 7
22058 a3 7 0 3
22058 Nc3 6 0 3
22058 Bc4 6 2 1
22060 O-O 6 1 2
22062 O-O 2 0 3
22059 e5 4 1 4
22061 O-O 8 0 2
22065 Qxd4 6 0 6
22067 O-O 7 0 4
22076 Nc3 0 0 6
22076 Nf3 1 0 4
22074 Nc3 5 0 3
22074 Nf3 2 0 3
22075 Bb5 2 0 6
22077 Qxb4 0 0 5
22078 Nc3 12 1 23
22079 Nc3 2 0 10
22083 c3 4 2 4
22081 Nf3 6 1 9
22081 Bb5 6 0 7
22081 Nc3 3 0 6
22080 Nc3 13 4 23
22080 Bg5 6 1 16
22080 Bd3 10 0 13
22080 f3 3 0 4
22084 Nc3 0 0 5
22082 Nc3 3 0 13
22082 Bb5 3 2 10
22082 Nf3 2 0 9
22090 Qd3 4 1 5
22090 Qf5 1 1 5
22090 Qb3 1 0 4
22097 c3 2 0 5
22095 Nc3 2 1 4
22092 Nc3 17 0 18
22092 Bb5 6 0 6
22092 e5 3 1 3
22092 Nf3 2 0 3
22096 Nc3 5 0 5
22094 Nc3 9 1 13
22094 Bb5 1 0 6
22093 Nc3 15 0 8
22093 Bb5 7 0 6
22093 Nf3 2 0 3
22104 Qe3 5 0 0
22106 Nf3 5 0 2
22107 Bc4 5 0 2
22110 e5 4 0 1
22111 Nf3 5 0 7
22112 Nf3 2 0 3
22113 Nf3 1 0 4
22113 cxd4 2 0 3
22119 bxc3 15 0 11
22119 Bxf7 5 0 2
22119 Nxc3 4 0 1
22122 Nxc3 5 0 1
22122 Nf3 3 0 2
22122 Bxf7 4 0 1
22118 Nf3 17 0 8
22118 Nxc3 7 1 6
22118 Qb3 4 1 3
22117 Nf3 20 0 2
22117 e5 10 1 4
22117 Nxc3 6 1 8
22121 Nxc3 14 1 2
22120 Nxc3 14 0 5
22124 Qxc2 6 0 3
22115 Bxb2 165 5 86
22116 Nf3 19 1 10
22116 Nxc3 4 0 10
22116 Qb3 7 0 7
22129 Qxe5 8 0 0
22130 Qxe5 4 0 2
22133 Nc3 3 0 4
22134 d4 5 1 0
22135 d4 4 0 3
22138 Bc4 3 0 3
22144 Nc3 9 0 13
22145 Bxc6 4 0 3
22149 Bxe6 9 0 2
22147 O-O 9 0 6
22146 O-O 18 0 9
22146 c3 7 0 1
22150 Nc3 5 0 1
22148 O-O 6 0 5
22154 Nc3 5 0 1
22157 d4 11 0 5
22158 O-O 3 0 2
22159 O-O 5 0 2
22156 O-O 12 0 4
22156 d4 4 0 1
22167 c3 5 0 1
22163 e5 5 0 1
22163 Nc3 2 0 3
22164 e5 3 0 4
22164 exd5 6 0 1
22166 Bxf4 6 0 0
22169 Nxe4 1 0 4
22171 Qxf3 4 0 2
22173 Nf3 5 0 0
22172 Nf3 3 0 3
22176 Bxf4 5 0 2
22177 Bg2 2 1 2
22181 Bc4 6 1 3
22181 d3 3 0 4
22181 Qe2 5 0 2
22182 dxe4 4 0 2
22183 Nc3 3 0 2
22184 d4 5 0 4
22184 c4 3 0 2
22185 Nc3 5 1 5
22189 Qxf3 6 1 8
22188 d3 7 0 1
22188 Nc3 6 1 1
22193 Bxf3 4 0 1
22198 O-O 4 1 4
22195 O-O 7 0 7
22197 d3 3 0 2
22196 O-O 5 0 5
22201 Nc3 7 0 0
22205 Bxf4 4 0 3
22211 d4 1 0 6
22213 d4 6 0 3
22212 d4 4 1 6
22215 c3 11 0 3
22214 Bxf4 31 1 11
22214 Bc4 7 0 2
22217 d4 5 0 0
22218 Kf1 37 2 19
22218 g3 19 0 10
22218 Ke2 4 0 3
22218 Nxh4 2 0 4
22220 Nxh4 4 1 2
22221 g3 3 0 6
22221 Ke2 4 0 5
22222 d4 7 0 5
22227 d4 14 0 2
22228 O-O 7 0 0
22226 Nc3 8 0 1
22226 O-O 6 0 1
22226 d3 6 0 0
22226 e5 3 0 2
22229 O-O 1 1 3
22225 O-O 10 0 7
22224 O-O 12 0 4
22224 d4 12 0 4
22232 c3 6 0 3
22231 e5 6 0 1
22231 exd5 6 0 1
22230 Bxf4 11 0 4
22237 O-O 4 0 1
22238 e5 5 0 0
22244 Bc4 5 0 1
22244 d4 4 1 0
22242 d4 6 0 4
22242 h3 2 1 4
22243 d4 7 0 2
22246 Be2 3 0 2
22247 e5 3 0 3
22249 Nxe4 6 0 3
22250 d4 13 0 5
22251 d4 4 0 2
22253 c4 3 1 4
22253 d4 3 0 4
22253 Nc3 2 0 3
22252 Nc3 28 0 10
22257 Bxe6 5 2 11
22259 O-O 11 0 5
22254 O-O 27 1 18
22254 d4 5 0 3
22256 O-O 6 0 5
22256 d4 8 1 1
22258 d3 7 0 1
22258 O-O 4 0 2
22260 O-O 4 0 4
22255 O-O 9 1 6
22255 d4 7 1 2
22262 Bxf4 16 0 6
22263 Bxf4 8 0 7
22265 Nc3 3 0 5
22266 d4 4 0 1
22269 Bc4 3 0 2
22272 O-O 10 0 13
22272 d4 5 0 4
22273 O-O 4 0 3
22273 d4 4 0 1
22271 O-O 13 1 8
22271 d4 5 1 5
22276 O-O 4 0 1
22270 Ne5 14 0 10
22270 O-O 5 1 4
22270 Bxf7 6 0 2
22278 Bc4 4 1 4
22277 Bc4 2 0 3
22283 Ng5 9 0 13
22283 Ne5 5 0 6
22285 O-O 7 0 4
22285 d4 3 0 2
22286 O-O 6 0 3
22292 Bb3 3 0 4
22293 d4 9 1 13
22293 Nf3 4 0 12
22293 d3 3 0 8
22293 h3 5 0 3
22293 c4 2 0 5
22293 Ne2 2 0 3
22294 a3 3 1 7
22294 d3 4 0 2
22295 d4 3 0 4
22298 Bxd7 2 1 3
22297 Be2 2 0 6
22297 Ba4 5 1 1
22297 Bd3 1 0 4
22301 Bb3 3 0 4
22301 Bb5 3 0 2
22300 Bb3 4 0 10
22300 Bb5 7 0 6
22302 dxe6 3 1 1
22303 exd5 5 1 1
22305 Nxd4 2 1 4
22308 d4 4 0 7
22311 Bd2 4 1 2
22310 Nf3 8 1 13
22310 a3 4 1 6
22310 Bg5 5 0 5
22310 Bd3 2 0 6
22312 Nf3 0 1 4
22313 Nf3 1 1 4
22316 Nbc3 3 0 5
22328 d4 4 0 1
22329 exd6 5 0 0
22330 Be3 4 0 1
22331 Bd3 3 0 5
22334 Bd3 9 0 14
22334 Bd2 2 0 3
22335 e5 5 0 0
22337 Bb3 3 0 3
22338 Bb5 5 0 4
22338 Bb3 3 0 3
22339 Nxd4 5 0 5
22340 Nxd4 3 0 4
22344 Be3 1 0 4
22343 Nxc6 6 1 13
22343 Nc3 3 0 7
22346 Qd1 1 0 4
22348 Bb3 6 0 5
22348 Bb5 1 1 4
22350 d4 5 1 4
22351 c3 5 0 5
22351 Bb5 3 0 2
22352 Nc3 2 0 3
22352 c4 2 1 2
22355 d4 1 0 5
22358 d3 7 1 15
22358 Ng3 5 0 3
22358 c3 1 0 5
22360 Nxf6 6 0 3
22361 e5 3 0 3
22362 Nxf7 4 0 1
22363 Kxd1 5 2 13
22368 c3 1 0 5
22370 Bxd7 4 0 4
22370 Qe2 2 0 3
22369 Bxc6 8 2 8
22369 d4 4 0 2
22372 a3 2 0 3
22373 d4 6 1 21
22373 Bb5 2 0 10
22374 d4 2 0 8
22375 c3 12 2 23
22375 Bb5 4 0 9
22375 dxc5 1 1 9
22375 Bd3 3 1 1
22377 c3 3 1 11
22376 Nxd4 5 0 9
22376 Qxd4 5 0 7
22376 Bd3 2 0 7
22378 c3 2 0 3
22378 exf6 3 0 2
22379 d4 11 0 3
22379 Bc4 3 0 5
22379 Bb5 3 0 2
22383 Nc3 5 0 1
22382 Nc3 2 0 4
22384 Be2 2 0 3
22384 Ba4 3 0 2
22385 O-O 8 0 8
22386 d4 9 0 20
22386 Bb5 2 0 5
22386 d3 3 0 4
22388 d4 2 1 3
22387 Nb5 2 0 3
22389 Nc3 4 0 3
22389 d4 1 0 4
22389 d3 1 0 4
22390 Qxe7 2 1 4
22391 d4 3 0 4
22392 cxd5 3 0 2
22395 Bxc4 2 0 3
22398 Nc3 10 1 25
22398 Bd3 4 0 18
22398 c3 4 0 4
22398 Be3 4 0 3
22398 h3 2 1 4
22398 c4 1 0 4
22398 Be2 0 0 5
22400 Nc3 5 2 8
22400 Bd3 6 0 8
22401 Be2 8 2 9
22401 Nc3 3 0 2
22402 Nc3 2 4 3
22402 Bd3 3 0 2
22397 Nc3 59 7 85
22397 Bd3 33 7 67
22397 c4 23 3 32
22397 Bg5 15 2 15
22397 Be2 7 3 17
22397 h3 9 2 14
22397 Be3 8 0 5
22397 c3 5 1 7
22397 Ne5 0 1 6
22397 Bb5 2 0 5
22397 Qe2 2 0 4
22405 Qe2 4 0 3
22399 dxc5 10 0 12
22399 c4 5 0 4
22399 Nc3 4 0 1
22399 Bb5 3 0 2
22403 Bd3 3 1 1
22404 Nc3 1 0 5
22409 d5 2 0 4
22410 O-O 3 0 2
22415 Nf3 1 0 4
22416 d3 2 0 7
22418 Nc3 4 0 3
22420 Nc3 4 0 1
22419 Bxc4 6 0 3
22421 O-O 4 0 1
22423 Kxd1 3 1 7
22425 Be2 0 0 5
22427 Nc3 1 0 4
22429 Bd3 1 0 7
22431 O-O 2 1 2
22435 Nf3 4 0 1
22436 Bd2 12 0 3
22440 f4 5 0 1
22442 f3 4 0 2
22445 Bd3 4 0 3
22447 Bd3 5 0 4
22448 cxd5 1 0 4
22451 Be3 4 0 4
22450 Nc3 12 1 5
22450 Nxc6 5 1 3
22454 Bb5 4 0 1
22455 e5 3 1 4
22462 c4 8 1 4
22462 Bb5 5 0 2
22464 Qe2 1 0 4
22472 e5 9 0 3
22472 exd5 6 0 2
22475 c3 6 0 2
22477 Bxc3 4 0 7
22479 bxc3 3 0 5
22480 a3 9 0 9
22480 Bd2 5 0 3
22486 e5 2 0 4
22484 e5 18 0 13
22488 f4 11 1 6
22488 Nf3 9 0 6
22489 Bg5 5 0 1
22490 exd5 3 0 2
22491 dxc5 6 1 4
22491 Nf3 4 0 3
22496 Nf3 4 0 1
22493 Nf3 5 0 2
22492 Bg5 7 0 9
22492 Nxf6 9 2 5
22498 f4 8 0 4
22498 Bd3 6 1 3
22498 Ngf3 2 0 4
22499 Ngf3 3 0 2
22501 Bg5 3 0 2
22501 Nxf6 3 0 2
22508 Nf3 3 0 3
22510 Bxd7 2 0 7
22512 Bb5 2 1 3
22512 c3 1 1 3
22513 b3 5 0 6
22514 Bxd4 2 0 13
22515 Bb5 13 2 23
22515 c3 13 1 9
22515 Bd3 7 0 3
22515 Be3 1 0 8
22515 dxc5 3 0 4
22517 c3 4 0 2
22517 Nc3 3 0 3
22516 Nxd4 9 1 10
22516 Qxd4 3 0 4
22516 Bd3 3 0 4
22521 Nf3 5 0 5
22518 Nf3 109 6 131
22518 Bb5 17 2 29
22518 Be3 10 2 21
22518 f4 9 0 13
22518 b3 3 0 3
22518 a3 5 0 1
22522 Bd2 1 0 5
22519 Nf3 38 4 36
22519 f4 3 0 3
22519 Be3 1 1 4
22519 a3 3 0 3
22523 Nf3 4 0 2
22520 cxd4 18 2 13
22525 Qxd4 1 0 9
22528 Qg4 8 0 5
22528 Nf3 6 0 6
22530 Nf3 3 0 3
22531 Qxd4 2 0 3
22532 c3 7 1 5
22533 Nxe5 4 0 3
22534 Nf3 4 0 2
22535 c3 3 0 7
22536 fxe5 5 0 3
22539 Bd2 3 0 2
22537 Nf3 9 3 9
22545 Bd3 2 0 9
22547 h3 6 0 5
22547 Ne2 4 1 4
22547 Nf3 2 0 6
22549 Ne2 3 1 1
22548 c3 4 0 3
22546 h3 25 1 15
22546 Ne2 22 3 15
22546 Nf3 12 1 10
22546 Bg5 1 1 5
22546 c3 3 0 2
22553 Bd3 2 0 3
22556 Bd2 6 0 7
22555 Nf3 13 1 18
22555 Bg5 5 1 13
22555 Bd3 2 0 3
22558 dxc5 4 0 1
22557 Nf3 2 0 4
22560 Ng3 2 1 2
22562 Bd3 5 1 9
22562 Nc3 4 0 3
22563 Bd3 1 1 7
22569 Bd3 3 0 3
22564 Be2 5 0 4
22561 Bd3 37 2 37
22561 Be2 11 4 5
22561 Bg5 11 0 6
22561 Nc3 5 0 7
22561 c4 4 1 1
22566 dxc5 3 0 3
22565 Be2 4 0 2
22565 Bd3 2 0 3
22568 Bd3 3 0 3
22575 Nc3 1 0 5
22575 Nf3 1 0 4
22574 Nc3 11 1 12
22574 cxd5 3 0 4
22574 Nf3 2 0 5
22576 Bxc4 3 0 3
22578 c3 3 0 2
22579 Nf3 4 0 1
22585 Nf3 6 0 1
22587 Bb5 3 0 4
22589 Nf3 6 0 5
22589 Bb5 2 0 4
22590 Nf3 2 0 3
22591 Nf3 2 0 3
22593 Kxd1 3 4 9
22595 Nf3 3 0 2
22597 Bd3 4 1 3
22597 Be3 2 0 3
22599 Bd3 4 0 1
22602 d3 1 0 4
22605 d4 6 0 0
22607 Bb5 14 0 13
22607 d3 7 0 8
22607 d4 6 1 7
22607 c3 1 1 8
22608 d3 1 0 4
22610 c3 1 1 7
22610 Nf3 5 0 2
22616 d4 2 1 7
22615 d4 11 0 15
22622 Nf3 3 0 2
22620 Nf3 7 0 11
22627 Qxc4 5 0 3
22631 Nc3 5 0 1
22632 Qxe4 23 0 11
22633 Qxe4 18 0 15
22634 Qxe4 4 0 6
22636 Nf3 4 0 2
22638 d3 3 1 2
22641 d4 5 0 1
22644 d5 4 0 1
22653 O-O 3 1 2
22662 f3 4 0 1
22665 O-O 5 0 0
22664 Nc3 2 0 4
22671 Ne2 2 0 3
22673 Nf3 1 0 4
22675 Nf3 3 0 2
22677 cxd4 1 0 5
22680 fxe5 7 0 6
22683 Bd3 5 0 4
22694 c4 2 0 4
22697 g3 4 1 10
22700 O-O 2 0 4
22701 Nc3 2 0 3
22704 Nc3 4 0 5
22706 Nc3 1 0 4
22710 Qxd4 7 0 1
22714 dxe5 3 0 5
22713 dxe5 6 1 3
22715 Nf3 8 0 7
22716 Nf3 4 0 2
22721 Nf6 5 0 1
22723 d6 3 0 3
22723 d5 2 0 3
22737 f5 2 0 7
22737 Nf6 0 0 5
22739 e5 3 0 3
22740 Nf6 2 1 2
22741 O-O 2 0 4
22744 O-O 2 0 4
22743 O-O 4 0 11
22745 Nc6 8 3 6
22745 cxd4 2 0 4
22746 cxd4 2 0 4
22749 Bg7 5 0 3
22753 Bxc6 5 0 5
22754 bxc6 1 0 4
22755 Nf6 3 0 3
22756 O-O 1 0 4
22758 c6 6 0 1
22763 O-O 3 1 4
22765 O-O 3 0 2
22766 c6 0 0 5
22771 Nc6 0 0 5
22776 Nxd5 2 0 3
22778 cxd5 4 1 2
22779 Nxc3 4 1 3
22780 Nxd5 4 0 2
22782 O-O 6 0 1
22789 Bc5 0 0 5
22792 dxe5 6 0 1
22793 c6 5 0 3
22799 Nxe4 4 0 1
22801 a6 3 0 2
22803 d5 2 0 5
22804 Be7 4 0 1
22805 c4 4 0 1
22807 Nc6 3 1 1
22808 d6 4 0 3
22809 O-O 4 0 1
22811 O-O 5 0 4
22812 O-O 5 0 7
22813 O-O 2 0 8
22814 d6 3 0 3
22816 d6 3 0 7
22817 O-O 5 1 8
22818 Bxc5 2 0 3
22819 g6 11 2 7
22819 e5 2 0 11
22819 e6 2 0 4
22820 g6 3 1 3
22822 axb5 4 0 3
22824 Qxb6 3 0 4
22821 Bxa6 6 2 5
22823 axb5 4 1 2
22826 Be7 4 1 8
22831 e6 4 0 2
22833 Nc6 5 0 0
22838 O-O 2 0 4
22837 O-O 5 0 3
22835 O-O 5 0 3
22836 O-O 3 0 6
22839 O-O 2 0 3
22840 Bb4 3 0 3
22842 f5 6 0 0
22843 Nc6 11 0 14
22844 Bb4 3 0 8
22849 b6 1 1 5
22847 Bxc3 3 1 7
22854 Bb7 3 0 3
22855 O-O 2 1 2
22857 Bxc3 10 0 1
22862 O-O 6 0 12
22862 b6 4 1 5
22862 c5 3 0 6
22862 d5 2 0 5
22864 Nc6 5 0 5
22865 d6 7 2 2
22868 O-O 3 0 5
22869 Be7 3 1 1
22870 Nc6 4 0 1
22874 Nxc3 4 1 0
22879 Be7 2 0 5
22882 d6 5 0 0
22883 O-O 2 0 3
22884 d6 4 0 3
22885 d6 3 0 5
22890 O-O 3 0 2
22886 O-O 15 1 12
22888 O-O 3 0 6
22887 O-O 12 1 12
22889 O-O 5 0 0
22893 O-O 3 0 2
22892 O-O 4 0 7
22895 d6 4 0 2
22894 Ne8 4 0 3
22902 O-O 5 0 5
22900 O-O 6 1 5
22901 O-O 5 1 3
22897 O-O 30 1 31
22904 dxe5 6 1 2
22899 O-O 14 1 20
22898 O-O 28 1 19
22903 O-O 3 0 3
22905 dxe4 3 0 5
22908 O-O 3 0 3
22907 dxc4 5 0 2
22906 O-O 4 0 5
22910 O-O 1 0 4
22912 Bg7 5 1 5
22911 Nxc3 32 8 40
22913 O-O 9 2 19
22916 O-O 2 0 3
22918 O-O 3 1 1
22923 Nc6 2 0 4
22925 d6 3 0 3
22926 O-O 4 0 1
22928 O-O 1 0 5
22929 Qxd1 2 0 3
22931 e6 4 0 1
22932 Bg7 4 1 0
22933 a6 4 0 1
22934 Bg7 3 2 2
22936 e6 5 1 0
22942 e6 1 0 4
22940 e6 3 0 2
22943 e6 5 0 0
22944 e6 11 0 2
22946 e6 3 1 2
22945 e6 5 1 1
22947 e6 4 0 1
22948 e6 4 0 1
22950 Bxe4 5 0 1
22952 e6 3 1 3
22953 Qc7 2 0 3
22954 Qc7 3 1 4
22955 Bg7 3 0 3
22960 Bg7 14 1 21
22961 Bg7 5 0 3
22963 Nf6 4 0 4
22965 Nf6 5 0 0
22966 Bg7 9 0 3
22968 Nf6 4 0 1
22969 d6 1 0 4
22970 d6 3 0 2
22971 Nf6 8 1 4
22972 Qf6 1 1 5
22972 b6 3 0 4
22974 Be7 2 0 8
22976 Be7 4 0 1
22978 Nf6 2 0 4
22979 Nf6 1 0 4
22981 e6 4 0 1
22983 e6 3 1 4
22986 Ne4 4 0 4
22986 Nh5 4 0 1
22987 Bg4 2 0 4
22988 cxd6 1 1 4
22990 fxe5 3 0 2
22991 Bxc6 1 0 4
22996 Nc6 2 0 4
22999 h4 5 0 2
23003 a6 5 1 2
23005 Bxf4 4 0 1
23006 fxe5 3 0 2
23007 c6 13 0 1
23007 e6 7 0 0
23008 Ne4 11 0 2
23008 Nh5 7 0 4
23009 exf6 5 0 1
23010 exf6 8 0 1
23011 Qxf6 11 0 2
23013 Qxf6 4 0 1
23014 Bxf4 7 0 3
23014 a6 7 0 2
23014 O-O 4 0 1
23015 c6 6 0 1
23015 Bd7 5 0 0
23019 Bg6 5 0 1
23023 Bd6 5 1 2
23024 Bxf4 13 0 2
23024 O-O 8 1 0
23026 Bd6 9 0 2
23027 Be7 4 0 2
23027 c5 3 0 2
23030 Nc6 4 0 2
23030 Nf6 6 0 0
23031 Na6 4 0 1
23032 Bd6 1 0 5
23036 hxg6 2 0 3
23041 bxc6 4 0 2
23044 a6 7 1 2
23044 e6 4 0 2
23045 e6 2 0 4
23048 Bd6 6 0 2
23050 O-O 3 0 2
23058 Nc6 5 0 1
23060 O-O 3 3 2
23066 Bxc5 5 1 3
23068 O-O 5 0 1
23083 Bg4 5 0 0
23084 Nb4 1 0 5
23084 e6 5 0 0
23085 e6 11 0 4
23085 Nc6 11 0 4
23087 c6 3 0 3
23090 Nxd4 1 0 4
23093 Bb4 3 0 3
23094 Bb4 5 0 2
23097 O-O 3 0 2
23096 Nxd5 4 0 1
23095 O-O 4 0 1
23101 Nc6 4 0 1
23104 Bxc3 3 0 2
23105 Nxc3 1 1 4
23110 e6 8 0 0
23112 e6 21 2 4
23120 e6 4 1 5
23121 e6 4 0 4
23123 e6 2 1 3
23125 Bf5 2 1 2
23126 Be7 8 0 5
23129 Bg7 3 0 4
23130 Nxc3 2 1 2
23131 Nc6 6 0 7
23132 e6 5 1 4
23134 Bb4 3 0 5
23134 Nbd7 3 0 2
23135 Bb7 3 0 2
23138 Qa5 5 0 1
23140 Be7 9 0 6
23140 Bb4 3 0 2
23142 Bb4 4 0 1
23144 Nf6 2 0 3
23147 e6 3 0 3
23149 Bf5 5 0 1
23150 Be7 3 0 3
23153 Bg7 4 0 4
23156 Nf6 3 0 3
23158 e6 1 2 3
23157 g6 6 0 1
23157 e6 4 0 1
23159 Nc6 4 0 2
23161 e6 7 0 0
23163 Bg7 3 0 2
23166 e6 9 0 4
23169 e6 8 1 1
23170 Bf5 3 0 2
23173 e6 4 1 2
23175 Bb4 4 1 5
23176 Nc6 3 0 2
23177 Bh5 5 0 6
23178 Ne5 3 0 3
23180 Bb4 10 0 2
23180 Nc6 2 0 3
23183 c6 8 0 3
23185 e6 3 0 2
23187 Bd7 4 0 1
23191 Be7 4 0 1
23194 Bxc3 7 0 2
23197 Bxc3 8 0 7
23197 Nf6 4 0 1
23198 Nc6 0 0 5
23200 Bb4 6 0 0
23204 Nf6 5 0 1
23212 Bxc4 2 0 3
23219 Be7 4 0 1
23219 Bb4 3 0 2
23222 c6 7 0 0
23224 Bxb5 5 0 3
23225 Bxb5 11 0 7
23227 Bd7 4 0 1
23228 cxb5 69 1 11
23229 cxb3 2 0 3
23231 Bxd2 3 0 4
23234 Bb4 2 0 3
23234 Be7 3 1 1
23239 Bh5 3 0 2
23240 Bb4 4 0 2
23241 e6 5 0 3
23242 c6 2 0 3
23244 Bxb5 2 0 3
23245 cxb5 8 0 5
23247 exd5 6 0 0
23249 b5 3 0 2
23250 cxd5 3 1 1
23252 Bxd2 5 0 1
23251 Bxc3 3 0 2
23253 a6 3 0 2
23254 Bb4 6 0 2
23256 c6 4 0 1
23257 Bb4 5 0 2
23260 Kxd8 2 1 2
23261 exd4 4 1 3
23263 Bb4 0 1 4
23263 Bg4 2 0 3
23262 Bg4 5 0 3
23262 f6 7 0 1
23267 dxe3 3 0 6
23272 dxc4 6 0 3
23273 b5 5 0 5
23274 b5 4 0 2
23275 dxc4 2 1 3
23277 Be6 4 0 5
23284 Bxf6 7 0 4
23283 O-O 7 0 8
23283 b6 5 0 0
23283 h6 3 0 2
23283 Nbd7 2 0 3
23285 Nxd5 3 0 3
23282 O-O 12 2 10
23282 h6 12 1 5
23282 b6 6 1 1
23286 c6 2 0 3
23289 exd5 2 0 3
23288 Nbd7 5 0 2
23290 h6 5 0 0
23292 O-O 6 0 3
23292 dxc4 1 0 4
23294 O-O 8 1 4
23294 c6 3 1 1
23295 O-O 10 0 8
23296 O-O 7 0 7
23300 Be7 2 0 4
23301 Nc6 8 1 1
23303 Nbd7 4 1 3
23304 Bd6 5 0 1
23306 Nxc3 6 2 5
23307 Be7 9 0 2
23307 c6 5 3 2
23310 O-O 9 0 2
23312 O-O 4 0 9
23312 Nbd7 1 1 3
23313 O-O 4 1 1
23315 Nc6 9 1 5
23317 Nc6 4 0 3
23321 Be7 7 2 6
23321 Bb4 6 0 0
23323 Nf6 5 0 2
23327 Nf6 7 0 1
23329 Bxc3 5 0 0
23337 Bxf6 2 0 3
23336 O-O 4 1 0
23338 Bxc3 4 0 1
23343 O-O 4 0 5
23346 Bxc5 0 0 6
23349 axb4 1 0 6
23355 Be7 5 0 1
23360 Nc6 5 0 0
23362 axb6 2 0 4
23362 cxb6 3 0 2
23363 Nb6 2 0 3
23368 e6 4 0 3
23369 c4 4 0 2
23378 O-O 2 0 3
23379 c5 3 0 2
23384 Bc8 1 0 4
23386 Bg6 2 0 4
23388 e6 1 0 7
23388 Bg4 3 1 2
23387 e6 9 1 10
23387 Nc6 12 0 5
23387 Bg4 10 0 6
23387 c6 3 0 6
23387 Qxd4 6 0 3
23389 Nf6 1 0 5
23395 h6 2 0 5
23396 Nh5 4 0 1
23407 Be7 3 0 2
23409 Be7 4 0 4
23408 Be7 8 1 12
23410 dxe5 3 0 2
23411 O-O 3 0 3
23412 O-O 4 0 1
23413 O-O 5 0 0
23414 Be6 1 1 3
23416 O-O 2 0 3
23415 O-O 2 1 2
23417 e5 3 0 2
23419 Be7 6 0 1
23421 Bb4 3 1 3
23421 Bc5 4 0 2
23423 Qxb2 2 0 6
23424 Qxf4 1 1 3
23425 Qxf4 0 0 6
23426 Qxe5 4 0 2
23427 Nf6 4 0 1
23433 Be7 2 0 3
23435 c6 0 0 5
23440 Bd6 4 0 3
23440 c5 2 0 5
23442 O-O 1 0 4
23443 O-O 0 1 4
23444 c5 4 0 1
23445 O-O 2 0 3
23446 O-O 3 0 2
23453 O-O 2 1 3
23452 O-O 2 0 5
23455 O-O 4 0 1
23456 O-O 2 0 5
23457 O-O 2 0 3
23458 O-O 3 1 2
23462 Nf6 5 1 4
23466 Nf6 7 0 1
23472 exd5 4 0 1
23470 O-O 7 0 6
23470 h6 2 0 3
23474 O-O 8 2 8
23473 O-O 11 2 11
23477 exd5 3 0 2
23475 O-O 4 0 7
23476 O-O 4 1 5
23479 Be7 7 1 2
23479 c6 3 0 2
23483 O-O 5 2 5
23482 O-O 8 1 3
23488 b5 4 0 2
23490 cxd4 3 0 2
23492 O-O 2 0 6
23493 cxd4 3 1 1
23498 a6 3 0 9
23499 a6 3 0 2
23503 exd5 1 1 5
23507 c5 2 0 3
23508 Qb6 3 0 3
23516 O-O 3 1 1
23517 O-O 2 1 3
23521 O-O 1 0 4
23523 e6 1 0 4
23526 Nc6 2 0 5
23529 O-O 3 1 1
23534 O-O 3 0 4
23534 d6 2 0 4
23535 e6 2 0 3
23536 e6 3 0 8
23538 e6 1 0 4
23544 Bb4 3 0 2
23553 Be7 4 1 4
23557 O-O-O 1 1 3
23559 Bc5 4 0 2
23559 Bb4 3 0 2
23562 exd3 1 0 5
23566 c5 1 0 4
23568 cxd2 1 0 4
23567 cxd2 2 1 7
23570 Bf5 1 1 3
23571 Bg4 12 2 10
23571 Nc6 4 0 6
23572 Nc6 5 0 5
23577 Nxe4 1 0 4
23578 Nc6 0 0 5
23580 d6 4 0 2
23582 exd6 2 0 6
23583 exd6 7 0 8
23583 cxd6 4 0 3
23585 Nb6d7 2 0 3
23586 e6 10 0 15
23587 e6 5 0 2
23587 Nxc3 4 0 1
23588 d6 4 1 2
23588 e6 0 2 4
23592 dxe5 1 0 4
23592 Bg4 3 0 2
23590 exd6 13 3 15
23590 cxd6 12 1 11
23591 dxe5 9 1 14
23591 Bf5 1 0 5
23593 cxd6 0 0 6
23594 exd6 3 0 2
23597 dxe5 3 0 3
23599 c6 3 1 3
23603 Bg4 2 0 5
23601 exd6 11 1 19
23601 cxd6 4 0 6
23602 dxe5 9 1 8
23602 Bf5 4 0 2
23605 Nb6 3 0 3
23606 Bc5 6 0 0
23607 Nf6 3 2 3
23608 Nf6 5 0 4
23609 Nf6 4 0 4
23610 Bxa8 2 1 5
23611 e6 1 1 3
23612 cxd5 3 1 1
23618 f6 3 0 2
23619 Ke8 8 0 0
23621 e6 1 0 4
23622 Nc6 2 0 8
23625 Bxc3 10 1 3
23624 Nf6 2 0 10
23624 Bxc3 4 0 5
23624 Ne7 1 1 3
23628 e6 2 0 7
23632 e6 5 0 1
23631 e6 5 0 2
23629 e6 3 0 5
23630 e6 7 0 3
23635 e6 2 0 3
23639 e6 5 0 1
23643 Nf6 3 1 4
23645 c5 3 0 2
23647 e6 3 0 2
23648 e6 10 0 2
23654 e6 3 0 4
23659 Nf6 2 0 3
23660 Be7 3 0 2
23663 exd5 4 0 5
23664 exd5 2 0 3
23665 Nf6 1 0 5
23671 Nxd5 1 0 6
23673 exd5 1 1 3
23676 Kc7 2 0 4
23682 exd5 3 0 5
23687 Bd7 10 0 14
23687 Nc6 8 0 5
23691 Nf6 4 1 1
23692 Nf6 5 0 3
23694 Nf6 4 0 5
23699 bxc6 4 0 2
23700 Nf6 1 0 4
23701 bxc6 0 0 5
23703 Bg7 4 0 4
23705 d6 5 0 1
23705 e6 2 0 3
23707 d6 4 0 1
23708 d6 1 0 4
23710 a6 3 0 4
23711 Nc6 3 0 3
23712 Nf6 2 1 3
23714 Bg7 5 0 2
23715 Bg7 5 0 2
23717 Nf6 2 0 3
23718 Ne7 3 3 1
23719 Nf6 8 2 4
23720 Nf6 2 0 3
23721 Nc6 2 0 3
23725 d5 6 0 3
23725 d6 3 0 4
23725 e6 4 0 2
23726 d6 1 0 8
23726 d5 3 1 2
23727 cxd4 4 1 7
23729 Bg4 1 1 3
23731 g6 4 1 2
23731 e5 0 0 6
23732 Bg4 2 0 3
23733 cxd4 5 1 5
23736 Bd7 1 2 2
23735 Bd7 3 2 0
23737 d5 6 0 3
23739 cxd4 3 1 2
23745 Bg7 2 0 3
23742 Bg7 8 0 3
23743 Bg7 2 0 4
23744 cxd4 1 1 4
23746 Bg7 1 1 6
23752 d5 2 0 4
23756 exd5 6 0 2
23757 d5 0 1 6
23758 b5 4 0 1
23759 exd5 2 0 5
23760 b5 3 1 4
23761 exd5 4 1 12
23762 b5 1 0 4
23763 exd5 2 1 5
23764 Nf6 9 1 14
23764 a6 5 0 3
23764 Bc5 3 0 4
23764 Nxd4 5 0 2
23764 d5 3 0 3
23764 Qc7 5 0 0
23764 d6 2 0 3
23765 exd5 4 2 3
23767 d6 1 0 4
23768 cxd4 5 0 3
23769 Bg7 3 1 8
23772 a6 6 0 1
23773 Nf6 4 2 10
23773 a6 3 1 1
23774 bxc6 0 0 5
23777 Nf6 5 1 10
23777 Nxd4 9 0 5
23777 a6 3 0 2
23779 Bg7 9 0 19
23780 cxd4 4 0 2
23783 e6 1 1 4
23783 Nf6 0 1 5
23783 Bg4 1 1 3
23784 exd4 1 0 10
23785 d5 1 1 4
23786 exd5 3 0 2
23787 Bg7 4 0 5
23791 e5 35 4 36
23791 d6 32 1 40
23791 a6 17 0 7
23791 e6 7 1 11
23791 g6 11 0 5
23792 bxc6 10 4 42
23793 d6 4 0 3
23794 e6 21 0 22
23794 d6 24 1 17
23794 Nf6 15 1 3
23794 Qb6 3 0 2
23795 e6 3 0 6
23796 bxc6 2 0 3
23797 e5 5 0 4
23797 e6 2 0 3
23798 bxc6 3 1 5
23801 Bd7 5 0 6
23799 Nf6 15 1 8
23799 g6 3 1 8
23799 Bd7 5 0 3
23799 e5 3 0 3
23799 a6 1 0 4
23800 bxc6 7 1 15
23802 Nf6 3 0 5
23808 Nf6 13 2 16
23808 d6 4 0 5
23807 d6 21 2 17
23807 a6 19 2 17
23807 Nf6 14 1 4
23809 Nf6 5 1 10
23809 d6 2 0 4
23810 d6 7 0 4
23806 bxc6 56 7 72
23811 a6 12 1 10
23811 Bc5 6 0 3
23811 Nf6 2 0 4
23812 bxc6 17 0 15
23820 Bg7 2 1 7
23822 Bg7 2 0 3
23818 Bg7 13 0 11
23816 Bg7 47 2 41
23817 bxc6 20 1 22
23821 Bg7 2 0 3
23819 Bg7 7 1 5
23823 d6 5 0 3
23823 e6 5 0 2
23823 g6 3 0 3
23825 dxe5 4 0 1
23826 Nxd8 6 0 2
23827 Nce7 8 0 3
23827 Nb8 6 0 0
23828 e5 1 0 4
23830 e5 6 0 2
23833 g6 15 0 7
23835 Ngf6 6 2 5
23835 g6 4 1 2
23835 e6 0 0 5
23836 cxd4 7 1 10
23838 Nc6 7 1 3
23839 cxd4 4 1 9
23844 cxd4 5 0 3
23846 bxc6 2 0 3
23847 Bd7 3 0 7
23848 Ke8 1 0 4
23850 Nf6 6 0 7
23850 g6 1 1 4
23858 e6 3 1 6
23859 cxd4 0 0 6
23861 Be7 3 0 3
23865 Nc6 3 0 11
23865 a6 3 0 7
23865 Nf6 0 0 8
23866 Nc6 3 1 3
23867 cxd4 1 0 4
23869 Nf6 2 0 4
23870 cxd4 0 0 5
23871 Nf6 6 1 11
23871 g6 5 0 4
23871 Nxd4 3 0 2
23871 a6 1 1 3
23873 a6 7 1 18
23873 e5 7 1 9
23873 e6 3 0 5
23873 g6 3 0 4
23875 Nf6 4 0 6
23876 Nc6 0 0 7
23876 Nf6 1 0 4
23877 Bg7 2 0 6
23878 Nf6 12 1 7
23878 e6 3 1 2
23879 cxd4 4 0 2
23880 e6 2 0 3
23883 Be7 2 0 5
23885 Nc6 3 0 2
23888 Bd7 6 1 7
23889 g6 4 1 1
23886 g6 11 2 16
23886 Nf6 15 1 4
23886 e6 4 2 8
23886 Nxd4 8 0 1
23886 a6 2 0 3
23886 e5 4 0 1
23887 bxc6 7 0 16
23894 Bd7 16 1 11
23894 Nbd7 3 0 2
23895 a6 5 0 8
23895 g6 1 0 5
23895 Nc6 2 0 4
23893 a6 164 10 182
23893 g6 87 6 85
23893 e6 27 3 36
23893 e5 19 2 17
23893 Nc6 7 0 6
23896 a6 5 0 2
23896 g6 3 0 2
23900 Nf6 14 0 6
23900 e5 3 0 4
23900 g6 1 1 3
23905 Nf6 4 0 1
23904 a6 5 0 3
23906 exd4 2 0 3
23903 Bg4 4 0 5
23903 Nf6 5 1 1
23909 Nf6 2 1 6
23911 Bg7 4 0 1
23910 Bg7 7 2 13
23912 Bd7 11 2 9
23913 Nf6 3 0 2
23915 Nc6 4 0 1
23915 dxe5 4 0 1
23917 Nc6 4 0 1
23919 exd5 3 0 2
23924 cxd4 1 0 5
23925 Nc6 8 0 5
23925 Bd7 3 0 4
23926 Be7 4 0 1
23928 Nf6 5 0 4
23928 Nxd4 4 0 2
23928 a6 5 0 1
23929 Qc7 6 0 14
23929 Bc5 5 0 6
23931 cxd4 3 0 2
23932 Nf6 7 0 9
23935 Nf6 5 0 3
23936 d5 1 0 5
23936 d6 2 0 3
23939 Nf6 3 0 3
23942 Nb6 3 0 2
23943 Qb6 3 1 3
23944 Bb6 2 0 6
23947 a6 2 0 5
23948 a6 5 0 0
23945 a6 38 2 15
23945 Nxd4 13 0 3
23945 Bc5 5 0 7
23945 Bb4 7 0 3
23945 Nf6 7 0 2
23945 d6 3 1 1
23946 bxc6 23 3 22
23956 Nc6 3 0 4
23954 Nc6 6 2 12
23954 Bb4 7 1 7
23954 a6 5 0 4
23954 d6 1 1 3
23955 Qa5 1 0 7
23962 Qc7 1 0 4
23959 Qc7 7 0 4
23961 Qc7 3 0 2
23960 Nc6 5 0 1
23960 Qc7 1 0 4
23957 Qc7 21 3 27
23957 Nc6 18 1 15
23957 Ne7 3 1 11
23957 b5 6 0 6
23958 Qc7 6 0 10
23965 a6 2 0 5
23966 exd5 5 0 9
23968 Nc6 3 2 9
23969 Nf6 3 0 4
23969 c4 3 0 2
23967 Bxc5 14 1 19
23971 Nf6 4 2 1
23974 Nc6 5 0 8
23976 d6 15 0 5
23976 Nc6 2 0 4
23978 Nc6 9 0 16
23977 Nc6 28 0 36
23977 Nf6 5 0 1
23979 Bg7 4 0 7
23980 Bg7 6 0 4
23981 Nc6 6 0 3
23984 Nd5 2 0 3
23985 e6 4 0 2
23986 Qxd5 5 0 0
23987 Ne5 1 1 4
23991 e6 1 0 4
23992 Bg4 1 1 3
23994 Nf6 2 0 3
23996 g6 3 0 2
23999 Nc6 1 0 8
24004 Bg7 1 0 6
24012 d6 5 1 0
24013 bxc6 3 0 2
24016 Bd7 2 0 3
24015 Bd7 2 0 3
24020 g6 2 1 3
24019 e6 4 0 13
24019 d6 1 1 3
24021 Bd7 3 0 2
24022 Nf6 1 0 5
24026 Nf6 2 0 3
24025 Nf6 1 0 6
24029 Nf6 2 0 3
24031 Bg7 3 1 2
24032 Bg7 1 0 4
24034 e6 1 1 3
24035 Nf6 1 1 6
24037 Bg7 1 0 4
24038 Bf5 2 0 3
24041 e6 10 0 10
24041 Nc6 2 0 3
24042 e6 1 0 5
24044 e6 5 0 5
24044 d6 3 0 3
24043 d6 10 0 7
24043 e6 3 0 3
24043 e5 2 0 4
24043 g6 1 0 4
24047 Bb4 3 0 2
24050 Bg7 5 0 1
24051 f5 1 0 5
24054 Nf6 3 0 4
24055 Qd8 2 0 3
24057 Nf6 2 1 2
24058 exd5 6 0 2
24061 e6 3 1 1
24060 e6 2 0 4
24062 cxd4 2 0 3
24063 Bg7 1 2 2
24065 Nf6 6 0 6
24065 Nc6 3 0 2
24066 Nf6 5 0 3
24067 g6 5 0 1
24070 b5 3 0 4
24073 Bd7 6 1 5
24073 Nc6 4 1 6
24074 Nf6 5 0 6
24075 cxd4 4 0 8
24077 Nf6 4 0 4
24076 Nf6 1 1 5
24081 e6 4 0 1
24087 Nxd7 9 4 17
24087 Qxd7 8 1 4
24088 Nf6 4 0 1
24089 bxc6 11 0 8
24090 Nf6 1 0 5
24091 Bxd7 1 1 3
24092 Nf6 2 0 3
24095 Nf6 1 1 3
24099 Nc6 2 0 8
24101 Bg6 1 0 4
24102 Ngf6 5 0 1
24103 gxf6 2 1 4
24104 Bf5 2 0 4
24106 Kxf7 5 0 6
24107 Bg4 3 1 4
24108 Bxd3 11 2 3
24114 Nd7 2 1 6
24114 c5 3 0 4
24115 Bh5 3 0 10
24115 Bxf3 3 0 3
24116 e6 3 0 2
24118 Nxd7 5 1 8
24120 bxc6 5 2 8
24124 Nf6 0 0 7
24125 e6 4 0 2
24125 Nc6 1 0 4
24127 Nxd5 6 2 3
24128 e6 5 0 5
24133 Nc6 3 0 4
24130 e6 15 0 4
24130 Nc6 4 1 8
24130 Nf6 4 0 6
24130 Bxf3 1 2 4
24131 Bh5 6 2 3
24131 Bxf3 3 1 3
24137 Bg4 7 0 7
24137 a6 3 2 7
24137 Nf6 6 1 3
24137 Bd7 6 0 0
24138 Nf6 5 0 11
24138 Bg4 8 0 6
24136 Nf6 14 1 18
24136 Bg4 7 0 10
24136 Bf5 2 2 5
24140 Nf6 3 0 8
24140 Bg4 5 0 4
24139 Bg4 6 0 7
24139 dxc4 2 1 6
24139 Nf6 3 0 6
24146 Bd7 3 0 2
24144 Bg4 4 0 12
24144 e6 3 0 4
24144 Nc6 3 0 3
24143 Bg4 13 0 9
24143 e6 6 2 13
24143 Nc6 0 0 9
24145 e6 4 0 4
24145 g6 3 0 2
24154 Qd8 4 0 1
24156 Bg4 1 0 5
24157 Bf5 6 1 1
24158 Bg6 34 4 32
24160 Ngf6 6 1 7
24162 Bg4 2 1 2
24161 exf6 10 0 4
24161 gxf6 4 0 7
24165 Bg6 9 0 5
24167 hxg6 3 0 2
24168 e6 45 2 45
24168 Qa5 4 0 7
24169 e6 2 0 3
24170 exf5 4 0 1
24171 h5 7 1 8
24171 h6 6 0 8
24173 Bxd3 9 0 15
24173 Bg6 4 0 5
24173 Ne7 3 0 2
24174 Nd7 3 0 5
24174 Ne7 3 0 2
24184 Bxd3 4 0 2
24183 Ne7 3 0 4
24185 Bg6 7 0 1
24186 h6 5 0 0
24189 Bh7 5 0 2
24190 cxd4 1 1 3
24196 Nf6 16 2 19
24202 Nf6 4 1 5
24206 Bxd3 4 0 2
24207 Nf6 4 1 2
24207 e6 3 0 2
24209 Nf6 3 0 6
24208 Nf6 3 0 3
24210 Nf6 3 0 2
24214 e6 8 0 5
24214 Nc6 2 1 8
24217 exd4 3 2 1
24218 Bc5 3 1 1
24222 Bxd3 3 0 3
24228 e6 4 0 2
24229 Nf6 3 0 6
24235 Kxf7 7 0 3
24240 Bf5 1 0 4
24243 Bd7 1 0 5
24246 Nf6 1 1 3
24248 Nc6 3 0 4
24249 Nc6 0 0 5
24251 Nxe5 1 0 5
24253 e6 2 0 4
24259 Bb6 1 0 4
24260 Bxc6 3 0 3
24261 c4 3 0 2
24268 e6 4 0 3
24270 Bg4 16 2 19
24270 e5 4 0 16
24270 Nc6 7 0 9
24270 Bf5 2 1 2
24272 Nc6 3 0 5
24271 Nc6 5 1 12
24271 e5 4 1 4
24277 e5 9 2 8
24276 e5 12 1 14
24278 e5 4 1 1
24279 Nc6 3 0 6
24281 Nxd5 4 1 4
24284 e5 3 2 3
24284 Bf5 3 0 3
24283 e5 10 1 16
24283 Bg4 4 0 2
24285 e5 4 0 2
24286 e5 1 0 4
24289 Nc6 3 0 3
24290 Nc6 1 0 7
24288 Bb4 5 2 4
24292 Qxd5 2 0 4
24298 e5 5 2 2
24297 e5 9 1 2
24301 Bg4 5 1 0
24300 c6 2 0 3
24304 Nf6 6 0 3
24304 Bxf3 5 0 3
24305 Bh5 5 0 9
24305 Bxf3 1 1 3
24306 Bg4 3 0 2
24308 Bg4 1 0 10
24309 Bf5 2 0 7
24307 Bg4 5 0 8
24307 c6 5 1 5
24307 Bf5 5 0 5
24312 e6 4 0 3
24311 e6 4 1 9
24314 Nf6 1 1 4
24314 Bf5 4 0 1
24315 Bg4 3 0 4
24313 Bg4 3 0 5
24313 Nf6 3 0 4
24317 Bb4 1 1 3
24319 c6 2 0 3
24319 Qb6 2 1 2
24320 Qb6 5 0 6
24321 Qc7 7 1 12
24324 c6 7 0 7
24323 Bg4 7 0 8
24323 c6 2 0 3
24323 Bf5 3 1 1
24326 Qb6 3 1 4
24327 Qc7 7 0 4
24327 Bf5 1 1 3
24327 Qb6 2 0 3
24328 Bf5 2 1 5
24328 Bg4 2 0 3
24331 c6 2 1 7
24336 c6 0 0 6
24335 c6 3 1 2
24338 Bg4 3 0 2
24343 Bxf3 4 1 3
24343 Nf6 4 0 2
24344 Bh5 3 0 3
24348 Nf6 2 0 3
24347 Bg4 3 0 3
24351 e6 7 1 7
24352 e6 4 1 5
24353 e6 3 0 2
24350 e6 9 1 11
24355 Nf6 6 1 4
24355 h6 3 1 1
24356 Nf6 3 1 3
24360 c6 6 0 2
24360 Bd7 3 1 1
24359 Be7 6 0 3
24359 Nf6 5 1 2
24359 h6 4 0 1
24359 c6 0 0 5
24358 c6 14 0 3
24358 Nf6 8 0 1
24358 h6 4 1 3
24358 Be7 5 0 1
24363 Bb4 5 1 4
24365 Nf6 1 0 4
24367 e6 4 0 3
24368 e6 5 0 2
24366 e6 7 0 6
24366 Bg4 5 1 4
24371 Nf6 2 0 4
24370 e6 3 0 4
24370 Bf5 1 2 3
24370 Bg4 3 0 2
24375 Be7 5 0 1
24374 Nf6 7 1 7
24374 c6 5 0 6
24374 Bb4 3 0 2
24377 Qd6 6 0 2
24377 Qf6 4 0 1
24380 Bxf3 5 0 10
24382 Bxe2 3 1 3
24379 Bxe2 13 0 5
24379 Qe6 12 0 3
24378 Bh5 15 0 4
24378 Bf5 8 0 6
24378 Be6 4 0 1
24381 Bxe2 6 0 3
24383 Qf6 14 0 6
24383 Qd6 1 0 5
24384 Qd6 6 1 2
24391 Qe6 7 0 0
24392 Bf5 4 0 2
24392 Bh5 4 0 2
24394 Nxe5 3 0 3
24395 Nc6 27 3 15
24395 c6 14 0 6
24395 e6 5 0 3
24395 Bf5 7 0 1
24395 Nf6 6 0 1
24396 c6 4 0 2
24398 Qg6 34 3 21
24398 Nf6 8 0 3
24400 Qg6 3 0 6
24399 Qg6 7 1 4
24401 g6 6 0 8
24401 Nc6 10 0 2
24401 Ne4 6 0 0
24402 g6 4 1 4
24404 Bf5 4 1 3
24404 h5 4 0 1
24404 Nc6 2 0 3
24405 Bf5 3 0 2
24407 Bb7 13 0 6
24408 h6 22 0 14
24408 Bd7 3 0 2
24409 Nc6 5 0 2
24410 f6 7 0 0
24412 Bg7 6 0 2
24413 Qg6 6 0 6
24420 Bxe6 22 3 9
24423 g6 3 0 4
24422 Bxe6 4 0 7
24427 Nf6 6 0 2
24430 h6 5 0 1
24429 Bxe6 7 0 2
24434 e6 5 0 3
24441 e6 5 0 1
24443 Bxf3 4 0 1
24447 Qg6 10 0 11
24448 g6 4 0 2
24449 Bh3 5 0 5
24450 Bb7 3 0 3
24455 O-O-O 3 0 2
24458 Qxd4 1 1 3
24460 Nc6 3 0 3
24461 Nc6 4 0 2
24462 Bxc6 4 0 3
24468 e5 3 0 2
24469 O-O 4 0 1
24470 Be7 8 0 7
24471 dxe5 3 1 3
24472 O-O 3 0 5
24473 dxe5 2 0 3
24474 O-O 5 0 1
24476 O-O 7 1 5
24479 O-O 2 0 3
24480 O-O 4 0 2
24478 O-O 4 1 1
24477 dxe5 2 0 6
24481 dxe5 4 0 2
24482 Bxd6 2 0 3
24488 Be7 3 1 2
24490 O-O 3 0 3
24491 O-O 7 0 2
24494 Be7 3 0 2
24493 dxe5 3 0 3
24497 Be7 4 0 2
24496 Be7 7 0 6
24495 dxe5 15 0 7
24498 Be7 4 0 4
24500 O-O 2 0 4
24503 O-O 2 0 6
24504 O-O 2 0 3
24506 Qxd1 0 0 5
24507 O-O 5 1 5
24508 Ng4 3 0 5
24510 Qe7 1 0 4
24509 Bg4 1 0 9
24511 f6 6 0 2
24516 Bd7 3 0 3
24517 d6 2 0 4
24525 c6 5 1 2
24527 Qxe5 7 0 1
24531 d6 3 0 3
24531 Nf6 2 0 3
24538 O-O 3 0 3
24542 Ke7 1 0 4
24541 Qxg2 2 0 6
24546 Nxd5 16 1 11
24546 Na5 13 0 12
24548 d6 3 0 2
24553 Nd4 2 1 3
24557 Nxd5 5 0 1
24560 Nxd5 5 0 5
24562 O-O 3 0 2
24567 d5 4 0 1
24570 h6 5 1 2
24574 Qxd5 3 0 3
24575 cxd5 3 1 1
24576 cxd5 7 0 2
24577 Nxd5 28 2 22
24577 Na5 10 0 12
24577 Nd4 2 0 6
24578 Nc3 0 0 5
24583 Be6 7 0 1
24583 Qe7 5 0 2
24583 Bd6 2 0 3
24585 fxe6 5 0 4
24584 fxe6 10 1 1
24586 Nxd5 12 0 2
24587 Nxd5 4 0 3
24589 d6 4 0 2
24591 cxd5 7 0 4
24593 Qxf6 2 0 6
24597 Nxd5 10 0 0
24600 Qxf6 4 0 1
24601 O-O 1 0 4
24602 Nxd5 3 0 2
24604 Nxd5 4 0 1
24605 cxd5 4 1 3
24606 cxd5 6 0 2
24607 cxd5 3 0 3
24609 Qxd5 9 1 7
24610 Nc6 3 0 3
24608 Be6 9 0 7
24608 c6 7 0 5
24608 Nf6 0 1 4
24618 e4 3 0 2
24617 Bd7 9 1 4
24619 cxd5 3 0 4
24631 Bg7 4 0 1
24634 Bxf5 1 0 7
24635 Nf6 4 0 4
24635 Qf6 3 0 2
24636 Nxc6 2 1 2
24637 exd4 6 0 2
24640 exd4 4 1 1
24640 Bd7 3 0 2
24641 Nxd4 3 2 3
24641 Bb4 2 0 4
24644 bxc6 5 0 0
24645 exd4 10 0 6
24646 Nxd4 1 1 7
24646 Bb4 4 0 5
24647 Nc6 4 1 0
24650 Ng8 5 0 0
24652 dxe5 0 0 5
24653 Be7 2 0 4
24654 Nxd5 2 0 4
24660 Qf6 3 0 2
24661 d6 2 0 7
24663 exd4 4 0 2
24665 Qd4 8 0 5
24665 Qg5 1 0 4
24665 Qf6 3 0 2
24667 Nf6 3 1 2
24667 Bg4 2 0 4
24668 Bg4 1 0 5
24666 Nf6 2 0 9
24666 Bg4 4 0 3
24670 Nf6 5 0 2
24671 Bxd4 3 0 3
24675 d6 1 0 4
24673 d6 5 0 0
24672 O-O 3 1 1
24676 O-O 2 2 2
24679 bxc6 5 0 5
24678 a6 4 1 6
24678 Bd7 3 0 4
24678 Bg4 4 0 2
24683 O-O 3 0 2
24681 d6 3 0 5
24682 exd4 6 0 1
24686 b5 5 0 2
24690 dxc6 4 0 1
24695 c6 8 0 7
24695 Bc5 5 1 3
24695 a6 3 2 3
24697 Nf6 2 0 4
24694 dxc3 17 0 9
24694 Qg5 2 0 4
24694 c6 2 0 4
24694 a6 2 0 3
24696 c6 10 0 6
24696 a6 12 0 4
24700 Nxe4 7 0 3
24705 Bc5 2 0 4
24705 Bg4 0 0 6
24705 Bd6 3 0 2
24704 Nxe4 8 0 5
24704 Qd4 4 0 7
24703 Bc5 8 0 11
24703 Bg4 8 2 8
24703 Bd6 1 0 15
24711 dxc6 1 0 5
24710 O-O 3 1 3
24710 d6 2 0 3
24712 dxc6 5 0 3
24714 exd4 3 0 2
24716 O-O 2 0 5
24720 Nd6 3 0 11
24720 Nf6 5 0 2
24721 exd4 2 1 2
24721 Nd6 3 0 2
24722 b5 6 0 3
24723 dxc6 3 0 4
24724 Be7 3 0 2
24728 O-O 4 0 2
24727 d6 2 0 4
24733 exd4 6 0 2
24734 dxc6 7 0 2
24737 bxc6 2 0 4
24735 Bd7 1 0 4
24740 Bc5 3 0 2
24738 exd4 4 1 5
24742 b5 5 1 2
24744 b5 14 0 14
24745 b5 3 0 2
24746 Nxc6 3 0 3
24747 exd4 5 0 3
24752 Bg7 1 0 4
24751 Bg7 2 0 5
24749 Bg7 9 0 10
24753 Bg7 0 1 4
24750 exd4 4 0 8
24754 b5 9 0 3
24756 Bg7 3 0 3
24757 b5 4 0 2
24758 Nxc6 3 1 5
24760 Nxd4 5 0 5
24760 g6 5 0 2
24768 a6 5 0 1
24768 d6 3 0 2
24771 exd4 2 0 4
24773 Qg6 2 1 4
24775 b5 8 0 4
24775 Nf6 3 1 3
24776 b5 2 0 3
24779 b5 8 0 10
24779 Bc5 4 0 1
24777 Be7 36 1 41
24777 b5 40 4 30
24777 Bc5 9 0 7
24777 d6 5 1 4
24777 Nxe4 3 1 4
24778 b5 12 0 12
24778 Bc5 3 0 6
24778 Be7 6 0 2
24778 d6 3 0 4
24780 Nf6 28 2 18
24780 d6 11 2 5
24780 Bc5 10 0 6
24780 h6 7 0 8
24780 Be7 7 0 7
24780 Na5 10 0 3
24780 Bb7 6 0 5
24783 Qe7 13 1 13
24783 d6 6 0 2
24783 Bd6 6 0 1
24783 Nf6 3 0 2
24784 d6 7 0 3
24786 d6 4 1 2
24785 exd4 3 0 3
24790 Bd6 14 1 5
24790 Bg4 7 0 3
24790 f6 4 0 6
24787 Qd4 24 3 54
24787 Qe7 11 1 7
24787 Qg5 4 1 7
24787 Nf6 5 0 4
24787 Bd6 6 0 2
24788 Bd6 24 1 31
24788 Bg4 10 0 23
24788 f6 5 0 5
24788 Nf6 3 0 6
24788 Bc5 3 0 2
24793 Bd6 2 0 6
24789 Bd6 21 3 19
24789 Bg4 9 2 17
24789 Bc5 5 0 6
24789 Nf6 3 0 2
24791 exd4 18 1 15
24791 Bg4 4 0 2
24792 Bd6 5 1 6
24792 Nf6 4 0 6
24800 Nf6 6 0 8
24800 Bg4 4 0 2
24798 Nf6 14 1 21
24798 Bg4 6 1 7
24798 Ba6 7 2 1
24798 Bb7 3 1 2
24798 Be7 2 0 3
24798 h6 2 1 2
24802 Bg4 3 0 2
24799 Bg4 5 3 14
24799 Nf6 11 0 10
24799 h6 2 0 5
24799 Be7 1 0 5
24797 exd4 20 0 32
24797 Bg4 8 2 12
24797 Nf6 3 0 5
24797 f6 3 1 3
24801 Nf6 8 2 4
24801 Ba6 6 0 0
24806 Bxc6 3 0 3
24803 a6 1 0 4
24805 exd4 3 1 2
24813 Nf6 7 0 3
24813 a6 2 0 3
24815 a6 5 1 1
24812 a6 6 2 5
24812 Nf6 4 0 2
24814 exd4 2 0 6
24817 exd4 4 0 2
24821 Be7 0 1 4
24820 Be7 5 0 3
24823 b5 4 0 6
24824 bxc6 1 2 2
24825 exd4 5 0 2
24832 Bxc6 5 0 4
24830 Nce7 9 0 6
24830 Nd4 3 1 1
24831 Nxe5 3 0 7
24836 b5 6 2 1
24835 bxc6 14 0 2
24837 Bd7 36 4 32
24838 Bd7 6 2 5
24841 Be7 2 0 3
24839 Nf6 6 0 8
24839 a6 4 1 7
24840 Nf6 7 0 6
24840 a6 7 0 2
24840 Be7 3 0 2
24842 Bd7 1 0 5
24842 Be7 3 0 2
24844 b5 6 1 12
24846 e4 1 0 4
24847 Nf6 3 2 2
24848 Nf6 3 0 5
24855 O-O 8 0 11
24856 O-O 2 0 12
24856 d6 3 0 2
24854 h6 25 3 21
24854 O-O 15 2 11
24854 d6 4 2 14
24858 O-O 4 1 3
24859 Bg4 3 0 4
24859 Nf6 4 1 2
24859 h6 3 0 3
24860 Nf6 7 1 2
24862 d6 3 0 2
24864 Qxg2 0 0 5
24867 Nxc4 1 0 4
24868 O-O 5 1 22
24868 d6 11 1 13
24873 O-O 1 0 5
24871 O-O 3 0 7
24871 d6 1 0 5
24870 O-O 12 0 4
24870 Nxe4 2 0 6
24870 d6 2 1 5
24869 O-O 9 1 8
24869 h6 6 1 9
24869 d6 3 0 3
24869 d5 3 0 2
24872 O-O 2 0 3
24876 Bg4 15 1 6
24876 Be6 2 0 3
24878 Bg4 5 2 5
24878 h6 1 1 3
24877 Nf6 6 1 4
24882 Nf6 2 0 3
24881 Nf6 5 0 1
24886 Bc5 25 3 23
24886 Ba5 8 0 11
24886 Be7 1 0 4
24890 O-O 2 3 4
24889 O-O 12 1 8
24889 d6 7 1 6
24889 Nxe4 4 1 3
24888 h6 10 2 6
24888 d6 10 0 7
24888 O-O 6 0 7
24887 exd4 81 8 84
24893 exd4 3 0 6
24896 Bg4 7 2 7
24896 Nf6 2 0 5
24895 exd4 46 3 31
24897 Nf6 6 0 4
24897 a6 3 0 2
24899 exd4 17 0 9
24906 Bxe3 5 0 2
24903 O-O 6 0 10
24903 h6 5 0 6
24903 d6 3 0 4
24904 O-O 5 0 8
24904 d6 3 1 5
24904 h6 0 0 5
24902 O-O 21 2 38
24902 d6 4 0 3
24902 d5 5 1 1
24905 d6 4 0 3
24905 O-O 3 0 4
24907 O-O 3 1 3
24909 Nh6 19 3 25
24909 Be6 11 0 10
24914 Nf6 14 1 18
24914 d6 4 0 7
24915 Nf6 9 1 12
24915 d6 5 0 4
24916 Nf6 4 0 9
24922 Nh6 4 1 4
24921 d6 10 0 8
24921 Nf6 5 1 3
24921 Nge7 3 0 4
24923 dxc3 5 0 1
24924 O-O 4 0 10
24927 O-O 4 0 3
24925 O-O 5 1 3
24926 O-O 4 0 1
24929 O-O 4 1 2
24930 exd4 4 1 1
24933 dxe5 4 0 1
24934 d6 10 1 6
24934 Nxd4 9 0 7
24934 Nf6 7 1 5
24934 Ne5 3 1 1
24936 Qxg2 5 0 3
24938 d6 4 1 3
24940 Nf6 4 0 3
24940 Qf6 2 0 4
24940 Qe7 2 0 4
24939 dxc3 6 0 3
24939 c5 4 0 2
24937 d6 6 0 7
24937 Nf6 2 0 5
24942 Ke7 8 1 13
24943 d5 5 1 2
24941 Qxg2 3 0 28
24945 Qxe5 2 0 3
24946 Nf6 8 1 0
24946 Qf6 4 0 5
24946 Qe7 4 0 2
24948 Nf6 17 1 9
24948 Qf6 4 1 3
24949 Nf6 3 0 8
24951 Bxc3 5 0 0
24952 Bxc3 3 1 2
24950 d5 2 0 6
24950 Bxc3 3 1 4
24954 O-O 10 1 9
24954 d6 5 0 3
24953 d6 8 0 7
24953 O-O 6 1 6
24953 h6 1 2 9
24956 O-O 3 0 4
24959 Kxf7 6 0 5
24958 d5 8 1 16
24964 Bc5 4 0 1
24965 Bc5 2 0 3
24966 exd4 1 0 4
24968 Ke7 5 0 1
24967 Bxf2 17 1 25
24969 Qf6 2 0 4
24970 Kd8 13 0 2
24973 Nxd5 1 0 4
24972 Nxd5 126 3 75
24972 Na5 71 7 109
24972 Nd4 23 2 40
24972 b5 2 1 13
24976 Nxe4 1 0 4
24980 O-O 2 0 3
24981 d5 3 0 3
24982 Nxd5 5 0 0
24985 Nxd5 6 0 4
24986 Ba5 3 0 2
24993 O-O 3 0 3
24989 d6 4 0 2
24989 O-O 3 0 2
24988 O-O 10 2 12
24988 d5 4 0 2
24987 O-O 4 1 10
24987 d6 6 1 7
24990 O-O 3 0 2
24995 O-O 4 0 3
24994 O-O 9 0 3
24996 O-O 3 0 3
24997 Nxd5 30 2 24
25000 Bc5 6 0 0
25001 Bc5 0 0 5
25004 Nxe4 6 1 2
25004 Nxd4 4 1 3
25004 Bc5 3 1 1
25008 Bg7 1 0 6
25009 g6 1 0 5
25010 dxc3 2 0 3
25015 Nxd4 5 0 2
25016 fxe6 3 0 2
25017 Bh5 1 1 3
25020 fxe6 6 0 1
25021 Bh5 3 0 2
25022 fxe6 5 0 3
25023 fxe6 2 0 3
25024 Bh5 8 1 9
25025 d5 2 0 4
25028 Kxf7 2 1 4
25026 Nxe5 8 0 9
25030 exd4 1 1 3
25031 Nxd4 17 2 8
25031 Nf6 2 1 2
25034 Nf6 3 0 2
25037 Nh6 4 0 5
25038 Nh6 2 0 4
25039 Nxe5 2 0 4
25040 Bxc3 4 0 3
25042 Nf6 3 0 2
25046 Bc5 3 0 2
25044 Bb4 9 2 10
25044 Bc5 14 0 2
25044 d6 5 0 2
25045 exd4 16 3 11
25053 Bg4 1 0 4
25054 exd4 6 0 0
25056 d6 5 1 6
25056 Nf6 3 0 4
25056 a6 4 1 0
25058 Bc5 7 2 3
25058 Bb4 3 0 6
25058 Be7 0 0 6
25060 Bc5 6 0 4
25060 d5 4 1 0
25061 Be7 3 0 3
25059 Bc5 11 2 3
25059 d6 3 1 2
25062 exd4 2 1 5
25067 exd4 9 2 9
25071 Nxe4 8 1 3
25072 Qe7 5 1 6
25073 d6 3 0 3
25070 Bc5 4 0 3
25070 d6 4 0 2
25070 d5 3 0 2
25069 exd4 10 1 8
25075 exd4 3 1 3
25080 d6 2 1 4
25079 Bc5 2 0 4
25081 Bc5 3 0 2
25088 Nxe4 7 0 0
25089 exd4 6 0 0
25091 Nd4 7 1 0
25090 Nxe5 7 0 4
25093 Na5 4 0 1
25092 dxe5 3 0 3
25092 Nxe5 4 0 1
25094 Nxd4 59 2 38
25094 Qf6 17 4 7
25094 Bc5 12 2 9
25094 Nf6 13 1 6
25094 Ne5 10 0 4
25094 Nge7 2 0 9
25094 d6 2 0 8
25095 dxc3 7 0 5
25099 Nf6 2 2 3
25098 Nf6 4 0 2
25100 d6 3 2 3
25100 Nf6 4 0 1
25101 d6 4 0 3
25104 dxc6 11 0 7
25107 dxc6 3 1 5
25108 bxc6 7 1 7
25110 O-O 4 0 4
25109 O-O 3 2 8
25109 d6 4 0 4
25109 h6 3 1 3
25111 O-O 2 0 3
25113 O-O 4 0 1
25115 Nf6 4 1 2
25114 h6 5 0 5
25114 Bg4 2 0 4
25117 Nf6 3 0 3
25120 axb6 10 1 2
25121 exd4 2 1 3
25122 Nxe5 3 0 5
25123 Bxd4 12 1 6
25131 dxc6 2 0 5
25134 dxc6 8 0 7
25136 bxc6 7 1 6
25137 exd4 2 1 3
25144 O-O 2 0 3
25143 O-O 3 1 6
25142 O-O 3 0 3
25142 h6 0 1 4
25142 d6 4 0 1
25141 O-O 7 0 3
25141 d6 5 0 2
25146 O-O 4 0 3
25147 O-O 1 0 4
25148 d5 4 2 6
25152 Bb4 1 0 4
25150 d6 3 1 2
25150 Bb4 4 0 1
25151 exd4 0 0 7
25153 Nc6 4 0 5
25153 Ng6 3 0 5
25154 Nxd5 7 0 3
25155 O-O 3 0 2
25159 Nxd5 3 1 4
25161 Nxe4 6 1 1
25162 exd4 3 0 3
25164 dxe5 6 0 2
25166 Nxd4 36 4 27
25166 Bc5 17 1 19
25166 Bb4 14 1 20
25166 d6 3 2 5
25166 d5 3 1 1
25166 Be7 3 0 2
25168 Nxd4 6 0 1
25169 Bxc6 5 0 1
25172 Bxf3 3 0 2
25174 Nxe5 3 0 3
25175 Nxd4 6 1 7
25176 a6 4 1 2
25179 Nxd5 1 1 4
25181 Nxd5 5 0 2
25184 Bg4 7 0 1
25184 Bd7 5 0 0
25186 Bb4 14 1 19
25186 Bb6 10 0 15
25187 Nxd5 0 1 5
25189 Ne7 2 0 4
25191 Ne7 3 0 2
25194 Nxe4 3 0 7
25194 Bb4 2 0 4
25194 d6 3 0 3
25193 Nd5 4 1 8
25193 Qe7 1 1 6
25193 Ne4 6 1 1
25193 Ng4 4 0 2
25196 Nxe5 2 0 3
25197 Bg4 2 0 6
25200 Bxf6 2 0 3
25206 Nce7 5 0 3
25209 exd4 6 0 0
25210 Nc5 4 0 3
25211 d6 12 1 7
25211 d5 7 1 4
25211 Qf6 2 1 7
25211 c5 6 0 3
25212 exd4 10 0 7
25213 Qxe5 3 1 4
25214 Nxd8 5 0 3
25214 Kxd8 3 1 1
25218 Bd7 3 0 3
25217 Nf6 4 0 1
25219 exd4 4 0 6
25221 dxe5 7 1 9
25222 Nxd8 16 3 3
25222 Kxd8 8 0 4
25224 dxc3 5 0 4
25226 d6 3 0 3
25225 dxc3 7 0 3
25225 Nf6 3 0 3
25227 dxc3 6 0 0
25228 d5 5 0 4
25230 d6 2 0 3
25229 d5 0 1 6
25233 dxc3 2 0 3
25235 Bc5 4 0 4
25237 Qf6 22 2 26
25237 Nxd4 5 0 3
25237 Nf6 6 0 2
25237 Bxd4 6 0 1
25237 Qe7 1 0 4
25239 Bb6 7 0 4
25240 Qf6 2 0 5
25236 bxc6 49 5 55
25236 Qf6 36 5 57
25236 dxc6 3 1 5
25238 Qf6 4 1 7
25238 Nf6 1 1 4
25242 d6 2 0 4
25241 Bb4 7 1 1
25243 Ng6 1 1 3
25245 Bb4 10 0 22
25245 Bc5 3 0 3
25244 bxc6 40 3 36
25244 dxc6 1 0 6
25249 Nxd4 4 1 4
25248 Nxc6 2 0 16
25252 d6 105 16 102
25252 Nf6 71 6 48
25252 c5 57 6 60
25252 Qf6 27 6 26
25252 b6 30 2 22
25252 Qe7 10 1 16
25252 d5 10 0 8
25252 f6 9 0 4
25252 Ne7 4 0 6
25252 c6 4 0 1
25253 Qxe4 2 0 4
25255 Bc5 5 1 11
25254 Qxc6 13 2 14
25254 dxc6 7 1 6
25254 Bc5 6 0 1
25256 Bc5 1 0 4
25258 Bb4 1 0 4
25257 Qxe4 6 0 2
25259 bxc6 2 0 6
25260 bxc6 7 1 3
25262 Bd7 3 1 6
25261 bxc6 18 3 18
25263 cxb2 8 0 1
25264 exd4 4 0 2
25265 fxe5 5 0 1
25266 O-O 4 1 2
25267 Nxd5 14 0 13
25272 Nc6 3 0 3
25276 Nxd5 4 0 1
25281 Qe7 3 0 3
25282 Nxe4 2 0 3
25283 Nc6 17 1 10
25283 d6 5 0 5
25286 O-O 4 0 1
25288 dxc6 6 0 1
25288 bxc6 5 1 1
25289 bxc6 2 1 6
25290 exd4 4 0 2
25292 O-O 3 0 2
25295 O-O 4 0 4
25295 d6 3 0 3
25294 O-O 7 1 4
25294 d6 3 0 2
25298 d5 3 1 12
25303 exd4 3 0 2
25305 Nxd4 22 1 16
25305 Bb4 10 2 5
25305 Bc5 10 0 2
25307 Qxd5 10 0 10
25308 Nxc3 3 0 3
25309 fxe6 2 0 3
25311 Be7 3 0 2
25313 Ke8 3 0 3
25314 Bc5 3 1 2
25316 d6 5 1 5
25317 Qe7 8 2 5
25317 Bd6 4 0 2
25317 Nf6 5 0 1
25320 dxe5 9 0 4
25322 d5 6 0 4
25321 d5 10 1 16
25323 Be7 4 0 1
25326 d6 4 0 1
25325 d5 3 0 3
25330 Nxe4 3 0 3
25329 Nxe4 3 0 2
25329 Qxe4 3 0 2
25328 Nxe4 20 4 17
25328 Qxe4 8 0 4
25334 d5 1 0 5
25335 Nxc3 3 0 2
25331 Qe7 19 1 26
25333 Nf6 3 1 4
25332 d5 11 3 10
25336 g6 2 1 6
25337 Ba5 3 0 2
25338 Qxf6 4 0 1
25339 Nxd5 3 0 3
25340 Nxd5 3 0 2
25342 Bd6 0 0 5
25344 Nb6 3 0 2
25345 h6 9 1 2
25347 c6 4 0 1
25351 d6 3 0 2
25353 c6 2 0 4
25356 d6 6 0 1
25355 h6 4 1 4
25359 Bc5 1 0 4
25360 dxe5 7 0 0
25361 Bc5 13 0 6
25362 Qxd4 5 0 1
25363 Bb4 5 0 1
25364 Qxe5 1 0 5
25366 Nc6 4 1 8
25368 h6 1 0 4
25367 Nc6 2 0 3
25369 Nxf6 4 1 3
25370 Bc5 4 1 1
25371 Bd7 5 0 3
25372 fxe6 6 0 1
25381 Bc5 1 0 4
25382 a5 7 0 2
25382 Nf6 2 2 1
25386 Nf6 10 2 7
25387 Nf6 6 0 3
25385 Nf6 8 0 4
25385 Nc6 5 0 2
25384 exd4 12 2 15
25392 exd4 1 0 5
25396 exd4 3 1 2
25399 O-O 3 0 3
25404 Nf6 9 0 4
25404 Bd7 1 0 4
25403 Nf6 8 0 14
25403 Bf6 6 0 2
25407 Nf6 3 0 6
25409 Bxf3 4 0 4
25411 Bxf3 6 0 3
25411 Bh5 5 0 4
25415 Nf6 3 0 3
25416 Nf6 2 0 3
25421 Kxf7 4 0 1
25420 Qf6 6 1 5
25420 Nf6 4 0 3
25423 Bxf3 3 0 4
25423 Nc6 4 0 2
25429 Nf6 2 2 1
25428 c6 2 0 3
25427 Nf6 3 1 4
25426 h6 3 0 7
25425 Bg6 27 0 29
25430 Nf6 37 5 28
25430 Qf6 30 3 17
25430 f6 9 0 3
25430 Qe7 4 0 5
25431 fxe6 2 0 4
25433 Be7 3 0 2
25434 fxe6 3 0 2
25436 fxe6 5 0 5
25437 Bh5 5 0 2
25438 c6 1 0 4
25440 Ke7 4 0 1
25439 Nxe5 2 0 4
25441 Nxd4 9 1 9
25441 Nf6 3 0 5
25443 fxe6 6 0 1
25447 fxe6 11 0 14
25448 Nxd5 19 0 2
25450 O-O 4 0 2
25451 f6 1 0 4
25453 f5 1 0 6
25456 cxd5 5 0 4
25458 Nf6 2 1 8
25459 e4 5 0 3
25463 Be7 4 1 3
25462 exd4 3 1 7
25466 exd4 5 0 1
25469 Bxf3 4 1 0
25470 c6 5 0 0
25470 Be7 2 0 3
25472 Be7 2 0 3
25471 Be7 2 0 5
25474 Be7 2 0 9
25478 Be7 1 0 4
25479 Be7 5 0 1
25482 Bxf3 7 0 3
25483 Nxe5 4 0 3
25483 dxe5 4 0 1
25485 dxe5 4 0 4
25487 dxe5 4 0 6
25488 dxe5 3 0 2
25489 Nf6 14 1 22
25489 c5 6 0 4
25489 Bd7 4 0 1
25489 Be7 5 0 0
25490 Nc6 5 1 12
25490 Nf6 4 1 5
25491 fxe5 3 0 2
25492 Be7 6 0 2
25493 Be7 5 0 3
25494 Be7 4 0 1
25495 fxe5 2 0 3
25498 Nf6 3 0 2
25501 Nf6 3 1 9
25501 c6 3 1 3
25501 Nc6 5 0 2
25505 Bg6 4 1 2
25507 Nf6 8 0 2
25507 c6 5 0 0
25510 Bxc6 1 0 5
25511 fxe6 3 0 4
25512 Nxd4 6 0 1
25517 Be7 3 1 6
25517 Bd7 3 1 2
25520 Nf6 2 0 3
25522 d5 3 0 3
25525 Nf6 4 0 2
25529 Nf6 5 0 7
25533 Bxd8 9 1 3
25535 exd4 13 0 3
25536 Bxe2 5 0 6
25539 dxe5 76 2 23
25540 Nc6 4 0 8
25540 dxe5 10 0 1
25540 Be7 3 0 2
25541 Bxd6 2 1 2
25542 Kxd8 20 2 4
25543 Bg6 2 0 3
25545 bxc6 3 0 2
25547 Bd7 4 0 2
25550 exd4 5 1 2
25551 dxe5 9 1 8
25552 Kxd8 5 1 5
25552 Nxd8 7 0 3
25554 Be7 5 0 1
25554 h6 5 0 0
25555 h6 3 1 1
25557 Nxd6 6 0 2
25559 Kxd8 7 0 2
25560 Kxd8 5 0 0
25564 Nc6 5 0 2
25562 Nc6 4 1 3
25563 Nc6 6 0 3
25565 Nc6 4 0 2
25567 Nf6 8 1 8
25567 Bf6 3 0 4
25568 Nf6 2 1 4
25566 Bf6 9 0 4
25566 Nf6 7 0 3
25572 Bd7 3 2 2
25571 Nxd4 7 1 2
25570 bxc6 7 1 10
25575 Nbc6 3 0 2
25574 Nbc6 2 0 4
25573 Nbc6 6 0 6
25577 Be7 9 3 12
25577 Bg4 4 0 2
25577 h6 2 0 3
25577 Bd7 4 0 1
25577 c5 3 0 2
25578 Be7 9 2 8
25578 h6 4 0 3
25576 Be7 44 4 44
25576 Bd7 8 1 8
25576 c5 6 1 6
25576 a6 7 0 6
25576 h6 7 1 0
25576 c6 4 0 4
25576 d5 3 1 3
25583 c6 5 0 2
25586 Bd7 15 2 10
25587 Be7 3 0 3
25585 Nc6 7 0 6
25585 Bg4 8 0 5
25585 Be7 3 0 4
25585 a6 5 0 0
25585 Nf6 4 0 1
25588 Bxf5 5 0 3
25589 Qxd5 3 0 2
25591 Bg7 3 0 5
25590 Bg7 9 0 0
25592 Nf6 5 1 4
25594 Bd7 13 1 8
25595 Nf6 1 0 4
25597 Be6 0 1 4
25600 Be7 4 0 1
25603 h6 2 0 3
25604 d5 3 0 2
25605 Kxd8 5 0 2
25608 Be7 5 1 0
25607 dxe5 7 0 2
25610 O-O 5 0 2
25611 h6 5 0 1
25614 Be7 2 0 3
25613 Be7 1 0 4
25616 Nf6 2 0 3
25618 Bxf5 8 0 2
25620 Bxf5 4 0 1
25624 d5 3 0 4
25623 Bb6 3 0 5
25625 c5 4 0 4
25626 d5 1 0 6
25627 d5 4 0 5
25628 Kf7 15 0 2
25629 Qe7 12 0 4
25629 Be7 7 0 0
25630 Kxd8 3 0 3
25631 Bb6 5 0 2
25635 Bb6 2 0 4
25639 bxc6 4 1 3
25643 Nd4 7 0 3
25649 Nd4 4 0 8
25648 Bg7 6 0 4
25650 Qe7 3 1 8
25647 Bg7 10 0 22
25647 d6 7 1 7
25647 Bc5 5 0 3
25646 Nd4 7 1 22
25646 Bg7 10 0 11
25646 d6 5 0 10
25646 Bc5 5 0 1
25656 Nxf6 2 1 7
25659 Bb6 3 0 2
25665 Nd5 2 0 3
25669 Qxe5 2 1 2
25672 Nf6 3 1 5
25679 Qe7 4 0 1
25676 Bg7 3 0 19
25676 Bg4 3 0 4
25676 Nc6 2 0 4
25680 Qxf3 3 0 2
25682 Ke7 5 0 0
25699 cxb2 5 0 0
25701 Bxd4 12 0 2
25702 c6 4 0 1
25707 Nc6 5 0 0
25708 Nc6 13 1 2
25708 f6 8 0 2
25709 Nf6 2 0 3
25714 d5 3 1 2
25715 Bc5 4 0 2
25716 d6 2 0 4
25722 Bd7 2 0 6
25723 Nxb4 0 0 5
25724 Ne5 6 0 5
25724 Bb4 1 0 9
25724 d6 2 0 5
25725 Be6 1 0 7
25726 Bc5 2 2 4
25727 d6 2 1 6
25732 Bc5 5 0 5
25732 d5 3 0 2
25731 Be7 4 1 9
25731 Bc5 1 0 4
25730 Bb4 6 3 19
25730 d6 4 1 1
25730 Bc5 3 0 2
25733 Bc5 3 0 3
25736 Bd7 2 0 8
25735 Nf6 2 0 10
25737 Bg4 2 0 4
25739 d5 0 1 5
25741 Ba5 2 0 5
25742 d6 2 0 3
25743 Bb4 11 0 7
25743 b6 2 0 5
25747 Nf6 4 0 5
25749 Bc5 0 0 6
25748 Bc5 9 1 12
25751 Bd7 7 0 5
25750 Nf6 9 0 6
25757 Bc5 4 0 3
25762 Kxf7 4 0 2
25761 Bc5 10 0 5
25761 Ba5 4 0 4
25767 h6 2 0 3
25768 Bb4 1 1 3
25770 d6 6 0 0
25770 Nc6 5 0 0
25772 Bb4 2 0 5
25771 Qe7 4 0 1
25773 Nf6 7 0 0
25773 c6 5 0 1
25774 Bb4 9 0 4
25776 Bb4 51 0 26
25776 Nf6 30 0 13
25776 d6 18 1 15
25776 Nc6 20 0 6
25776 Qe7 12 0 10
25776 d5 6 2 6
25776 f6 6 1 3
25776 c6 5 0 4
25776 Bc5 5 0 2
25776 Nh6 5 1 0
25777 Be6 5 1 4
25777 h6 4 0 1
25778 Nf6 1 0 5
25779 Qe7 4 0 4
25780 Kf7 8 0 0
25784 exd4 4 0 2
25786 Qc5 5 0 6
25786 Qe6 2 0 5
25787 Bxc6 3 0 3
25788 fxe6 9 0 2
25789 Nf6 8 0 4
25790 Nd4 5 0 4
25790 Nf6 6 0 1
25790 Bxf3 4 0 1
25793 Bg4 3 0 3
25795 Bb6 5 0 3
25798 Nf6 5 0 1
25800 Ba5 4 0 1
25802 Bb4 2 0 3
25804 Qxd5 6 0 1
25806 d5 1 0 4
25813 Bb4 2 0 3
25815 Nxe4 4 0 2
25817 Nxd5 5 0 4
25820 exf4 3 0 3
25824 Nf6 4 1 4
25827 Nf6 3 0 2
25831 Bb6 4 0 3
25832 Bb6 3 1 3
25833 Ba5 9 0 3
25834 d6 10 1 9
25834 Nf6 12 0 1
25837 d6 12 2 6
25837 d5 3 0 5
25837 Nf6 4 0 2
25837 Nh6 3 0 2
25840 Qxh4 2 0 4
25838 fxg3 18 0 10
25841 Qxh4 4 1 2
25842 fxg3 3 0 6
25844 Bg4 6 0 4
25845 Bb6 12 0 1
25852 Nf6 4 0 2
25852 Bg4 2 0 3
25853 d6 4 0 1
25854 d6 7 0 2
25854 Nf6 4 0 2
25855 Ba5 3 0 2
25856 Bg4 4 0 1
25857 Qxd5 6 0 1
25858 Bg4 5 0 3
25861 c6 4 0 1
25864 Nh6 2 0 4
25869 Nc6 5 0 3
25869 Bxf3 6 0 0
25873 Nxd5 2 0 3
25871 c6 2 1 4
25872 Nxd5 3 0 4
25874 Qe6 14 0 2
25874 Qd8 8 0 4
25875 fxe6 5 2 11
25876 Nf6 5 0 3
25877 Nf6 12 1 4
25877 Bxf3 5 0 3
25877 Nc6 1 0 5
25877 Be7 2 0 3
25879 Be6 2 0 4
25881 Be7 5 0 0
25884 Nf6 5 0 3
25885 Bg4 4 1 0
25886 Bxf3 6 0 2
25886 Nf6 5 0 1
25887 Nf6 4 0 4
25891 h6 5 0 5
25891 d6 5 0 3
25892 d6 2 0 4
25895 Be6 5 0 6
25895 Bg4 6 0 1
25896 Be6 3 0 5
25900 Kxf7 6 0 2
25898 Qh4 11 0 8
25899 gxf3 4 1 4
25902 gxf3 2 0 3
25903 h6 6 0 7
25909 Bd6 2 1 2
25918 Nxd7 2 1 3
25919 Nf6 1 0 5
25924 Nf6 2 0 8
25925 c6 4 0 6
25926 fxe6 3 1 1
25927 exd5 5 1 0
25929 Bd6 1 0 4
25933 Be7 1 0 4
25931 Bb4 4 0 2
25931 Bd6 1 1 3
25932 Be7 2 1 2
25942 Bxc3 2 0 10
25942 Nf6 5 0 1
25946 Bd7 2 0 3
25951 bxc6 6 1 12
25956 a6 3 1 3
25961 c5 1 0 4
25963 Nc6 5 0 3
25962 Nc6 6 1 14
25965 Qxf6 5 0 2
25966 Bxe5 3 0 2
25967 Kxf7 4 0 1
25968 Bc5 2 1 5
25968 Nf6 1 1 6
25972 bxc6 8 2 8
25976 Bd7 2 0 8
25975 Qb6 1 0 13
25975 cxd4 2 1 4
25977 Nc6 2 0 8
25979 Bd7 2 0 4
25978 Qb6 6 1 14
25978 Bd7 2 0 5
25978 cxd4 2 1 2
25980 Bxc5 1 1 9
25982 Nc6 1 1 9
25985 Nc6 1 0 5
25983 Nc6 2 0 4
25984 Nc6 5 0 6
25995 Be7 4 0 6
25997 c6 1 0 4
25996 Bd6 2 0 5
25996 c5 2 0 4
25996 Be7 1 0 5
25996 c6 1 0 4
26001 Nf6 2 0 3
26002 Nf6 1 0 4
26004 Bxe7 2 1 4
26009 Ne7 1 0 10
26009 Nf6 2 0 7
26011 Nf6 4 0 1
26008 Nf6 4 0 9
26008 c6 5 0 7
26008 Ne7 1 1 9
26016 Nc6 2 0 4
26015 Nc6 2 2 4
26017 Nf6 4 1 4
26017 Bd6 1 1 3
26022 Bd6 10 3 26
26022 Be7 11 2 22
26022 c5 5 0 8
26022 Bg4 1 1 6
26022 Nc6 1 1 3
26025 Bd6 2 2 8
26025 Be7 1 1 5
26027 c5 5 0 0
26024 Be7 10 2 10
26021 c5 18 1 22
26021 Be7 10 4 23
26021 Bd6 9 1 14
26021 Bb4 9 1 10
26021 c6 2 0 5
26021 Nc6 6 0 1
26021 Bg4 2 0 4
26029 Bd6 0 1 4
26031 Be7 2 0 4
26028 Bd6 4 1 1
26023 c5 5 1 10
26023 c6 7 0 8
26023 Be7 4 2 5
26023 Bd6 3 0 4
26023 dxc4 3 0 3
26026 Be7 4 1 5
26026 Bd6 3 1 4
26034 cxd4 4 0 3
26033 Bxc5 9 0 12
26038 Be6 1 0 4
26039 Nce7 2 0 4
26040 a6 3 0 2
26042 exd3 2 0 7
26043 Qa5 3 0 2
26045 Nf6 2 0 3
26047 Nf6 1 1 4
26050 O-O 1 0 7
26051 O-O 2 1 2
26052 c5 4 0 1
26053 Bxd2 12 0 3
26060 Nxd4 6 0 2
26060 Bc5 2 1 2
26061 bxc6 5 0 3
26063 Nc6 3 0 4
26065 Bd7 3 0 2
26064 Nf6 5 1 3
26067 Nc6 7 0 3
26068 exd5 5 0 2
26070 dxe4 4 0 6
26071 dxe4 2 0 4
26072 Bxc3 5 0 9
26074 h6 2 0 4
26075 Nfd7 16 0 13
26077 c5 9 0 6
26076 c5 9 1 6
26081 Nf6 3 0 3
26080 Bxc5 4 0 1
26083 Ngf6 5 0 1
26084 Be7 6 0 9
26085 Qxf6 9 2 5
26087 c5 6 1 3
26088 c5 2 0 4
26086 c5 8 0 4
26091 Qxf6 3 0 2
26092 c5 3 0 2
26093 Nxd7 1 0 6
26096 Nc6 3 0 3
26097 Nc6 2 0 12
26098 Bd7 10 2 13
26098 Qb6 3 0 4
26101 Qb6 1 0 7
26099 Qb6 4 1 3
26099 Nge7 4 0 2
26102 Bxc5 2 0 4
26103 Nc6 4 0 2
26107 Nc6 2 0 4
26105 Nc6 4 0 5
26106 Nc6 3 0 4
26108 Nc6 5 0 4
26110 Bd7 7 1 13
26110 Qb6 3 0 12
26110 a6 2 1 3
26111 Qb6 7 2 10
26111 cxd4 1 0 7
26109 Qb6 55 3 69
26109 cxd4 15 0 19
26109 Bd7 11 1 19
26109 Nge7 18 0 10
26109 a6 0 1 4
26112 Qb6 5 0 7
26116 Nc6 28 3 33
26116 cxd4 4 1 1
26116 Bd7 4 0 1
26119 Nc6 3 0 2
26117 Nc6 3 0 2
26121 Nc6 10 1 9
26121 Bb4 6 1 2
26122 Nc6 0 0 9
26124 Nc6 5 0 4
26123 g6 3 0 3
26126 Nc6 2 0 3
26127 Nc6 6 0 1
26130 Nc6 2 0 6
26133 Nf6 5 1 2
26134 Bd6 1 0 4
26136 Nf6 2 1 3
26135 Ne7 4 0 3
26141 Be7 8 1 7
26141 Bd6 5 0 7
26141 c5 6 0 0
26142 Bd6 4 1 4
26142 Be7 5 0 4
26140 Bd6 9 1 7
26140 Be7 8 0 4
26140 a6 4 0 1
26146 Nf6 3 0 5
26148 Be7 2 0 4
26147 Bd6 6 0 3
26147 Bb4 3 0 4
26147 c5 1 0 5
26147 c6 1 0 4
26153 Nf6 2 0 5
26153 Ne7 2 1 3
26155 Nc6 0 1 5
26156 Bxd3 3 0 3
26157 Nf6 3 0 2
26158 Bd6 14 1 10
26158 Be7 5 0 15
26158 c5 8 0 2
26158 Bg4 3 0 4
26159 Bd6 3 1 3
26159 Be7 2 1 2
26160 Be7 4 0 4
26163 Bxc5 3 0 3
26167 dxc4 1 0 5
26168 dxc4 1 0 4
26169 c6 4 0 3
26170 Nxd5 2 0 4
26175 h5 6 0 1
26177 Qb6 3 0 3
26181 Nc6 1 2 5
26183 O-O 3 1 2
26187 c5 6 0 0
26188 Bd7 7 0 6
26188 Qb6 2 0 3
26188 Ne7 3 0 2
26190 cxd4 2 0 4
26195 Ne7 1 1 3
26196 Bd6 4 0 7
26196 c5 3 0 5
26198 Bd6 4 0 5
26201 Nf6 23 0 10
26202 Nf6 18 0 15
26203 Nf6 4 0 6
26208 O-O 3 0 2
26217 O-O 4 0 3
26219 g4 3 0 5
26219 h5 1 1 4
26220 Bxf3 2 0 4
26222 Nf6 1 0 4
26224 Nf6 4 0 1
26225 Qxe5 3 0 5
26226 Qxe5 5 1 3
26232 c4 2 0 5
26234 Nxc6 3 0 3
26235 c3 2 1 2
26238 c4 3 0 10
26239 c4 7 1 2
26240 Nxd4 2 0 4
26241 Nxd4 2 0 4
26242 d3 3 0 2
26243 Bxe5 5 0 5
26246 Qc2 1 0 4
26247 Be2 5 0 0
26248 Be3 3 1 4
26250 Bg2 0 0 5
26251 g3 0 0 5
26254 bxc3 4 1 3
26255 g3 4 0 2
26256 Bg2 6 0 1
26258 e4 6 0 1
26259 Nc3 5 0 3
26261 Nc3 3 0 2
26262 O-O 1 0 5
26264 Bc2 4 0 1
26265 O-O 3 1 1
26266 Nbd2 3 0 2
26269 Bxf6 3 0 2
26271 Nbd2 3 0 3
26273 c4 4 1 2
26274 b4 2 0 3
26276 Nf3 2 0 8
26275 Nf3 6 1 4
26278 Bb2 3 1 1
26279 Nxb5 4 0 2
26280 Nc3 3 0 3
26281 Nc3 6 2 3
26282 Bxb5 4 1 2
26283 Bd3 2 0 4
26287 Be2 4 0 2
26288 Be3 5 0 3
26291 Bd2 2 0 3
26292 exf6 6 0 0
26293 Nbd2 3 0 2
26293 Be2 5 0 0
26293 Nc3 2 0 3
26294 Nbd2 3 0 7
26295 e3 0 1 4
26296 Bxc3 3 1 5
26299 Qxc3 10 0 1
26300 Nf3 0 0 6
26304 Nxc6 4 0 1
26305 e4 5 1 1
26306 Nf3 3 0 3
26309 bxc3 4 1 0
26310 O-O 2 0 5
26313 Be2 4 0 1
26316 Qd2 3 1 4
26316 Bh4 4 0 3
26316 e4 3 0 2
26318 Bd3 7 0 5
26318 Be2 4 1 2
26319 Bg2 5 0 0
26325 Bg5 3 1 1
26325 Nf3 3 0 2
26327 Be2 18 1 19
26327 Bd3 3 0 7
26327 Bg5 4 0 3
26328 dxe5 4 1 1
26329 Be3 13 0 19
26330 Nf3 23 0 14
26330 e5 4 1 2
26334 Qxc4 5 0 2
26338 bxc3 32 8 40
26339 Be2 3 2 9
26339 Bd3 1 0 5
26342 Qd1 2 0 3
26345 Nf3 1 0 5
26346 Kxd1 2 0 3
26347 Bg2 4 0 1
26349 Nc3 4 0 1
26350 e4 3 1 1
26354 Bg2 5 0 0
26355 Bd3 8 0 1
26357 Nf3 5 0 1
26358 O-O 4 0 1
26360 fxe4 5 0 1
26361 Nf3 3 1 2
26362 Nc3 2 0 3
26363 Nc3 3 1 4
26364 Bg5 3 0 3
26365 Nf3 9 1 16
26369 f4 5 0 0
26373 e4 8 1 2
26376 e3 2 0 8
26379 e3 1 0 4
26382 e6 4 0 3
26383 Qd2 4 0 1
26384 h3 2 0 4
26386 Bg3 3 0 2
26389 Bh2 5 0 2
26390 Nd4 5 1 1
26391 Qxf4 4 0 1
26392 Bg3 3 0 2
26393 Nc3 13 0 1
26394 f3 5 0 0
26395 e6 10 0 2
26396 Qd2 6 0 4
26397 a3 5 0 1
26398 a3 5 0 1
26399 a3 11 0 2
26400 a3 4 0 1
26401 Qxf4 7 0 3
26402 Nxd6 7 0 2
26404 Nc3 6 0 1
26406 c3 4 0 1
26407 Qd2 5 1 2
26408 Qxf4 13 0 2
26409 f3 6 0 0
26410 Qd2 9 0 2
26411 Bxf6 4 0 2
26413 Bf4 4 0 1
26414 Bf4 6 0 0
26418 O-O 3 0 2
26419 Bd3 7 1 2
26426 O-O 4 1 3
26427 Nbd2 4 0 1
26428 d5 5 0 0
26429 Qa4 1 0 4
26432 d5 4 0 1
26432 Nf3 5 0 0
26431 Nf3 6 0 2
26438 Bxe7 4 0 1
26441 bxc3 3 0 2
26442 bxc3 1 1 4
26443 Nf3 5 0 0
26444 Nf3 13 0 2
26444 a3 3 1 2
26445 e3 3 1 3
26449 e3 6 0 3
26451 bxc3 2 1 2
26452 e3 4 0 3
26456 Bxc4 3 0 2
26457 Bd2 5 0 1
26458 e3 8 0 4
26473 Nf3 4 0 1
26474 Nge2 3 1 1
26478 Bxc4 3 0 2
26479 Bxc4 5 0 6
26481 Bg5 4 0 1
26483 axb5 8 0 3
26486 e3 4 0 1
26487 bxc3 7 0 2
26488 bxc3 8 0 7
26493 Qxc4 2 0 3
26496 axb5 6 0 0
26498 Nc3 6 0 4
26499 Qxc4 4 0 1
26500 Qf3 66 1 10
26502 Nxd2 3 0 4
26507 Nf3 5 0 3
26510 b3 6 0 3
26515 bxc3 3 0 2
26521 Nb5 2 1 3
26522 Bd2 0 1 4
26524 Bg2 5 0 3
26525 exf6 6 0 1
26527 e4 5 0 1
26531 Bf4 3 0 5
26532 Nf3 4 0 1
26533 e3 6 0 7
26537 Bxe7 3 0 2
26538 Nf3 11 2 9
26540 Nf3 5 1 1
26539 Bh4 10 1 5
26543 Nf3 4 0 1
26545 e3 3 0 3
26547 e3 8 1 3
26548 e3 3 1 1
26549 e3 10 0 8
26550 Bd3 3 0 4
26551 e3 2 0 4
26553 e3 4 1 3
26555 bxc3 6 2 5
26556 e3 7 0 2
26557 Qc2 3 1 2
26558 Nf3 5 0 2
26559 Bd3 4 0 5
26561 b4 4 0 1
26562 cxd5 6 0 2
26564 e3 7 1 5
26567 b4 7 0 1
26568 bxc3 5 0 0
26571 bxc3 4 0 1
26572 O-O 4 0 5
26574 Bxb4 1 0 6
26580 Nc3 3 0 2
26581 Bc2 4 0 2
26582 O-O 2 0 3
26586 Bd3 1 0 5
26590 Qxb7 10 0 4
26589 Be3 6 0 3
26589 d5 5 0 2
26592 Be3 6 0 3
26591 Be3 2 0 4
26588 Bf4 6 0 4
26598 Bd3 3 0 2
26608 Nf3 2 1 3
26610 Bc3 1 0 4
26616 Nc3 0 0 5
26623 Nbd2 3 0 2
26624 Bd3 2 1 2
26625 Bd3 1 0 4
26627 Be2 1 0 4
26629 Nf3 3 1 2
26630 Nf3 3 1 3
26631 e4 7 0 1
26632 e3 4 0 1
26633 Nf3 7 0 5
26635 e3 6 1 8
26636 e3 11 2 9
26638 Be2 1 0 5
26639 Bg2 4 1 5
26640 e3 5 1 2
26642 Be2 3 1 2
26643 b4 8 1 3
26645 exd4 3 0 2
26646 O-O 2 0 6
26648 Be2 2 0 3
26650 Nc3 1 1 5
26653 Nf3 3 1 1
26659 Nf3 3 0 2
26660 Nf3 2 0 3
26662 Be2 3 0 8
26671 Bxd2 1 0 4
26672 Qxd2 2 1 4
26673 d3 1 1 3
26674 Be2 10 2 10
26676 c3 4 0 1
26680 Nf3 2 0 5
26682 d4 3 0 2
26681 d4 5 0 5
26684 Bxd5 4 0 8
26684 d4 2 0 4
26684 Nc3 4 0 1
26689 Nxe5 1 0 4
26692 Nf3 7 0 4
26692 Nc3 4 1 4
26691 Nc3 7 0 5
26691 Nf3 4 2 3
26693 fxe5 9 1 14
26701 Nf3 2 0 5
26700 Nf3 5 0 9
26700 Nc3 6 1 6
26702 fxe5 9 1 8
26705 d4 5 0 0
26706 Re1 2 1 2
26707 Qe2 3 0 2
26711 Qxd5 3 1 1
26713 Nxe4 8 0 0
26714 c3 1 0 4
26715 Nxc6 0 0 5
26716 Bxc3 10 1 3
26718 bxc3 4 0 5
26717 Bg5 0 0 6
26717 Qe2 2 0 3
26723 Bd3 1 0 5
26725 O-O-O 2 0 3
26730 O-O 5 0 1
26732 d3 2 0 3
26734 Bb5 2 0 3
26741 Bxd7 7 0 6
26741 Qe2 2 0 4
26746 d4 4 0 1
26747 Nxc6 1 0 4
26750 c3 5 0 1
26751 c3 2 0 3
26753 Qd2 1 0 4
26755 Bb5 3 0 3
26757 Ne2 4 0 1
26758 d3 4 0 1
26761 dxc5 8 2 4
26767 Nc3 1 0 4
26769 Nxd4 2 1 5
26774 Nxd4 3 1 4
26782 Qxd4 1 1 4
26783 c3 1 0 4
26784 exd5 2 0 3
26785 Bb5 5 0 1
26786 exd5 0 1 6
26787 Ba2 4 0 1
26790 Bb5 2 1 9
26792 Bb3 1 1 3
26795 Nxc6 2 0 4
26793 Nxc6 7 1 11
26796 Qxd4 5 0 2
26799 Nxc6 2 0 3
26800 Bb5 3 2 2
26801 d3 1 0 4
26802 cxd4 5 0 3
26803 Nxc6 2 1 7
26804 Bxc6 4 0 1
26808 Nxc6 4 1 3
26809 Qxd4 8 0 5
26811 Nxc6 5 0 11
26811 Be3 4 0 8
26812 cxd4 4 0 2
26816 Nxd4 1 0 9
26819 Nc3 3 0 2
26822 Nxc6 3 0 2
26822 Bc4 5 0 0
26822 Be3 3 0 2
26822 Be2 3 0 2
26821 Be2 11 0 10
26821 Bb5 7 0 7
26821 Bc4 6 0 7
26821 Be3 2 1 10
26821 Bg5 4 0 3
26820 Ndb5 13 1 11
26820 Nf5 9 2 4
26820 Nb3 4 0 11
26820 Nxc6 7 0 5
26820 Nf3 2 1 3
26823 Bg5 2 0 4
26824 Be3 5 0 3
26825 Bd3 6 2 26
26825 e5 3 0 8
26825 Nc3 1 2 5
26829 e5 6 1 1
26829 Nc3 5 0 1
26828 Nc3 12 0 8
26828 Bc4 5 0 1
26828 Bb5 2 0 3
26827 Nc3 12 0 12
26827 Bc4 4 0 4
26835 Bd3 2 0 3
26839 Be3 4 0 3
26837 Bc4 7 0 3
26837 Be3 4 0 1
26837 Be2 3 0 2
26838 Be3 2 1 3
26842 Bd3 3 1 7
26842 Nc3 1 0 4
26843 Nc3 3 0 5
26844 Nc3 7 1 11
26844 Bd3 2 0 3
26845 Nc3 3 0 3
26848 Nb1c3 9 0 0
26848 Nd6 2 1 3
26847 Nd6 16 2 11
26847 Nb5a3 3 0 3
26846 Nb1c3 9 1 11
26846 c4 7 1 5
26849 Nc3 2 0 5
26851 Nc3 6 0 1
26852 Nc3 15 1 29
26852 Bc4 16 2 19
26852 Bd3 9 0 10
26852 c4 8 0 2
26852 Be2 2 1 4
26852 f4 2 1 2
26853 Be3 7 0 3
26856 Bd3 9 0 5
26856 Nc3 4 0 3
26857 Nxc6 2 0 4
26859 Nc3 6 0 4
26859 Qd2 2 0 3
26860 Be3 42 1 29
26860 Nxc6 4 1 9
26861 Nc3 5 0 6
26861 Qd4 7 0 2
26861 Bd3 2 0 7
26861 Bc4 4 0 1
26862 Bb2 2 0 3
26863 Be3 6 0 4
26864 Bc4 5 0 3
26866 Bc4 3 0 3
26869 d6 5 0 1
26873 Be3 5 0 5
26873 Bc4 4 0 1
26874 d3 3 1 2
26875 d4 3 0 2
26877 Nxd4 7 0 5
26877 Qxd4 0 1 5
26879 Nxd4 4 1 6
26880 Nxd4 3 0 3
26884 Nxc6 4 0 5
26886 O-O 2 0 4
26887 Nxd4 0 0 6
26889 Nxc6 0 0 6
26893 Nxd4 1 0 4
26894 d4 2 0 3
26895 Nxd4 0 0 5
26896 Nxc6 1 1 4
26898 Qxd4 3 0 2
26900 a4 3 1 10
26901 Nf5 7 1 7
26908 Nc3 7 1 5
26908 d5 4 0 1
26910 cxd4 4 0 2
26917 Bb5 6 0 1
26919 Qxd4 8 0 1
26918 Be3 3 0 4
26916 Be3 8 2 11
26922 Nc3 3 0 6
26922 Bd3 1 0 7
26923 Qe2 11 0 5
26923 Bxd7 5 1 3
26928 Be3 45 3 41
26928 Bg5 34 2 48
26928 Bc4 18 0 22
26928 Be2 19 1 15
26928 Bd3 15 0 15
26928 f3 11 0 11
26928 f4 9 1 6
26928 Nf3 6 0 6
26928 a4 4 2 6
26928 g3 0 0 6
26931 Nb3 9 1 8
26931 Nf3 7 0 5
26931 Bb5 3 1 1
26930 Bc4 4 1 7
26930 Bg5 2 0 9
26930 Be3 7 0 3
26930 Be2 4 1 3
26930 Nf3 0 1 4
26930 f3 3 0 2
26929 Be3 40 1 40
26929 Bg5 10 1 13
26929 Bc4 10 2 3
26929 f3 6 0 7
26929 Be2 6 0 5
26929 Bd3 3 1 7
26929 Bb5 3 0 3
26933 c4 4 0 1
26935 Be3 4 0 2
26936 Nf3 2 0 3
26939 Nb5a3 3 0 2
26940 Qxd4 2 0 3
26941 Be2 2 0 3
26942 Nc3 4 1 0
26945 Be3 3 2 5
26945 Bc4 3 0 3
26946 Bxc6 10 2 8
26948 Bb5 4 0 1
26949 Qxd8 4 0 1
26950 Bc4 4 0 1
26952 Nxd4 1 0 4
26953 O-O 3 0 2
26955 Bb5 4 0 1
26956 Nxc6 3 0 2
26957 Qxd4 4 0 2
26960 Be3 5 0 4
26959 Bd3 5 0 4
26959 a4 1 0 5
26962 Bg5 2 0 5
26962 dxc5 5 0 2
26963 Bb5 4 0 1
26968 b3 1 1 3
26971 Nd6 5 0 0
26974 Be3 3 0 3
26973 Qxd4 13 0 3
26972 Be3 25 2 10
26972 Be2 4 0 1
26978 Bd3 11 0 8
26978 Nc3 10 1 8
26979 Nxc6 1 0 4
26981 Bd3 2 1 3
26980 Be3 2 0 4
26982 Be3 3 0 3
26986 O-O 3 0 3
26991 Be3 9 0 8
26991 Nxc6 4 0 4
26990 Be3 8 1 13
26990 Bd3 5 0 6
26990 Be2 2 1 4
26990 Nf3 3 1 1
26993 Be3 4 0 2
26994 Nc3 1 0 8
26994 Be2 4 0 1
26995 Bc4 1 0 4
26996 Nc3 2 0 3
26996 Bb5 2 0 3
26997 O-O 3 2 4
27000 Nc3 5 0 9
27000 Bd3 3 0 4
27000 Bb5 3 0 3
27002 Be3 5 0 5
27003 Nc3 13 0 4
27005 Nc3 2 0 10
27005 Nxc6 4 0 2
27005 c3 3 0 2
27006 Be3 20 0 25
27006 Nxc6 6 0 10
27007 Be3 5 0 1
27008 Nc3 2 0 4
27009 Be3 3 0 3
27016 Be2 1 1 3
27019 Qd1 0 0 6
27021 Nb1c3 5 1 0
27026 a3 2 0 4
27026 Bg5 1 0 4
27038 Nf3 2 0 3
27039 Nf3 10 0 8
27041 Nxc3 1 0 5
27043 Nf3 3 0 2
27042 Nf3 4 0 3
27044 Bc4 10 0 5
27046 Bc4 1 0 4
27045 Bc4 3 0 2
27047 Bc4 1 0 4
27050 exf6 1 0 5
27054 Bb5 6 0 1
27055 d3 3 1 1
27057 cxd4 2 0 3
27058 Nxc6 1 2 2
27059 Bc4 4 0 3
27061 O-O 3 0 3
27063 Be2 3 0 4
27064 Bxd7 2 0 4
27064 Qe2 4 1 1
27065 Qe2 1 0 4
27065 Bxc6 2 1 2
27067 cxd4 4 0 8
27071 Nf3 8 2 8
27071 d4 1 0 4
27072 Nf3 5 0 2
27074 Nf3 6 0 1
27079 Ng3 2 0 3
27081 Qe2 5 0 1
27082 d4 2 0 3
27083 d4 2 0 4
27084 Bxd3 5 0 6
27085 Be2 3 1 2
27086 Qxd3 11 2 3
27089 g4 2 0 6
27090 Qxf3 3 0 3
27092 O-O 5 1 4
27093 O-O 2 2 4
27095 Bg5 3 0 2
27097 Bc4 4 2 3
27103 Bxf3 1 2 3
27100 O-O 7 0 1
27105 Qxf3 3 1 3
27106 Bxc6 3 0 2
27107 Bxc6 2 0 4
27107 Ba4 1 2 2
27111 c3 3 0 3
27110 O-O 2 0 6
27110 c3 3 0 5
27113 Be2 2 0 3
27112 Bb5 11 0 8
27112 Bg5 1 0 5
27115 h3 3 0 2
27117 Nc3 4 0 2
27119 Nc3 3 0 2
27118 Bxc4 2 1 6
27121 O-O 0 0 5
27123 O-O 2 0 3
27124 Bg5 3 0 2
27124 Be2 3 0 2
27126 Bg5 0 0 5
27125 Bg5 1 0 7
27125 Bb5 4 0 3
27127 Nc3 3 0 3
27132 Nf3 16 2 13
27132 h4 10 1 10
27132 Bc4 6 0 4
27132 Ng1e2 1 1 3
27133 Bd3 2 1 3
27135 Nf3 5 0 2
27136 Nf3 3 0 4
27137 Nf3 5 0 5
27139 Nf3 22 1 20
27139 f4 6 1 8
27139 Qg3 5 0 6
27139 c3 3 0 5
27139 Nc3 3 0 2
27143 Bd3 7 1 8
27144 Bd3 6 0 8
27145 Qxd3 8 0 12
27148 O-O 3 0 3
27150 Qxd3 4 0 1
27152 h4 5 0 0
27155 cxd4 1 1 3
27156 Bf4 8 1 8
27156 h3 2 0 5
27156 Ne2 2 0 3
27157 Bb5 3 1 2
27158 Qxd3 4 0 2
27165 Nf3 2 1 5
27164 Nf3 3 0 3
27167 d4 3 1 1
27168 Qxd3 3 0 2
27170 Bb5 2 0 3
27171 Bxd3 7 0 3
27173 Nf3 1 0 4
27177 dxe5 1 0 5
27183 Be2 14 2 19
27185 d4 3 0 2
27184 d3 1 0 7
27187 Nf3 1 0 5
27188 Nf3 5 1 9
27190 Bxc6 4 1 3
27190 d3 2 0 3
27191 Bb5 5 1 7
27191 d3 4 0 5
27193 Bb5 3 0 3
27195 d3 2 1 2
27197 d3 5 0 9
27197 Nc3 1 1 4
27203 Nc3 4 2 4
27204 O-O 2 0 3
27206 Bb5 5 0 1
27210 Bxf3 5 0 3
27211 g4 5 0 4
27212 Qxf3 1 1 3
27213 O-O 3 0 2
27215 O-O 2 0 6
27218 Bd2 2 0 4
27216 Be2 2 0 4
27219 O-O 3 0 3
27220 Bd2 2 0 3
27221 O-O 1 1 3
27223 O-O 3 0 4
27226 Bd2 1 1 3
27230 Nf3 4 0 11
27231 Nf3 5 0 6
27232 h3 5 0 2
27235 Nf3 2 1 3
27237 Nf3 1 1 3
27236 Nf3 4 0 2
27245 Bxf3 4 1 3
27250 O-O 3 1 4
27251 O-O 2 0 4
27253 Bg5 1 0 7
27253 Bc4 4 0 1
27254 O-O 4 0 2
27259 O-O 4 0 1
27264 Bg5 6 0 0
27263 Bc4 4 0 2
27267 Be2 3 1 1
27269 Nf3 3 0 2
27270 Nf3 4 0 1
27272 h3 3 0 2
27272 Be2 2 1 2
27271 Bg5 4 0 3
27277 Bd3 4 0 1
27278 Bd3 2 1 2
27281 O-O 4 0 1
27283 gxf3 5 0 10
27284 Ngxe2 3 1 1
27285 Ngxe2 13 0 5
27286 Be3 5 0 1
27288 d3 2 0 3
27288 d4 4 0 1
27287 d4 11 0 2
27290 Ngxe2 4 0 2
27291 O-O 5 0 5
27301 d3 4 0 1
27298 Nf3 12 1 8
27298 Bb5 6 1 4
27299 Nf3 6 0 6
27299 d4 5 0 0
27300 Nf3 4 0 1
27305 O-O 6 0 1
27304 O-O 21 3 17
27304 g3 7 0 2
27306 Bf3 2 0 4
27307 Bf3 4 1 2
27309 O-O 7 0 0
27308 O-O 2 0 7
27311 Nf3 2 1 4
27312 d3 4 1 2
27316 O-O 10 0 6
27318 O-O 3 0 2
27317 O-O 11 0 12
27317 d4 6 0 1
27317 d3 5 0 1
27322 Be3 4 0 5
27323 Nf3 9 1 6
27323 Bb5 7 1 1
27325 Nf3 3 0 6
27330 Bd2 4 0 1
27331 Bxf3 4 0 1
27332 Nc3 3 0 4
27334 Nh4 4 0 4
27338 Nf3 2 0 3
27340 Nf3 4 0 1
27342 Bh6 4 0 1
27343 Bd3 6 0 2
27344 Bc4 2 0 3
27348 O-O 4 1 2
27352 dxe5 2 0 5
27353 Bc4 4 0 2
27356 f4 3 0 2
27357 O-O 5 0 2
27360 O-O 3 0 2
27361 Bb5 2 0 3
27362 Bc4 5 0 0
27362 Bg5 3 0 2
27362 Bd3 3 0 2
27362 Bb5 2 0 3
27365 O-O 2 0 5
27368 Bd3 3 1 3
27371 Be2 0 0 6
27375 d3 3 1 2
27376 Nxe5 7 0 1
27383 Bb5 10 0 11
27382 Nxf7 4 1 6
27382 Qf3 4 0 3
27382 d3 5 0 1
27385 Qd1 2 1 3
27387 h3 2 0 4
27389 exd5 4 0 1
27390 Bxf6 5 1 2
27393 Bb3 4 0 2
27395 Bb5 8 0 10
27396 c3 2 0 3
27394 Nxf7 14 1 7
27394 Qf3 9 0 7
27394 d3 4 1 4
27401 Nxe6 5 0 3
27402 Bxe6 9 1 1
27403 d3 4 0 1
27406 Bb3 4 0 2
27406 Bb5 3 0 2
27407 Qf3 2 0 4
27414 Bb3 5 0 1
27416 Qf3 7 0 4
27419 Nc3 3 0 3
27422 Bxd7 8 1 4
27423 Bb5 3 0 3
27426 Bg5 4 0 2
27428 O-O 2 1 2
27429 Nxd4 6 0 2
27433 Nxc6 2 0 4
27432 Qxd4 3 2 3
27435 Qxd4 7 0 5
27437 Nxc6 4 0 5
27436 Qxd4 1 1 7
27438 Bb5 4 1 0
27439 Nf3 5 0 0
27440 Bg5 0 0 5
27441 Bd3 2 0 3
27445 Nxd4 4 0 2
27446 Nd3 8 0 4
27452 Bg5 0 0 5
27454 d3 4 0 2
27455 c3 2 0 3
27459 d4 1 2 2
27460 d4 5 0 2
27462 d4 3 0 4
27461 Ba4 3 1 3
27465 h3 3 0 4
27466 cxd4 5 0 1
27467 Bc2 5 0 1
27471 Bc4 2 1 2
27469 Bc4 4 0 4
27469 Ba4 4 0 3
27472 d3 1 0 4
27473 bxc3 8 0 4
27473 Nxc3 6 0 4
27478 Ba4 7 0 1
27478 Bc4 5 0 3
27477 Bc4 8 0 5
27479 Qe2 6 0 0
27481 h3 0 0 5
27483 Qe2 6 0 2
27484 Nf3 2 0 3
27485 O-O 3 0 2
27485 h3 1 0 4
27487 Bg5 0 0 8
27486 h3 3 1 4
27486 Bg5 2 1 2
27494 Bxc6 2 0 6
27494 Nxe5 1 0 4
27497 Bxc6 3 0 2
27496 Re1 2 1 2
27498 Bb3 6 0 3
27502 h3 2 0 3
27504 Nxe5 5 0 1
27508 Nxd4 4 1 5
27509 Bb3 5 1 2
27510 Bb3 14 0 14
27513 Nxd4 5 0 3
27516 d4 4 0 4
27516 Re1 3 0 4
27518 Nxd4 4 0 8
27519 Bb3 4 0 2
27519 Bc2 5 0 1
27521 Bb3 4 0 2
27523 Qxd4 5 0 5
27526 h3 3 0 2
27529 Bb3 8 0 4
27532 Bb3 8 0 10
27536 Re1 2 0 3
27534 Re1 30 1 33
27534 d3 3 0 4
27538 Re1 3 1 1
27535 Bb3 40 4 30
27537 Re1 4 0 1
27539 Bb3 12 0 12
27545 c3 4 0 3
27545 O-O 3 0 2
27547 O-O 6 0 5
27543 O-O 12 2 8
27543 d3 12 0 7
27544 c3 3 1 1
27544 O-O 2 1 2
27546 c3 5 0 1
27546 O-O 1 0 5
27552 Nf3 5 0 0
27550 d4 10 1 8
27551 Nf3 4 0 1
27554 d4 6 0 2
27557 d4 5 1 0
27557 h3 4 0 1
27557 d3 4 0 1
27558 d3 4 0 1
27563 d3 2 0 3
27560 Nf3 13 1 27
27560 Qh5 4 2 6
27560 Nd3 3 0 8
27560 Nxf7 1 0 5
27560 f4 3 0 2
27561 d4 8 1 4
27562 d4 3 0 4
27565 d4 11 1 16
27565 Nc3 3 0 5
27565 c3 2 0 5
27565 d3 3 0 3
27565 h3 5 0 0
27566 h3 5 0 13
27566 d3 5 0 5
27571 Nbd2 6 2 6
27571 Bg5 2 0 6
27571 h3 4 0 2
27571 Nc3 2 1 3
27571 O-O 4 0 2
27572 h3 6 2 13
27575 Qxd4 14 1 12
27575 Nxd4 4 0 3
27577 d3 2 1 2
27578 d3 3 0 2
27579 d3 5 0 4
27583 d3 3 2 0
27583 Re1 4 0 1
27582 d3 3 1 3
27582 h3 3 0 2
27581 Nc3 9 1 8
27581 d3 4 0 7
27588 h3 5 3 9
27589 h3 6 0 1
27589 Bg5 2 0 4
27593 dxe5 5 0 5
27593 h3 1 2 5
27594 dxe5 2 0 5
27592 Nxd4 14 0 23
27592 Qxd4 6 0 9
27595 dxe5 3 1 3
27596 d3 6 2 2
27598 d4 2 0 3
27600 Nxd4 3 1 1
27601 Re1 3 0 2
27603 Ba4 5 1 1
27604 Ba4 6 2 4
27606 Nxd4 2 0 3
27607 Nxd4 3 0 2
27610 Bb3 4 0 6
27612 cxd4 4 0 2
27613 dxe5 4 0 2
27614 Bxd7 5 0 2
27616 Bxd7 3 0 4
27617 Bb3 6 2 1
27618 dxe5 14 0 2
27619 Nxc6 11 4 8
27619 Nc3 9 0 7
27619 O-O 7 0 9
27619 Bxc6 5 0 3
27620 Bxc6 6 1 5
27622 Re1 4 0 5
27623 Bxc6 2 0 7
27624 d3 7 0 5
27625 Ba4 7 0 2
27627 c3 1 0 4
27628 c3 3 0 2
27629 Bb3 6 1 12
27633 d3 3 0 2
27634 d3 2 0 6
27637 Bg5 8 1 5
27637 O-O 3 0 2
27638 Bg5 2 0 6
27638 h3 0 2 4
27636 Be3 6 1 6
27636 h3 8 1 4
27636 O-O 5 1 6
27636 a3 3 0 3
27640 h3 2 0 4
27643 d3 3 1 2
27646 dxc5 1 0 4
27647 d3 2 0 12
27647 a3 2 1 3
27648 h3 6 1 4
27648 d3 1 0 4
27650 c3 2 0 4
27651 c3 0 0 5
27653 Bd5 1 0 4
27652 d4 11 0 1
27654 d4 2 1 4
27655 Bg5 4 0 1
27661 Bxe6 2 0 3
27660 d4 6 0 4
27660 h3 4 0 1
27662 h3 3 1 3
27665 d3 2 0 3
27668 d4 3 0 8
27667 d4 20 3 19
27667 O-O 3 0 2
27673 d4 3 1 2
27671 d4 11 0 6
27672 d4 5 0 3
27676 O-O 3 0 4
27675 Bg5 2 0 3
27675 O-O 2 0 3
27674 O-O 4 1 2
27674 h3 3 0 2
27674 b4 2 1 2
27677 cxd4 75 6 80
27677 e5 4 2 4
27678 cxd4 3 0 6
27679 h3 3 0 3
27681 cxd4 45 2 31
27682 O-O 6 0 2
27684 cxd4 16 0 9
27685 fxe3 5 0 2
27686 Nc3 4 0 5
27687 Bh4 4 0 4
27692 Nxf7 3 0 8
27692 Nc3 2 0 8
27692 O-O 4 1 4
27692 h3 1 0 6
27692 c3 2 0 3
27694 exd5 5 1 1
27693 Nxf7 3 0 3
27699 Bxe6 8 0 8
27698 Nf3 6 1 8
27698 Qf3 4 0 6
27698 O-O 2 1 5
27700 Be3 5 0 3
27700 h3 2 1 4
27700 Nd5 1 0 4
27702 Nc3 2 0 4
27702 h3 1 1 3
27707 Bxf7 3 0 2
27708 c3 2 0 4
27706 c3 10 0 8
27710 O-O 3 0 2
27712 c3 5 1 2
27719 Nc3 3 0 3
27719 Nxc6 4 1 1
27718 Qxd4 9 0 7
27717 Nxc6 5 0 4
27721 Rf1 2 0 3
27723 e5 3 0 2
27726 Nxc3 5 0 1
27728 O-O 3 0 2
27730 O-O 6 1 1
27731 Bxd5 5 0 0
27732 Rf1 0 0 18
27732 Nxh8 1 0 4
27737 d4 11 1 3
27737 O-O 5 0 2
27739 Bg5 1 0 6
27743 bxc3 3 1 4
27742 exd5 2 0 6
27744 d3 5 1 4
27747 Bg5 2 0 4
27746 h3 5 0 4
27750 Nxe4 6 0 5
27751 Bxd5 5 1 7
27754 Nxd4 1 0 4
27756 Kxf2 7 1 18
27756 Kf1 9 0 7
27758 Bb3 10 0 1
27761 Bb5 46 5 69
27761 d3 15 0 12
27761 Qe2 4 0 10
27761 Bb3 4 0 5
27761 b3 2 1 3
27761 Be2 0 1 5
27762 c3 11 0 16
27762 d6 7 1 16
27762 d3 2 0 3
27762 O-O 1 1 3
27760 Nxf7 73 2 28
27760 Qf3 26 1 25
27760 d3 15 0 11
27760 Nc3 6 0 2
27760 Bxd5 3 0 3
27760 d4 3 0 2
27763 Bxb5 0 0 8
27763 Bb3 2 1 2
27768 O-O 4 0 1
27773 h3 1 0 4
27773 O-O 1 0 4
27774 exd5 4 0 2
27775 c3 3 0 2
27779 Nf3 5 0 2
27780 c3 2 0 3
27781 O-O 6 0 10
27781 Bxd5 6 1 3
27781 Bb5 4 0 2
27781 Ng5 3 0 3
27781 c3 4 0 1
27785 Qxd4 4 1 3
27784 Nxc6 5 1 1
27787 h3 1 0 4
27790 Qxd4 5 0 2
27797 g4 6 1 8
27798 exd5 1 0 4
27799 c3 2 0 3
27800 Be2 5 0 2
27800 Bxf7 2 0 4
27801 Qxd4 1 1 3
27802 Qxd4 17 2 8
27804 d3 3 0 2
27807 dxe5 2 0 4
27808 dxc3 4 0 2
27811 Bd2 9 2 4
27812 a3 5 0 0
27814 Nxd4 16 3 11
27816 Nxd4 6 0 0
27818 d4 2 0 3
27819 d4 4 1 0
27817 d4 4 1 5
27820 d3 4 1 1
27823 c3 4 0 3
27824 exd5 4 1 0
27825 d4 2 0 3
27826 c3 4 0 1
27828 Nxd4 2 1 5
27829 cxd4 8 2 9
27830 Bd5 5 0 0
27830 Re1 2 0 3
27832 O-O 2 0 3
27836 cxd4 8 1 3
27837 cxd4 3 1 2
27838 Nc3 1 1 3
27842 Qxd4 6 0 0
27843 Nxd4 5 1 0
27844 Nxe5 6 0 2
27846 Qxd8 3 0 3
27850 Nxc6 7 1 5
27852 Bb3 8 0 3
27851 Nxc6 6 1 3
27848 Qxd4 59 2 38
27849 Nxc6 9 1 2
27849 Be3 5 2 3
27854 Nxc6 2 0 4
27856 d3 1 2 2
27861 Nxe5 8 0 3
27861 O-O 3 0 3
27862 Nxe5 3 0 2
27863 d4 4 1 3
27863 O-O 3 0 2
27864 d3 3 0 2
27865 O-O 1 1 3
27869 d3 4 0 1
27870 d3 4 0 1
27873 h3 3 0 2
27874 d4 9 1 1
27875 Nxd4 2 1 3
27876 d4 2 0 4
27877 Qxd4 12 1 5
27878 Nxe5 2 0 3
27879 Nxe5 7 0 4
27880 d4 5 0 2
27880 O-O 2 0 3
27881 Nxd4 2 1 3
27887 d3 6 0 1
27888 d3 4 0 2
27891 Bxd5 4 1 2
27894 Bd2 4 0 1
27895 Nxd4 0 0 7
27896 d5 4 0 5
27897 e5 3 0 5
27898 Nxd5 4 0 3
27901 Bd2 5 1 1
27902 Qxd4 3 0 3
27903 Qxd8 6 0 2
27906 Nxc6 14 1 15
27905 Be3 11 1 10
27905 Nxc6 4 0 7
27904 Qxd4 36 4 26
27910 Qxd4 6 0 1
27911 d4 4 0 1
27912 Qxf3 3 0 2
27913 Be2 3 0 3
27914 Qxd4 6 1 7
27915 c5 4 1 1
27917 c4 5 0 2
27918 Bxc6 6 0 1
27920 Bd2 8 1 13
27920 Nc3 6 0 5
27921 d5 3 0 5
27921 Nc3 4 0 4
27923 Nxe5 2 0 3
27926 Bd2 2 0 3
27925 Qe2 2 0 3
27928 cxd4 3 1 6
27931 cxd4 4 0 2
27929 cxd4 1 1 5
27934 Nc3 2 0 3
27936 Qxd4 5 0 0
27940 Qxf6 1 1 3
27941 Qe5 4 0 1
27939 Qxd5 4 0 1
27938 Bc4 5 1 2
27938 Nc3 4 0 2
27942 Bd3 3 0 3
27943 Nc3 2 0 4
27948 Qxd4 4 0 6
27949 Qxd8 7 1 9
27951 Bb5 6 0 3
27950 Nxe5 16 3 3
27952 O-O 3 0 4
27955 e5 3 0 3
27954 Bxf7 5 0 3
27956 Qd5 6 0 0
27957 exd5 5 0 4
27958 Nxd4 2 0 3
27965 Bxd4 6 0 1
27963 Bxd4 5 0 3
27962 c3 21 2 21
27967 Nc3 6 0 1
27970 Qd2 8 2 12
27970 Qe2 4 0 15
27970 Qf3 8 1 10
27970 Be3 11 0 7
27970 f3 3 1 6
27970 Nd4 2 1 4
27969 Bd3 17 0 24
27969 Nc3 7 1 9
27969 Bc4 4 4 5
27969 Qf3 8 0 4
27969 Be3 4 0 3
27971 Qxd8 1 1 3
27972 Be3 3 1 6
27975 Bd2 6 1 0
27977 Nxc6 6 0 12
27979 Bd3 20 2 9
27979 e5 8 0 10
27979 Nc3 6 1 3
27979 Bg5 3 0 6
27980 Qxd8 1 0 5
27981 Qxd4 4 1 4
27982 Bb5 0 0 7
27991 Nc3 3 0 2
27984 e5 21 1 13
27984 Nc3 14 2 7
27984 Bg5 13 1 9
27984 Bc4 11 1 9
27984 Qe5 4 0 3
27984 Bd3 3 0 2
27988 Nc3 4 0 5
27988 Bd3 3 0 6
27986 Qxf6 10 3 13
27986 Be3 10 0 5
27986 e5 4 2 2
27987 Nc3 13 1 2
27987 Bc4 10 0 4
27987 Qd5 3 1 4
27985 Qe5 21 1 17
27985 Qc4 8 2 10
27985 Qd5 8 0 10
27985 Qd1 7 0 7
27985 Qe3 5 0 6
27985 Qc3 3 1 7
27985 Qa4 3 0 2
27989 exd5 7 0 6
27983 Bc4 43 8 29
27983 Nc3 39 5 29
27983 e5 7 1 13
27983 Bd3 5 0 6
27983 Bb5 2 0 5
27983 b4 0 0 6
27983 Bf4 3 0 3
27983 Be3 1 0 4
27994 c3 5 0 9
27995 Bd3 8 2 10
27995 Nc3 3 0 2
27996 Bd3 2 1 3
27996 Nc3 3 0 2
28000 Qe2 6 0 2
28002 exd5 3 1 3
28004 Bd3 6 0 4
28004 Nc3 3 1 5
28004 Bc4 5 1 2
28004 Qf3 4 1 2
28005 Bxb2 8 0 1
28006 Qxd4 4 0 2
28009 d3 1 0 9
28009 Nxf7 4 0 1
28009 Qf3 4 0 1
28010 d3 3 0 3
28014 Bg5 6 0 3
28014 Be2 3 1 3
28015 Bg5 3 0 2
28018 Nxe5 5 1 0
28020 Nxd4 4 0 2
28025 h3 3 0 2
28026 Bxd5 0 1 7
28026 Bb5 3 0 2
28027 Qxd4 3 0 2
28029 Nxc6 9 1 4
28030 Nxc6 4 0 2
28030 Be3 5 0 0
28028 Qxd4 22 1 16
28031 d3 3 0 4
28031 b3 1 0 4
28032 bxc3 3 0 3
28035 d4 3 0 3
28037 d4 5 1 3
28040 Nc6 5 0 0
28038 dxe4 4 1 3
28041 Qxe5 9 0 4
28042 O-O 6 0 2
28043 d3 10 1 15
28047 Be2 2 0 3
28050 Be2 15 0 6
28050 Qe2 3 3 8
28051 Be3 3 0 2
28051 Be2 4 0 1
28053 dxc3 3 0 2
28054 d3 19 1 24
28055 Bg5 1 1 3
28056 Bd3 5 3 8
28057 Bc4 2 1 3
28064 O-O 3 1 1
28066 d4 3 0 2
28069 O-O 2 0 3
28071 Bg5 7 0 0
28072 Be3 10 0 4
28073 Nxd4 5 0 1
28075 Bd3 0 0 5
28076 c3 1 0 7
28076 Nxc6 3 1 1
28079 Bd3 3 1 3
28081 Bxd7 4 0 2
28082 Qh5 5 0 0
28084 a3 6 0 0
28086 d3 2 2 4
28086 Nc3 6 0 1
28087 d3 3 0 3
28090 Nxd4 10 2 13
28091 Nxd4 1 0 5
28092 cxd4 3 1 1
28094 Nc3 4 0 1
28096 Bxf7 4 0 5
28096 Ng5 2 0 3
28099 Qxf3 4 0 4
28101 g4 4 0 2
28100 Qxf3 6 0 3
28102 d4 3 0 2
28104 Qxf3 4 0 1
28105 Qb3 6 0 2
28107 gxf3 3 0 3
28109 d3 2 2 1
28111 Re1 1 1 3
28113 d3 17 0 14
28113 Nc3 5 0 6
28113 h4 1 0 5
28114 d3 16 0 13
28114 Nc3 9 2 5
28114 O-O 5 2 2
28114 g4 1 0 6
28115 Qxf6 15 3 5
28115 Qb3 10 0 5
28122 g4 5 0 2
28124 Bxg8 4 0 1
28125 Be2 2 0 4
28126 Qxd4 9 1 9
28128 d3 4 0 1
28129 Nxe6 11 0 13
28130 Nxf7 6 0 0
28130 Qf3 5 0 0
28132 dxe5 1 0 4
28134 Bb3 4 0 2
28136 Ng5 4 0 2
28138 Nxd4 3 1 4
28140 Qxf3 4 1 0
28141 d4 5 0 0
28145 h3 1 0 5
28148 Qxf3 6 0 2
28149 Nxe5 4 0 2
28152 O-O 3 0 3
28154 Nc3 7 0 12
28154 O-O 4 0 3
28154 Qf3 2 1 2
28158 Qd5 3 1 4
28159 e5 2 1 4
28161 O-O 4 0 1
28162 Nc3 3 0 2
28170 Bc4 6 0 1
28174 Qxd4 6 0 1
28181 Nxe5 9 1 3
28182 Qxd4 12 0 3
28183 Qxe2 4 0 6
28184 Bc4 64 0 17
28184 Nc3 4 0 1
28185 exd6 4 0 6
28186 Qxd8 10 0 1
28189 Nxe5 18 1 2
28191 dxe5 3 0 2
28193 Qxd4 5 1 2
28194 Qxd8 9 1 8
28195 Bc4 1 1 3
28196 Nxe5 6 0 3
28204 Nxc6 4 1 3
28206 Nc3 4 0 1
28207 Nc3 5 0 5
28209 O-O 2 1 4
28210 Be3 7 0 3
28213 Qxd4 7 1 2
28214 Bc4 2 0 7
28217 Be3 4 0 4
28218 O-O 7 3 10
28219 f3 4 0 2
28223 Nc3 4 0 4
28224 Bxf6 4 0 2
28226 Bg5 2 0 3
28226 Bc4 3 0 2
28225 Bc4 13 2 13
28225 Be2 8 1 4
28225 Bf4 6 0 7
28225 Bd3 5 0 7
28225 Be3 5 0 5
28225 Bg5 3 0 4
28228 Bg5 3 0 3
28228 Bd3 3 0 2
28227 Nf3 4 0 3
28233 Bxd7 15 2 10
28236 h3 2 0 4
28240 exf5 5 0 3
28242 O-O 3 0 2
28243 Be3 8 0 0
28245 Bxc6 12 1 8
28249 O-O 2 0 3
28253 Qh5 6 0 2
28254 O-O 4 0 2
28263 Nb3 4 0 2
28264 dxe4 1 0 5
28266 Bc4 15 0 2
28268 Qxh8 7 0 0
28267 Qxh8 12 0 4
28270 a4 5 0 1
28271 a4 2 0 3
28272 Qf3 4 1 3
28273 Qd3 4 0 2
28274 Qd1 4 0 6
28275 d3 5 0 3
28276 d3 2 0 3
28279 d3 3 0 2
28277 d3 5 0 14
28277 Nh3 4 0 2
28277 h3 1 0 4
28278 d3 5 1 5
28283 Bg5 4 0 1
28281 Bg5 6 0 9
28280 Qd1 7 1 19
28282 Bg5 4 0 8
28284 d3 1 1 3
28287 Nxe5 2 1 2
28288 d3 0 1 5
28291 Qg3 3 0 4
28290 Bg5 2 0 14
28293 Nxf3 3 0 2
28294 Qxh7 5 0 0
28295 Bxb2 5 0 0
28296 Nf3 7 0 1
28299 Bb5 8 1 2
28300 Bc4 3 0 2
28301 Nc3 2 0 3
28302 Bb5 3 1 1
28304 Bc4 1 0 4
28308 a3 1 0 6
28307 Qd4 4 0 3
28310 Qe2 1 0 6
28315 Bxf6 3 1 7
28317 Bd3 3 2 7
28317 Bd2 1 0 6
28322 Nf3 2 0 3
28325 b4 0 0 5
28327 Bd2 10 0 7
28328 Bd2 2 0 3
28329 Bd2 2 0 3
28331 Qg3 8 1 11
28333 Bd2 6 0 5
28334 O-O 3 0 2
28335 Qb3 4 0 2
28336 Nf3 3 0 3
28340 O-O 6 0 0
28343 Nf3 4 0 1
28347 Nc3 28 0 11
28347 Nd2 20 0 13
28350 Nf3 14 0 4
28350 Qb3 4 0 1
28348 Nf3 15 0 4
28348 e5 7 0 3
28348 Qb3 3 0 3
28348 Nc3 3 0 2
28356 Nf3 5 1 0
28351 Nc3 6 0 3
28351 Nd2 4 0 4
28354 Nf3 2 0 3
28352 Bxd5 4 1 4
28349 Nf3 11 1 7
28349 Qb3 5 0 6
28353 Nf3 5 0 1
28357 Qb3 3 0 3
28358 O-O 4 0 1
28360 Nxc3 4 0 4
28361 Bc4 7 0 0
28362 cxd4 4 0 2
28365 d3 3 0 3
28366 fxe5 5 0 0
28366 O-O 4 0 1
28367 Nc3 4 0 3
28370 Qxf3 4 0 1
28372 Bxf4 3 0 2
28373 e5 5 0 1
28376 Nc3 4 0 1
28380 c4 4 0 2
28382 d3 3 0 2
28385 Bxf4 2 1 3
28386 Bxf4 9 0 2
28388 Nc3 7 0 1
28387 Bc4 5 1 5
28390 Bxd5 3 0 5
28389 d4 9 2 4
28393 Kf1 2 0 4
28394 O-O 18 0 7
28395 Qf2 4 1 2
28396 Bg2 2 0 5
28397 Bxf4 4 0 4
28398 O-O 5 0 1
28401 d4 4 0 1
28402 Bxf4 5 0 2
28406 Nc3 5 0 0
28409 d4 2 0 3
28411 Qxf3 6 0 0
28413 dxc6 1 1 4
28416 d4 4 0 3
28415 Be2 13 0 2
28417 d4 4 0 7
28417 O-O 1 2 3
28420 Qxf3 4 0 1
28419 Nc3 8 0 1
28419 d3 3 1 1
28424 Bxf4 5 0 0
28427 Qxf3 6 0 2
28428 Nc3 4 0 1
28429 Nc3 2 0 4
28431 d4 5 0 2
28430 d4 5 0 4
28433 Bxe6 3 0 6
28435 d5 2 0 3
28436 Ne5 6 0 2
28437 Kf1 9 0 5
28438 Qxf3 3 1 2
28439 Qxf3 2 0 3
28440 Nxf7 6 0 7
28443 d4 1 0 4
28444 Nf3 1 0 5
28445 Bd3 4 0 6
28447 Qxd5 5 1 0
28453 bxc3 2 0 10
28456 Bd3 4 1 7
28457 Bd3 2 1 2
28459 Bb5 3 0 2
28460 Bf4 3 0 4
28463 Bxd3 4 0 1
28466 b3 6 1 1
28468 Be2 1 0 4
28469 cxd4 2 1 3
28472 Be3 2 0 4
28474 cxd4 2 1 2
28476 Be3 1 1 4
28477 O-O 1 0 5
28479 Bb5 4 0 3
28480 d4 2 0 4
28489 O-O 1 0 6
28490 O-O 1 0 5
28494 Bg5 0 1 4
28492 Bg5 3 0 8
28495 O-O 1 0 4
28496 Bd3 1 1 4
28497 O-O 2 1 3
28499 O-O 8 1 16
28499 Bg5 1 1 3
28500 O-O 8 2 19
28502 O-O 1 1 4
28503 O-O 1 1 3
28501 O-O 2 0 4
28501 dxc5 3 0 2
28504 O-O 2 2 8
28505 O-O 1 0 4
28507 Bd3 4 1 3
28507 Nc3 3 0 4
28511 Bd2 5 1 4
28510 Bg5 5 1 7
28510 Bd3 2 0 4
28509 Bd3 6 1 6
28509 Bg5 2 2 5
28509 Bb5 1 1 4
28509 Be2 0 0 5
28508 Bg5 6 1 15
28508 dxc5 6 0 3
28512 Bg5 1 0 5
28520 Nc3 4 1 2
28518 Nc3 4 1 10
28519 Nc3 6 0 4
28522 Bxc4 3 0 2
28524 Bd3 1 1 4
28523 Bd3 2 1 5
28526 Nc3 3 0 4
28526 Bb5 4 0 3
28530 Bxd3 2 0 7
28534 Be3 0 0 6
28537 Qxd2 8 0 3
28538 Qxd4 6 0 2
28543 Nc3 3 0 2
28545 Nc3 4 0 2
28546 Qg4 3 0 6
28548 bxc3 5 0 9
28550 h4 6 0 9
28550 Bxe7 10 0 4
28551 Be3 3 0 3
28552 Nf3 9 1 6
28556 Nxf6 2 0 4
28556 Bxf6 4 0 1
28557 Nf3 8 2 3
28558 c3 6 1 3
28559 c3 2 0 4
28560 c3 6 0 3
28561 Nf3 3 0 2
28566 Bxc6 7 1 3
28566 O-O 1 0 6
28570 Bb5 4 0 2
28573 O-O 2 0 3
28574 Nxc6 3 0 2
28577 Bxc6 4 1 8
28577 Nf3 0 0 5
28578 Bxc6 2 0 11
28579 Bxc6 2 1 3
28580 b3 0 1 4
28581 cxd4 1 0 7
28584 Be2 4 0 4
28584 Bd3 2 0 3
28584 Be3 2 0 3
28585 Bd3 8 0 1
28585 Bb5 2 0 4
28582 a3 14 0 17
28582 Be2 9 0 19
28582 Bd3 11 1 6
28582 b3 5 0 8
28582 Be3 1 0 10
28582 a4 5 1 4
28582 Na3 4 0 2
28583 cxd4 15 0 18
28587 Nf3 4 0 7
28588 a3 13 1 7
28588 Be2 6 2 9
28588 Bd3 5 0 4
28588 b3 2 0 3
28589 cxd4 4 1 1
28594 Bd2 3 0 2
28593 Nf3 6 0 3
28596 Bb5 2 0 3
28597 Nf3 3 0 3
28605 O-O 5 0 3
28605 Bg5 1 1 3
28607 c3 6 0 0
28608 O-O 2 1 4
28609 O-O 4 0 3
28610 Nf3 9 1 7
28611 Nf3 8 0 4
28612 Nf3 4 0 1
28615 Bg5 3 0 2
28620 O-O 2 1 2
28619 O-O 1 0 4
28622 Qxd3 3 0 3
28624 O-O 13 0 9
28625 O-O 5 0 11
28627 O-O 2 0 3
28626 O-O 4 0 2
28628 O-O 3 1 2
28636 Nc3 5 0 0
28646 Bd3 4 0 4
28647 dxc5 3 0 3
28648 Bd3 3 0 3
28649 Qd3 17 0 6
28650 Qd3 11 0 6
28650 Qe3 3 0 4
28651 Qd3 1 0 4
28653 O-O 4 0 2
28654 Nh4 3 0 4
28655 d4 1 1 3
28656 d3 2 0 3
28659 Nf3 3 0 5
28660 Nf3 5 1 3
28661 d4 2 0 4
28662 bxc6 3 0 3
28664 b6 1 0 6
28665 cxd4 7 1 2
28668 O-O 3 0 2
28672 Nbd7 1 1 3
28674 Bf5 0 0 5
28677 f5 5 0 0
28679 e6 3 0 2
28689 e4 1 0 4
28690 Bg7 6 1 4
28691 Bg7 3 1 1
28693 d6 3 0 2
28694 d6 5 2 1
28696 O-O 1 0 4
28698 Nc6 5 0 0
28700 Nxf6 6 0 0
28704 Qe7 3 0 6
28705 Bb7 0 1 4
28706 d5 3 0 2
28707 b6 5 0 0
28710 g6 4 0 1
28713 O-O 2 0 4
28716 Nc6 3 0 3
28717 Nc6 3 0 2
28718 Nc6 6 0 2
28719 a5 3 0 2
28723 Nc6 4 0 6
28723 c5 8 0 1
28723 Na6 3 1 2
28723 e5 0 0 5
28725 Nc6 3 0 2
28726 Qxd1 3 1 1
28727 Nc6 5 0 4
28727 Nbd7 1 0 5
28727 e5 2 0 3
28728 c5 9 0 5
28728 Bg4 8 0 2
28728 Nbd7 2 0 3
28729 dxe5 4 1 1
28731 Bg7 22 6 26
28731 c5 10 2 14
28732 c6 2 1 6
28737 Nf6 4 0 1
28741 Ne7 6 0 0
28744 e6 4 0 1
28747 Bc5 2 1 4
28749 d6 4 1 9
28749 Nf6 3 0 5
28751 Be7 7 1 1
28752 O-O 1 0 8
28756 Bh5 2 0 4
28759 Nxd4 4 1 1
28762 e6 10 0 1
28764 Bd6 7 0 1
28765 Nxf4 5 0 4
28766 Bd6 4 0 1
28768 Nc6 7 0 0
28771 cxd6 7 0 2
28775 O-O 5 0 2
28775 Nc6 5 0 0
28778 Bxf6 4 0 2
28782 e6 4 1 1
28785 Ne5 5 0 0
28786 Nc6 1 0 4
28789 Bb4 4 0 2
28792 Bg7 1 1 3
28794 Bb4 8 0 2
28796 Be7 3 1 2
28801 Qxe5 5 0 1
28802 O-O 3 0 2
28804 Bb4 3 1 1
28806 e6 4 0 6
28808 cxb5 7 0 3
28813 cxb5 6 0 0
28814 c6 4 0 4
28816 Nc6 17 1 4
28816 Bb7 14 0 1
28816 Qc7 8 0 0
28816 Qa5 4 0 1
28823 Qd7 3 0 3
28824 Nxf6 6 0 1
28830 h6 5 0 1
28830 Nbd7 2 0 3
28831 Bb7 3 1 1
28832 O-O 8 1 5
28834 h6 3 0 2
28835 Nbd7 4 1 2
28837 h6 4 0 3
28840 Bb4 3 1 3
28841 Be7 3 1 1
28842 O-O 6 0 1
28847 Nxd5 4 0 2
28848 h6 3 1 3
28849 Bd6 7 0 1
28858 Nbd7 8 0 4
28859 Bg4 3 0 3
28861 Qb4 3 0 2
28862 Bg4 2 0 3
28864 O-O 3 0 2
28866 Bb4 1 0 4
28871 d6 1 0 4
28872 d6 3 0 2
28874 Be7 4 0 1
28877 Nbd7 2 1 3
28877 b6 2 0 4
28878 Nbd7 7 1 3
28878 b6 3 0 5
28880 b6 2 1 2
28881 O-O 3 0 2
28883 b6 7 1 2
28886 h6 2 0 3
28887 c6 1 0 5
28889 d6 3 0 2
28891 Nf6 3 0 8
28893 Qxd2 1 1 4
28894 e6 1 1 3
28895 Nc6 6 1 8
28899 Be7 4 0 4
28900 exd5 4 0 8
28905 g6 4 1 3
28904 g6 4 0 1
28906 Be7 6 0 3
28908 Nc6 4 1 6
28908 Bf5 1 0 5
28909 g6 2 0 4
28911 Be7 6 0 6
28910 Be7 3 0 3
28910 Bf5 0 0 5
28912 Nc6 4 1 1
28913 Bb6 5 0 0
28914 c5 2 1 2
28915 c5 3 0 2
28919 Bxc6 0 0 5
28920 Bxe4 10 1 3
28922 h6 0 0 6
28926 Ne7 4 0 1
28929 Qxd7 5 0 2
28929 Nxd7 2 0 4
28930 Be7 1 0 4
28932 bxc6 1 0 4
28936 Bd7 3 0 3
28939 Bxc5 8 2 4
28942 Bb7 2 1 2
28943 Nf6 1 1 3
28945 exd5 2 0 3
28949 Nf6 2 1 3
28951 bxc6 2 0 4
28952 bxc6 6 1 11
28954 bxc6 2 0 3
28958 bxc6 2 1 7
28959 Bxc6 4 0 1
28960 bxc6 4 1 3
28963 Nf6 3 0 4
28962 bxc6 5 0 11
28965 Nf6 1 0 6
28967 bxc6 3 0 2
28972 Bd7 4 0 7
28973 e6 3 0 4
28973 g6 3 0 3
28971 g6 6 0 5
28974 e5 1 0 4
28975 e6 4 0 2
28978 Bb4 3 0 10
28976 d6 10 1 10
28980 Bb4 2 0 3
28977 d5 5 2 1
28979 bxc6 7 0 5
28982 Bg7 5 0 2
28983 e5 0 0 9
28983 d6 3 0 6
28983 e6 0 1 4
28983 g6 0 1 4
28984 Nd5 3 0 4
28990 Bd7 2 0 3
28988 e5 6 0 5
28991 Nf6 4 0 3
28991 a6 3 0 3
28991 b6 4 0 1
28995 e6 3 0 2
28998 Bg7 2 0 3
28999 Nf6 2 1 6
29001 g6 3 0 3
29002 Bb4 6 1 9
29005 Bb4 5 0 0
29006 Bxd6 2 1 3
29007 Bxd6 16 2 11
29009 a6 7 1 11
29010 a6 4 0 2
29011 Bb4 2 0 3
29012 Bxf5 4 0 1
29014 Nf6 10 1 15
29015 Nf6 4 0 4
29015 d5 3 0 5
29013 Nf6 10 1 14
29013 Bb4 3 0 11
29022 bxc6 2 0 4
29025 Nf6 19 0 5
29025 Qb6 8 1 12
29025 d6 5 0 4
29025 e6 4 0 4
29025 Qa5 5 0 2
29026 bxc6 4 1 9
29029 Bg7 2 0 7
29027 Bg7 5 0 6
29028 Nf6 5 0 2
29034 Bg7 3 0 3
29037 Bg7 4 0 1
29036 Bg7 5 0 5
29038 g6 3 0 2
29040 Ngf6 5 0 1
29042 Nc6 2 1 2
29044 bxc6 4 0 5
29047 bxc6 0 0 6
29050 Bd7 0 0 5
29051 bxc6 1 1 4
29053 e5 3 0 7
29054 Bxf5 7 1 6
29055 g6 3 1 1
29056 Ne5 4 0 1
29058 Bd7 5 0 1
29059 Nf6 5 0 1
29061 Bg7 7 2 11
29063 e5 0 0 5
29062 g6 2 0 3
29065 Nbxd7 4 1 2
29064 a6 6 0 2
29068 e6 8 0 15
29068 e5 8 0 6
29070 e5 10 0 11
29070 e6 3 0 4
29069 e5 12 1 6
29069 g6 3 0 3
29066 e5 30 2 24
29066 e6 1 0 9
29066 Nbd7 5 0 2
29066 b5 2 0 3
29066 Qc7 3 1 1
29066 Nc6 4 0 1
29067 e6 22 2 29
29067 e5 8 0 14
29074 e5 4 2 3
29071 e5 7 0 6
29072 Qc7 4 0 1
29076 Be6 2 0 6
29076 a6 6 0 2
29079 a6 4 1 6
29082 Be7 3 1 1
29081 a6 5 0 2
29080 Be7 1 0 9
29091 Bd7 3 0 3
29087 Bg7 9 2 3
29090 Bg7 3 1 7
29089 Bg7 6 0 5
29085 Bg7 40 1 39
29086 Bg7 10 1 12
29088 Bg7 6 0 7
29099 Nf6 3 2 2
29101 Bxc6 8 1 6
29101 bxc6 2 1 2
29103 Kxd8 4 0 1
29108 bxc6 3 0 2
29111 Nf6 3 0 2
29112 Nf6 1 0 4
29113 Be7 1 0 4
29114 Bxc5 5 0 2
29115 Nc6 4 0 1
29117 Bxd6 5 0 0
29119 d6 3 0 2
29120 Nf6 12 0 4
29120 Qc7 4 1 2
29120 Bb4 4 0 1
29122 d5 7 0 5
29123 d5 7 1 0
29124 bxc6 1 0 4
29129 Qc7 4 0 4
29129 Nf6 3 0 2
29130 bxc6 4 0 4
29132 Nf6 3 0 5
29133 Nf6 2 1 2
29131 Nf6 4 0 8
29136 Nf6 0 0 6
29140 Nc6 2 0 3
29141 Be7 2 0 4
29144 Nc6 3 0 3
29143 Nf6 2 0 4
29142 Nf6 4 0 6
29145 Nf6 4 0 4
29146 Nf6 8 0 4
29147 Nf6 1 0 7
29148 bxc6 4 0 2
29150 Nf6 11 0 10
29150 Qb6 5 0 11
29150 d6 3 0 2
29151 bxc6 5 0 10
29152 O-O 4 0 1
29153 Nf6 2 0 3
29155 e6 1 1 3
29157 a6 4 1 0
29160 e6 2 0 3
29161 d6 6 0 2
29161 Nf6 3 0 3
29162 Nc6 1 0 4
29165 e6 6 0 2
29165 Nf6 4 0 1
29169 Nxf6 1 0 5
29173 bxc6 1 2 2
29177 Qxd7 2 0 3
29180 bxc6 2 1 2
29181 d6 4 0 6
29182 e5 2 2 5
29182 e6 4 0 2
29187 Nxe4 5 0 1
29189 e6 2 0 4
29190 Nf6 2 0 3
29192 Ne7 7 0 2
29193 Bg6 2 0 6
29196 Bg4 1 1 4
29201 e6 3 1 2
29202 bxc6 3 0 2
29203 bxc6 2 0 4
29205 e6 3 0 2
29206 Bg4 2 0 6
29207 Bg4 3 0 5
29209 Bg4 4 0 5
29209 a6 3 0 2
29221 Bd7 4 0 1
29220 Be7 1 0 5
29222 Be7 2 0 3
29225 e6 6 0 4
29223 Nd7 7 1 6
29223 e6 6 0 5
29223 Nf6 2 1 2
29224 h6 10 1 9
29227 Nxe4 2 1 3
29229 Bg4 2 0 4
29230 e6 3 0 2
29231 Nd7 4 1 9
29231 c5 6 0 3
29231 Ne7 6 0 3
29232 Nd7 2 0 4
29236 Bxd3 5 1 6
29237 Bxd3 4 0 8
29238 Nd7 3 0 4
29238 Ne7 4 0 2
29243 Bg4 6 1 5
29254 O-O-O 1 0 4
29256 Nc6 3 1 8
29256 e5 7 0 4
29256 c6 2 0 3
29260 Bg4 5 1 6
29261 bxc6 4 1 3
29263 e4 3 1 3
29265 Qd7 2 0 3
29267 e4 0 0 6
29267 Bf5 4 0 2
29270 Nc6 2 0 3
29272 c6 4 0 2
29273 Bg6 5 0 4
29274 c6 1 1 3
29276 e6 2 0 5
29277 c6 1 0 4
29279 h6 3 0 2
29282 Nf6 2 0 3
29284 Bg4 3 0 4
29284 Nf6 1 0 6
29285 Bg4 3 0 3
29286 Bh5 4 0 2
29287 Qxb2 2 1 3
29290 c6 2 1 3
29291 Be7 2 0 3
29293 Be7 1 0 6
29296 Nf6 4 0 1
29299 Bxc3 3 1 1
29301 Be7 4 0 1
29304 Be7 3 0 3
29305 Nf6 4 0 1
29307 e6 4 0 1
29308 Nc6 5 0 8
29310 Qf6 7 0 1
29310 Qd6 3 0 3
29316 Bg4 3 0 3
29319 Bd7 6 1 4
29318 Nb4 10 1 7
29320 e6 2 0 3
29324 Bh3 14 2 9
29324 e5 6 1 7
29325 Bh3 5 0 2
29329 Bg7 2 0 7
29330 c6 2 1 4
29331 c6 3 1 2
29332 Nf6 5 0 2
29334 Bd7 7 0 9
29334 Nc6 4 0 2
29335 cxd4 6 0 1
29339 Bd7 6 1 1
29338 Nb4 6 0 5
29340 c6 1 0 5
29341 Qb6 4 0 1
29343 Bh3 2 0 3
29344 Qg5 4 0 4
29345 Nb4 2 0 3
29348 O-O 5 0 1
29349 Be7 2 0 3
29355 O-O 3 0 2
29356 O-O 2 0 3
29357 Be7 5 0 0
29358 Be7 3 0 2
29363 Qe7 0 0 6
29366 c6 5 0 8
29366 Bd7 5 0 3
29367 Kxf7 3 1 6
29372 Nxd5 4 0 1
29373 Qxf6 5 1 2
29375 c6 7 0 8
29377 Kxf7 13 1 7
29378 Qxg5 5 0 3
29378 Be6 2 0 3
29380 Qe7 3 0 3
29381 Nxe4 5 0 1
29384 Bd7 3 0 2
29385 Qxf3 2 0 4
29387 Qxf3 3 0 2
29388 Be6 3 0 2
29389 Nxd7 8 0 4
29393 Bd7 3 0 2
29394 bxc6 2 0 4
29395 d6 3 2 1
29396 Bd7 4 0 5
29397 bxc6 3 0 4
29399 Bd7 4 1 0
29401 Be7 0 0 5
29402 O-O 2 0 3
29404 Qxe4 6 0 4
29407 Bb6 2 0 3
29408 exd4 1 2 2
29409 exd4 4 0 2
29410 exd4 2 0 4
29412 Bd7 3 0 3
29419 a6 4 0 1
29421 b5 4 0 1
29422 b5 3 0 2
29423 d5 5 0 0
29426 Bf5 5 0 1
29427 Qxe4 2 0 3
29431 Bxf3 3 0 2
29433 dxc6 1 0 4
29442 Bb7 7 0 4
29442 h6 2 0 3
29443 Bd7 5 0 3
29445 O-O 3 0 3
29444 exd4 4 0 4
29446 Bg7 2 0 8
29450 c6 3 0 4
29452 Nf6 5 0 1
29453 Bc5 3 0 2
29455 b5 26 1 33
29456 b5 2 0 3
29458 Be7 28 1 21
29458 d6 4 3 4
29458 Bc5 5 0 5
29460 Be7 2 0 5
29460 Bc5 4 0 3
29460 d6 2 0 3
29461 Nf6 3 0 2
29463 Nf6 6 0 5
29464 Bc5 5 0 2
29465 Bc5 3 0 3
29465 h6 4 0 1
29471 d6 3 1 4
29471 f6 2 0 3
29481 Qxe4 3 0 7
29479 Qxe4 12 1 27
29480 Qxe4 3 2 4
29483 Qxe4 3 0 2
29485 Qxg2 2 0 4
29486 Bg4 4 1 8
29486 exd4 6 0 7
29490 Nf6 5 0 0
29491 h5 1 0 6
29491 Bxf3 3 0 3
29491 Bh5 1 0 4
29493 Nf6 1 0 5
29493 Bg4 2 2 1
29498 Bxf3 5 2 9
29498 Bh5 1 0 4
29500 c5 2 0 3
29499 Qxd4 10 1 11
29503 Be7 3 0 2
29508 Be7 3 0 5
29508 Bg4 4 0 1
29510 Bh5 2 3 7
29510 Bxf3 3 0 2
29512 Be7 2 0 3
29511 Be7 4 0 1
29513 dxe5 2 0 3
29514 Bxf3 1 2 4
29516 Bb7 9 0 7
29516 c5 1 0 11
29517 Nf6 2 0 3
29518 fxe5 1 1 3
29519 Be7 3 2 2
29520 exd4 2 0 3
29523 b5 3 1 1
29524 b5 1 2 3
29526 Bd7 3 0 2
29530 Qxd7 5 0 2
29531 Nxd7 3 0 3
29532 exd4 4 2 0
29533 dxe5 7 0 0
29537 bxc6 2 0 3
29535 Nxd4 5 0 1
29535 Nf6 1 0 4
29534 bxc6 5 2 5
29534 Bxc6 6 2 3
29536 Nf6 2 0 4
29538 Bxc6 6 0 2
29539 Be7 3 0 3
29540 Bxc6 1 0 4
29541 Be7 3 0 2
29542 b5 5 0 0
29544 O-O 3 0 2
29545 Nf6 2 0 6
29547 h6 1 0 4
29548 h6 8 1 4
29552 Bb4 2 1 3
29554 O-O 2 0 4
29554 d6 2 1 2
29553 O-O 5 1 0
29553 d6 2 0 3
29559 h6 1 0 9
29566 exd4 8 0 1
29567 exd4 2 0 4
29568 h6 4 0 1
29569 fxe6 2 0 3
29570 exd4 5 0 4
29572 Bh5 2 1 2
29574 exd4 3 0 8
29575 exd4 19 3 19
29577 exd4 3 0 2
29578 exd4 11 0 3
29586 Bb4 63 6 68
29586 Bb6 12 0 12
29587 Ng4 2 1 3
29588 Ba7 2 0 4
29590 Bb4 26 2 13
29590 Bb6 18 0 18
29591 Nxe4 3 0 2
29592 Bb4 9 0 7
29592 Bb6 6 0 1
29593 O-O 3 0 2
29595 g5 1 0 4
29596 Rxf7 3 0 8
29601 Nxd5 4 0 1
29602 Bxf2 2 0 3
29603 fxe6 8 0 8
29604 Ng4 3 0 5
29605 O-O 2 0 3
29612 Kxf7 3 0 2
29614 dxc3 6 0 4
29614 Bg4 3 0 4
29616 d6 4 1 1
29619 Bf6 3 0 5
29620 bxc6 5 0 4
29625 Qxe5 6 1 1
29626 Bxg4 5 0 0
29628 Qxh1 1 0 4
29627 Qxe4 0 0 17
29629 d6 9 1 1
29631 Be7 1 0 6
29633 Nxd5 2 0 6
29636 O-O 3 0 2
29637 d5 5 0 4
29638 Qxd5 5 1 7
29641 Qe7 7 0 7
29640 Nxe4 7 1 18
29642 h6 6 0 1
29646 Nxb3 4 0 2
29643 c6 28 4 47
29643 Bd7 16 0 20
29643 Nd7 2 1 2
29648 Nxd5 0 1 4
29645 Nxc4 3 0 7
29647 Nxc4 2 1 2
29644 Nxc4 8 0 8
29649 Nf5 4 0 12
29649 b5 6 0 4
29650 Qxd6 3 1 10
29650 Ne6 2 0 5
29657 Qxd5 2 0 3
29653 Kxf7 67 2 26
29654 f6 12 0 6
29654 Qxg5 9 1 8
29654 Be6 3 0 10
29655 h6 5 0 5
29655 Be7 5 0 3
29659 Qxd5 0 0 8
29669 Qxd5 6 1 3
29668 Be6 3 0 6
29674 bxc6 3 1 1
29675 O-O 1 0 4
29677 Bg6 6 1 8
29680 Bxf3 3 0 2
29681 Nxf7 2 0 3
29683 Nf6 9 0 3
29683 Qf6 4 1 2
29685 h6 2 0 4
29687 d6 3 1 2
29687 Bxc3 3 1 1
29689 Nxd4 6 2 7
29689 Bc5 6 0 1
29692 exd4 4 1 0
29693 exd4 3 1 2
29696 Nxd5 4 1 0
29700 Bb4 4 2 5
29700 Bb6 2 0 4
29704 Nxe4 7 0 2
29706 Bd7 1 1 3
29708 exd4 5 1 0
29709 Qxe5 6 0 2
29711 bxc6 6 1 2
29713 bxc6 5 1 2
29714 d6 24 2 18
29714 Nf6 13 0 6
29714 c5 6 0 5
29714 Qf6 2 0 6
29714 b6 4 0 3
29716 Bc5 3 2 3
29715 Qxc6 4 1 2
29717 bxc6 2 0 4
29722 exd4 4 1 3
29729 exd4 8 0 1
29732 d6 5 0 3
29737 Bd7 2 1 3
29739 h6 3 0 2
29740 Qxd5 4 1 2
29743 Ne5 2 0 4
29744 Ng8 3 0 3
29745 Qxd5 4 0 3
29746 Nxd2 4 0 1
29747 c5 3 0 2
29748 Kxd8 5 0 0
29749 bxc6 7 0 13
29749 dxc6 3 0 2
29749 Bxc3 4 1 0
29750 Nxd4 1 1 4
29750 Bxd4 3 0 2
29751 bxc6 4 0 5
29752 d6 10 2 10
29752 b6 6 2 6
29752 Be7 5 0 3
29752 c5 4 0 3
29752 Qe7 5 0 0
29754 exd4 4 0 1
29757 Nf6 2 0 5
29758 Ba7 4 1 1
29759 Nf6 5 0 2
29760 bxc6 6 0 1
29761 Bxd2 7 1 10
29768 Bb4 1 1 5
29773 Nxf6 1 1 3
29775 Qxd5 4 0 1
29776 Nf6 3 1 1
29781 Kxd8 7 1 9
29783 Bd6 7 2 1
29786 Kxf7 4 0 3
29791 Bxd4 5 0 3
29792 Nge7 18 2 18
29797 Bxe3 7 0 6
29797 Qxc6 4 0 1
29799 Bxd4 2 1 4
29794 Qxc6 7 0 3
29794 dxc6 1 1 7
29795 dxc6 2 0 10
29796 dxc6 4 0 5
29796 Qxc6 3 0 3
29798 Qxc6 1 1 3
29800 d6 5 0 9
29800 Nf6 6 0 2
29800 Ne7 1 0 6
29801 Qf6 3 1 2
29801 d6 2 0 3
29805 Kxd8 1 1 3
29806 Nge7 2 1 3
29808 bxc6 6 0 9
29809 Bc5 10 2 1
29809 d5 1 0 5
29809 Qe7 5 0 0
29811 Bb4 4 0 3
29810 Qe7 4 0 5
29810 Nd5 4 0 4
29813 Kxd8 1 0 5
29814 Nc6 4 1 4
29816 Nc6 3 0 2
29819 Be7 10 0 7
29819 c5 3 1 1
29818 d6 5 1 2
29818 b6 4 1 2
29821 Be7 4 0 3
29817 Ng8 6 0 4
29817 Qe7 5 0 4
29817 Nh5 6 1 1
29817 c5 4 0 4
29826 Qxd4 7 0 3
29825 Nxf6 10 3 13
29827 Qe6 3 2 0
29829 Bb7 5 0 1
29828 Bc5 9 1 0
29830 c6 2 1 4
29832 d6 4 1 4
29832 Nf6 2 1 4
29834 Nf6 2 0 4
29833 Nf6 8 0 10
29831 Qe7 13 1 6
29831 Ne7 5 0 6
29831 Be7 3 0 5
29838 Nf6 6 0 6
29839 Nf6 16 4 13
29839 Be6 12 0 4
29839 Qf6 3 2 5
29839 c5 5 0 4
29840 Nf6 22 3 16
29840 Be6 11 0 3
29840 c5 2 1 3
29840 Qf6 2 0 3
29841 Be6 2 0 4
29841 dxe5 2 0 3
29847 Nge7 4 0 7
29848 Nf6 3 0 5
29848 Bc5 2 1 2
29849 Bb4 3 0 2
29852 Qxe2 6 0 2
29853 cxd5 3 0 3
29854 Be7 3 0 2
29855 Nf6 1 1 4
29861 Kxf7 4 0 1
29860 Be7 1 0 5
29868 Bd7 4 0 2
29871 dxe4 3 0 2
29870 Qxd5 0 1 7
29873 bxc6 3 0 4
29873 Bxc3 5 0 0
29876 d6 7 0 2
29876 b6 4 0 4
29876 c5 2 0 5
29876 Be7 3 0 2
29880 exd4 2 0 3
29881 dxe5 3 1 3
29883 Qxe5 4 1 3
29884 Be7 3 0 2
29885 Be6 4 0 2
29886 Nf6 6 1 13
29888 Bg4 9 0 3
29888 Nc6 3 0 2
29889 Bg4 1 2 6
29893 Nf6 17 1 20
29893 Nc5 1 0 4
29895 Be7 2 3 4
29896 Be6 1 1 3
29907 Nxd7 4 0 1
29908 g6 5 0 0
29909 a4 6 0 0
29913 e5 3 1 4
29913 Qd7 4 0 3
29913 Qe7 1 1 3
29915 Nxe4 3 1 1
29917 Kxf7 4 0 5
29918 O-O 2 0 3
29920 Bg6 4 0 2
29921 Qf6 4 0 2
29924 b6 5 0 2
29928 h6 6 0 5
29928 Nc6 3 0 2
29932 c6 4 1 2
29931 Nc6 6 0 7
29931 h6 4 0 2
29931 c6 2 0 3
29936 b6 8 0 4
29935 Nxf6 15 3 5
29937 Bg6 5 0 2
29940 Nf6 5 0 4
29940 Ne7 1 0 4
29942 Qe7 11 0 10
29947 d5 4 0 2
29948 Be7 1 0 4
29951 O-O 1 0 4
29953 dxe5 4 0 2
29955 Be7 4 0 5
29958 Be6 2 1 4
29959 Nc6 1 1 3
29963 Nf6 4 0 1
29964 Nf6 5 1 1
29965 Nc6 8 0 2
29967 Nf6 26 0 5
29967 Qf6 17 0 8
29967 f6 10 0 3
29967 Qe7 7 0 1
29969 Bxd6 2 0 3
29970 Kxd8 10 0 1
29971 Be6 12 1 2
29974 Kxd8 9 1 8
29977 Bxc6 4 1 3
29979 O-O 2 0 3
29980 O-O 2 1 3
29981 Ne7 5 0 2
29982 Nf6 5 0 2
29984 Nxd4 4 0 4
29985 O-O 5 2 8
29988 Qxf6 3 0 2
29989 Be7 2 0 3
29991 O-O 12 1 8
29994 O-O 4 0 3
29992 O-O 2 1 2
29995 O-O 2 0 5
29993 O-O 6 0 6
29996 O-O 3 0 3
30000 Qxd7 7 1 5
30000 Nxd7 7 1 5
30004 Ne7 7 0 0
30005 Bxc6 12 1 8
30007 g6 4 0 1
30009 d5 4 0 2
30011 Kg6 10 0 2
30013 Qxe4 7 0 1
30013 Nf6 3 0 2
30022 O-O 4 0 12
30025 Bg4 5 0 3
30027 O-O 6 0 4
30028 d6 3 0 3
30028 b5 0 0 5
30028 Bg7 0 0 5
30034 O-O 2 0 10
30044 Bxc3 1 0 5
30046 Nf6 1 0 5
30047 Bxf6 3 1 7
30048 O-O 1 2 4
30051 Bb6 0 0 5
30052 O-O 6 0 5
30053 Bc5 2 0 3
30055 Qf6 5 1 5
30055 g6 2 0 3
30056 Be7 4 0 3
30062 Nf6 8 0 4
30062 Qe7 5 0 5
30062 Bxc3 6 0 1
30063 Nf6 5 0 7
30063 f6 5 0 2
30063 Bxd2 5 0 1
30063 Qe7 3 0 2
30064 d6 7 0 2
30064 Bb4 4 0 1
30066 Bb4 5 0 1
30066 Nxe4 4 0 1
30068 Qe7 3 0 3
30074 Nf6 4 1 4
30075 Be6 5 0 2
30076 Qe7 2 0 3
30078 Bxc4 3 0 3
30082 Bb4 3 0 2
30086 O-O 3 0 2
30087 Nd4 4 0 1
30091 Bb4 4 0 2
30092 O-O 3 0 2
30095 O-O 6 0 0
30097 c6 2 0 3
30098 Bg5 4 1 1
30098 Bg4 3 1 1
30100 gxh2 13 0 4
30101 Qxf2 4 1 2
30110 Nxc6 1 1 4
30113 Nc6 1 0 4
30118 O-O 5 0 0
30121 Be7 2 0 4
30123 d6 5 0 4
30124 fxe6 3 0 6
30126 Ke8 5 0 2
30127 Nh6 3 0 4
30127 f3 5 0 1
30129 Bh6 2 0 3
30130 Kxf7 6 0 7
30133 Nf6 2 0 4
30135 d6 2 0 8
30141 Ba6 4 1 0
30146 Qxb2 1 1 4
30149 O-O 2 0 4
30151 O-O 1 0 5
30153 c6 3 0 8
30154 Qd7 1 0 4
30157 O-O 8 1 12
30159 O-O 7 2 18
30164 O-O 1 2 7
30165 O-O 1 0 4
30166 O-O 3 1 3
30168 O-O 4 1 3
30170 O-O 2 0 3
30169 c6 1 0 5
30173 c6 1 1 3
30171 O-O 3 0 5
30172 O-O 1 0 4
30175 cxd4 4 1 9
30176 Bxc5 3 0 2
30178 c6 4 1 1
30179 cxd4 1 1 6
30179 Nc6 2 0 3
30182 O-O 1 1 4
30183 O-O 2 1 5
30185 Nc6 3 0 3
30186 Nf6 2 0 5
30187 b6 0 0 6
30188 Ne7 6 0 2
30189 b6 4 0 1
30195 Qxe7 10 0 4
30194 a6 2 0 3
30197 Nc6 5 0 5
30199 Bxf6 4 0 1
30198 Bxf6 2 0 4
30201 Nc6 4 0 3
30202 Nc6 2 0 4
30203 Nc6 5 0 3
30205 Bxc6 7 0 2
30209 bxc6 3 0 2
30210 Bxc6 2 1 5
30210 bxc6 2 0 3
30212 bxc6 1 0 11
30213 bxc6 2 1 3
30223 Bd7 7 0 3
30223 cxd4 2 1 2
30222 cxd4 4 0 11
30222 Nh6 3 0 3
30225 Qxb2 1 0 9
30221 cxd4 7 0 9
30221 a5 4 0 1
30226 cxd4 3 1 3
30224 cxd4 3 0 3
30228 Bb4 5 0 6
30228 Qb6 4 0 6
30228 Nge7 4 0 3
30232 Bd7 5 0 1
30231 cxd4 3 1 3
30231 Nge7 1 0 5
30230 cxd4 6 0 4
30230 Bd7 3 1 1
30234 Nc6 4 1 1
30236 Qb6 2 0 3
30240 O-O 1 1 3
30239 O-O 5 0 2
30242 O-O 2 1 4
30243 O-O 4 0 3
30244 O-O 3 0 6
30244 c6 3 1 1
30245 O-O 7 0 3
30246 Be6 4 0 1
30248 O-O 2 1 2
30249 O-O 1 0 4
30251 O-O 10 0 9
30252 O-O 5 0 11
30253 Be7 2 0 3
30255 O-O 2 1 2
30256 h4 5 0 0
30257 O-O 3 0 4
30260 Nc6 17 0 6
30261 Nc6 11 0 6
30263 Nc6 1 0 4
30267 Bxe2 2 0 3
30268 Qd6 3 0 3
30269 Qh5 3 1 2
30272 Nc3 0 0 5
30273 cxd5 6 1 2
30274 Nd2 3 0 2
30275 Bd3 1 1 3
30277 O-O 5 0 0
30280 Bg5 5 0 1
30286 Bd3 5 0 0
30293 e3 3 0 3
30299 O-O 3 0 2
30297 O-O 3 0 5
30298 O-O 5 0 0
30302 Nxd1 3 1 1
30304 Nge2 1 0 4
30303 Qd2 4 0 2
30307 Be2 4 0 1
30306 d5 6 0 3
30309 fxe5 4 1 0
30310 Bc4 14 1 9
30310 Be3 3 1 8
30310 Bd3 2 1 3
30310 Nf3 1 1 3
30311 Bc4 5 1 4
30311 Be3 2 1 2
30312 O-O 2 1 6
30313 O-O 4 0 1
30316 Nb5 2 1 4
30318 Bg5 1 0 4
30322 Qxd4 4 1 1
30323 f3 7 0 0
30324 exf7 7 0 1
30325 Qxf4 5 0 4
30326 e3 4 0 1
30328 Nf3 7 0 2
30330 Nb5 5 0 0
30329 Nb5 5 0 2
30333 Be2 5 0 0
30337 Bd3 5 0 2
30341 O-O 3 1 1
30343 Nxb5 7 0 3
30344 Nxb5 6 0 0
30345 Nxb5 2 0 3
30347 Qxb7 14 0 1
30346 Qxc6 17 1 4
30348 Qxa8 8 0 0
30350 O-O 2 0 3
30351 Bg2 5 0 0
30352 Bh4 4 0 1
30355 Nf3 8 1 4
30358 Bh4 4 0 3
30363 Bh4 3 1 3
30364 c5 7 0 1
30365 Nb5 6 0 1
30366 Qf2 2 0 3
30367 O-O-O 3 0 2
30380 f4 4 0 1
30381 O-O 2 0 3
30382 Be2 1 0 5
30384 O-O 3 0 8
30385 Bxd2 1 1 4
30387 O-O 5 1 7
30388 Nc3 3 0 2
30389 d4 2 0 6
30393 Be3 3 0 5
30396 Nf3 5 0 3
30401 c3 2 1 2
30404 Bd3 5 0 2
30405 Bxf6 0 0 6
30411 Bxc6 3 0 3
30412 Bb5 6 0 1
30412 Bg5 2 2 3
30417 O-O 2 0 4
30418 Nc3 3 1 5
30418 e5 3 0 5
30424 Be2 2 0 3
30427 O-O 2 0 4
30430 O-O 3 0 3
30433 Bd3 0 0 5
30434 Bg5 6 0 6
30437 Bg5 2 0 3
30440 O-O 3 0 5
30443 c4 2 0 3
30451 O-O 2 1 4
30453 f3 2 0 5
30453 Bd3 1 1 3
30455 Qxd6 2 1 3
30456 Qxd6 16 2 11
30457 Na3 7 1 11
30458 Nb5c3 3 0 2
30460 exf5 4 0 1
30461 Nc3 4 0 7
30461 Bg5 2 0 3
30462 O-O 4 0 3
30463 exd5 2 0 4
30465 Bd2 1 0 10
30464 Bc4 3 0 5
30464 Bd3 2 0 4
30467 f3 9 0 4
30467 Bc4 6 0 1
30468 Nxc6 2 0 6
30468 Nb3 2 1 2
30472 Bc4 0 0 5
30473 O-O 2 0 7
30474 Bd2 4 0 1
30475 e5 5 0 2
30476 O-O 2 0 3
30484 O-O 0 0 5
30486 Nf5 3 0 7
30487 exf5 7 1 6
30492 Qd2 2 1 4
30493 O-O 0 0 5
30496 Bxd7 5 0 2
30498 Nf5 3 0 4
30497 O-O 3 0 9
30497 Bb3 2 0 3
30499 Nf5 5 0 2
30499 Nf3 2 0 4
30501 Nb3 11 1 4
30505 f3 4 0 1
30503 Nb3 24 2 15
30503 Nf3 2 0 5
30510 Nb3 5 0 8
30510 Nf3 1 0 4
30509 f4 9 1 9
30509 Bd3 2 1 6
30509 Bc4 3 0 4
30509 Qf3 3 0 4
30509 Qd2 1 0 5
30511 Nb3 3 1 1
30512 Nb3 6 0 6
30513 Nf3 4 0 1
30515 Bg5 4 0 1
30516 a3 3 1 2
30521 O-O 0 2 3
30522 Be3 2 0 5
30523 O-O 2 0 4
30523 Be3 4 0 1
30524 Qd2 10 0 14
30524 f3 12 0 10
30524 Be2 9 0 7
30524 Bc4 5 1 5
30524 Bd3 4 0 2
30525 Bd3 2 1 4
30525 Qd2 3 0 2
30526 Be3 6 0 6
30528 Nc3 7 0 5
30530 Nxe5 4 0 1
30537 Qxd6 5 0 0
30539 Qd2 3 0 2
30542 exd5 6 0 4
30543 exd5 7 1 0
30548 O-O 3 0 4
30550 Be2 1 0 5
30556 Bg5 3 0 5
30557 Nxc6 4 0 1
30560 Nc3 4 0 1
30561 f3 5 0 4
30561 Qd2 3 0 3
30562 Nxc6 1 0 7
30564 Be3 2 0 5
30564 Bc4 2 0 3
30567 Be3 1 1 3
30568 Na3 4 1 0
30569 Bd3 2 0 3
30570 O-O 5 0 2
30573 O-O 4 0 1
30577 O-O 2 0 3
30578 O-O 2 1 2
30579 d5 3 0 4
30580 O-O 1 2 5
30584 Bg6 2 0 3
30594 h3 2 0 4
30599 Ng1e2 5 0 4
30600 h4 3 1 2
30603 h5 6 1 5
30604 Bxe4 2 1 3
30607 O-O 2 1 4
30609 Bg5 4 0 2
30608 c3 4 0 2
30610 Nf3 2 0 3
30611 Qxd3 5 1 6
30612 Qxd3 4 0 8
30615 Qb3 3 1 4
30617 O-O 3 1 4
30618 O-O 4 0 2
30620 Be2 3 1 4
30635 Be2 1 0 5
30637 g4 3 0 2
30638 Rb1 2 1 3
30639 O-O 1 1 3
30643 bxc3 3 1 1
30646 Qd2 4 0 1
30648 d3 4 0 4
30649 O-O 5 0 0
30652 Nf3 1 1 3
30653 Bd1 7 0 2
30655 Nh4 9 1 5
30655 g3 2 1 3
30656 d4 3 0 2
30660 Nge2 2 1 2
30662 Re1 2 0 5
30664 Nxd4 6 0 1
30666 Bd3 3 0 3
30669 Nh4 2 0 3
30670 g3 3 0 3
30672 O-O 5 0 1
30676 O-O 5 0 0
30680 Qe2 4 0 2
30679 dxc6 5 0 8
30681 Qf3 3 1 6
30683 Qf3 5 1 0
30684 dxc6 7 0 8
30685 Qf3 13 1 7
30686 Bxd5 5 0 3
30690 Bxd7 3 0 2
30691 Nxf3 2 0 4
30692 Nxf3 3 0 2
30696 Bd3 2 0 4
30697 Bd3 2 2 1
30698 Bxc6 4 0 5
30699 Bd3 2 0 4
30700 Bxc6 4 1 0
30702 O-O 2 0 3
30703 Qe2 5 0 3
30705 cxd4 1 2 2
30706 Nxd4 4 0 2
30707 cxd4 2 0 4
30708 O-O 3 0 3
30710 Bb3 4 0 1
30711 Bb3 3 0 2
30712 exd5 5 0 0
30714 Qe2 2 0 3
30715 Qxf3 3 0 2
30719 Nc3 4 0 1
30721 cxd4 4 0 4
30722 Nxc6 1 0 4
30722 c3 1 0 4
30723 Bc4 1 0 4
30726 Bb3 26 1 33
30727 Bb3 2 0 3
30730 c3 2 0 3
30728 Re1 20 1 11
30728 c3 4 0 6
30729 Re1 3 2 1
30735 Re1 4 0 3
30736 c3 4 0 2
30741 Qe2 3 0 6
30742 Qe2 10 1 20
30742 Kf1 2 0 7
30743 Kf1 2 2 2
30746 dxe5 4 1 4
30747 Nxd4 3 0 4
30747 Qxd4 3 0 3
30750 Qxf3 3 0 3
30754 Qxf3 5 2 9
30757 Nxd4 10 1 11
30759 d4 2 0 3
30761 g4 1 0 6
30762 Qxf3 3 0 2
30767 O-O 8 0 4
30768 Nc6 1 0 4
30773 Bb3 3 1 1
30776 O-O 4 0 2
30779 Qxd8 7 0 0
30784 Bxc6 6 2 3
30783 Bc4 3 1 4
30788 d4 1 0 4
30792 d3 1 0 6
30794 Bh4 7 0 3
30801 cxd4 8 0 1
30802 cxd4 2 0 4
30805 cxd4 4 0 4
30807 O-O 3 0 8
30808 cxd4 11 2 9
30808 O-O 8 1 9
30810 e5 7 0 2
30810 cxd4 4 0 1
30811 Bd2 40 2 43
30811 Nc3 21 3 25
30812 e5 4 0 9
30812 Nc3 6 0 0
30815 Nc3 17 1 8
30815 Bd2 9 1 5
30816 O-O 11 0 7
30816 Ng5 2 0 4
30817 d4 3 0 2
30818 Bd2 5 0 4
30818 Nc3 4 0 3
30821 Bg3 1 0 4
30822 Bxf7 3 0 7
30824 Kxf2 2 0 3
30825 Nxe6 7 0 8
30826 O-O 2 0 3
30830 Bxf7 3 0 2
30829 bxc3 5 0 3
30832 e5 2 0 4
30836 Bf1 1 0 4
30837 Be2 0 0 14
30838 Bg5 3 1 1
30843 Nc3 4 1 4
30844 Nxh8 7 0 7
30845 Kg1 4 0 5
30845 Ke1 2 0 5
30846 Nf7 6 0 1
30847 axb3 4 0 1
30849 Bxd7 7 0 12
30849 Qe2 6 0 6
30848 dxc6 28 4 46
30852 Qxc4 3 0 7
30853 bxc4 2 1 2
30854 dxc4 8 0 8
30855 d6 0 0 6
30855 d4 2 0 4
30856 cxd4 6 0 2
30858 dxc7 1 0 4
30857 Nxf7 1 1 10
30860 Qf3 67 2 26
30863 Nxe6 2 0 5
30862 Bxd5 8 1 6
30861 Bxd5 10 0 3
30864 Ne4 5 0 1
30866 Bxc6 0 0 7
30867 Nc3 2 0 3
30872 Bxf3 3 0 2
30876 Qxg4 1 0 4
30878 Bxc3 3 1 1
30880 Nxc6 6 0 1
30879 Qxd4 6 2 7
30881 cxd4 4 1 0
30882 cxd4 3 1 2
30884 Nc3 1 2 3
30884 Bd2 3 0 2
30887 Bc4 1 1 3
30888 O-O 4 1 0
30889 O-O 4 0 1
30893 e5 9 0 3
30893 Nc3 4 0 1
30894 Qd5 3 0 3
30892 O-O 7 1 6
30892 Qd5 8 0 4
30892 Nc3 2 1 5
30897 c3 3 1 1
30900 Nxd4 4 1 3
30901 Nxd4 8 0 1
30905 d3 3 1 2
30906 f4 2 0 4
30909 Qxd2 4 0 1
30911 Bg5 5 0 0
30914 bxc3 4 1 0
30912 Bd3 3 0 6
30916 Bxd4 3 0 2
30915 Bxd4 1 1 4
30918 e5 3 0 4
30918 Bg5 3 2 1
30925 d4 3 1 1
30926 h3 5 0 2
30927 h3 4 0 1
30928 Nbxd2 4 1 7
30928 Qxd2 3 0 3
30929 Bd2 0 1 5
30931 exd5 4 0 1
30933 Bc4 4 1 4
30933 Nc3 1 0 5
30935 Qd5 4 0 3
30936 Qxd4 5 0 3
30937 Bc4 7 1 8
30937 Be2 5 0 5
30938 fxe3 7 0 5
30939 Bxc5 4 0 1
30941 Bd3 7 0 2
30942 Bd3 1 1 7
30943 Nc3 2 0 8
30949 O-O 1 0 4
30948 O-O 5 0 2
30947 O-O 5 0 8
30954 Bd3 5 0 5
30955 O-O 9 2 0
30960 Bc4 1 0 4
30962 Qd1 2 1 2
30964 e5 3 0 2
30964 Bxf6 3 0 2
30969 Bc4 2 0 3
30971 Be2 3 1 1
30973 Bxd4 7 0 3
30974 Bd3 8 2 6
30977 Qxg7 4 1 0
30982 Qe5 8 0 10
30985 Qxg7 2 0 3
30984 Qxc5 3 0 4
30983 Qxe7 9 1 4
30988 O-O 5 0 2
30987 e5 4 4 7
30987 Bg5 4 0 4
30987 Nc3 5 0 1
30990 Qd5 4 0 3
30991 Bg5 9 2 3
30991 Bc4 5 0 3
30991 e5 3 1 3
30991 g3 1 0 4
30998 Qe2 2 0 3
31001 Bxe2 6 0 2
31003 O-O 3 0 2
31005 Qf3 4 0 1
31011 bxc3 5 0 0
31017 Qxe5 1 1 3
31018 exd5 4 1 3
31021 Qxe7 3 1 9
31021 Bg5 3 0 2
31022 O-O 9 0 3
31023 O-O 3 0 2
31025 Bg5 8 0 8
31025 Qxe7 8 1 6
31027 O-O 2 3 4
31030 Nxg6 5 0 0
31031 Ba2 6 0 0
31036 Qc4 4 0 5
31041 h4 4 0 4
31043 d3 2 1 2
31044 Bg5 4 0 5
31046 Bg5 2 0 3
31045 Nc3 3 0 2
31048 d3 7 3 2
31048 O-O 5 0 1
31052 Nxf8 6 0 6
31052 Ng5 5 0 3
31056 Qxd8 3 0 2
31057 O-O 3 0 3
31061 Nc3 4 1 0
31063 Qb3 17 0 0
31063 Bg5 7 0 2
31066 O-O 4 0 1
31064 Qb3 10 0 3
31064 Qxf6 4 0 2
31065 Bxg8 4 0 1
31070 Bc4 6 1 5
31070 Nc3 3 0 2
31071 O-O 3 1 3
31075 Bg5 3 0 2
31076 Bxd4 4 0 4
31077 Nc3 2 1 3
31080 O-O 10 1 6
31081 O-O 4 0 2
31084 Qd2 5 0 6
31087 Nf5 5 0 2
31087 Nb5 1 1 3
31086 Nf5 6 1 4
31089 Nc3 6 1 4
31089 Bg5 4 0 1
31090 Qxe5 4 0 1
31092 Qf5 9 0 2
31093 Kd1 6 0 0
31095 Bg5 3 0 8
31096 Qg3 5 0 3
31097 Nc3 5 0 1
31098 c3 3 0 2
31101 Bxf6 1 0 5
31102 Qxc3 1 0 5
31104 c3 2 1 3
31107 O-O-O 6 0 5
31108 Qg3 2 0 3
31109 Nd5 3 0 2
31111 O-O-O 3 0 2
31114 Bxc3 6 0 1
31113 Ne2 2 0 3
31117 Qxd2 5 0 1
31115 Bxf7 3 0 5
31116 Nf3 5 0 0
31119 O-O 6 0 2
31122 O-O 4 0 1
31124 Bxf7 3 1 3
31127 Qxc4 3 0 3
31137 Kh1 13 0 2
31138 Kxf2 4 1 2
31141 O-O 5 0 0
31143 Nc3 2 0 3
31144 d4 1 0 4
31145 Qxg4 5 0 2
31146 d4 3 0 3
31149 Qxg4 5 0 4
31151 O-O 2 0 8
31153 Nbd2 1 1 3
31156 Bd3 3 0 5
31158 Re1 3 1 2
31158 Bg5 1 0 5
31158 h3 2 0 3
31159 c3 0 1 5
31159 h3 2 0 3
31162 O-O 2 1 3
31164 O-O 2 0 3
31167 O-O 2 0 5
31169 Qxd4 4 1 9
31171 Bg5 4 1 1
31172 Qxd4 0 1 5
31174 O-O 1 0 4
31175 O-O 2 0 5
31177 Nf3 2 0 5
31178 Qd2 0 0 6
31181 f4 8 0 4
31183 Be3 5 0 3
31184 Nf3 4 0 1
31188 Ngf3 3 0 2
31189 O-O 4 0 1
31194 Nf3 1 1 3
31195 Bc2 3 0 2
31197 cxd4 4 0 9
31199 Nbd2 1 0 9
31200 cxd4 7 0 9
31203 cxd4 3 0 3
31204 Bd2 4 0 2
31204 Nc3 1 0 4
31205 a3 1 0 4
31209 O-O 1 0 4
31208 cxd4 3 1 3
31211 b4 3 1 1
31210 cxd4 6 0 4
31212 a3 3 1 1
31214 Nbc3 1 1 3
31217 Bg5 3 0 2
31218 Be3 2 0 4
31220 Be3 4 0 2
31224 Bg5 2 0 4
31225 Re1 2 0 4
31229 O-O 3 0 4
31230 c3 13 0 3
31230 Nf3 3 0 2
31231 Nf3 5 0 2
31231 c3 5 0 1
31233 Qxe2 2 0 3
31234 Nc3 3 0 3
31235 Rg1 2 1 2
31236 Bb7 0 0 5
31237 exd5 5 0 2
31238 d6 3 0 2
31241 O-O 4 0 1
31242 O-O 5 0 0
31245 e5 3 0 4
31248 c5 1 0 4
31253 O-O 6 1 5
31253 c5 7 0 4
31254 O-O 1 0 6
31254 c5 2 1 2
31257 Bg7 5 1 4
31258 Bg7 2 1 2
31259 Bg4 2 1 5
31265 Kxf7 6 0 1
31270 Na6 5 0 1
31276 cxb5 2 0 3
31277 Nd7 13 0 1
31278 Bd7 16 1 4
31280 O-O-O 2 0 3
31283 Ne4 3 0 3
31286 Bc7 7 0 1
31288 e6 2 0 3
31292 Ne4 0 0 5
31293 Bd6 3 0 7
31294 Bxg7 1 1 4
31295 O-O-O 5 1 5
31296 O-O 3 0 2
31297 d6 2 0 5
31298 Bf5 2 0 5
31299 O-O 2 0 3
31302 Qxf6 0 0 6
31303 Bxc6 3 0 2
31304 Nc6 6 0 1
31305 Qb6 1 2 3
31307 d5 2 1 3
31308 Nd5 2 0 4
31311 Bg7 3 0 3
31313 a6 6 0 6
31320 Nxe4 1 1 3
31321 Qf6 11 0 7
31321 Qe7 3 2 4
31322 b5 5 1 7
31326 Be7 2 0 3
31325 Be7 2 0 3
31325 Bb4 1 0 4
31328 cxd5 2 0 4
31329 Nf6 0 0 5
31332 O-O 7 0 3
31334 Qxb2 1 0 5
31339 Nd5 4 0 2
31341 Nf6 0 0 5
31342 Bxf5 3 0 6
31343 Be7 6 1 5
31345 Be7 0 0 5
31346 Nbxd7 3 0 2
31347 Bxf5 2 0 4
31348 Be7 2 0 4
31348 b5 1 0 4
31350 Bxf5 5 0 2
31352 Be7 8 1 3
31354 Be6 21 2 15
31356 Be6 4 0 3
31356 Be7 1 0 5
31360 Be7 3 0 3
31359 Be7 2 1 5
31361 Be7 2 0 4
31358 Be7 6 1 4
31358 Qb6 2 0 4
31364 Be6 4 0 5
31366 Be6 4 0 1
31367 Be7 3 1 2
31369 a6 1 0 4
31370 O-O 2 0 3
31375 O-O 2 1 3
31374 O-O 7 0 7
31372 a6 6 0 2
31372 O-O 1 0 6
31372 Nc6 2 0 3
31373 O-O 6 0 7
31373 a6 5 0 1
31379 O-O 2 0 3
31380 Nf6 6 0 4
31384 cxd5 6 0 4
31385 cxd5 7 1 0
31389 bxc6 4 0 1
31391 O-O 3 0 3
31393 Qxb2 1 0 7
31399 Nf6 4 0 2
31402 Nf6 2 1 2
31403 Nb8 3 0 3
31408 h6 3 1 1
31409 Bh7 6 1 5
31410 Nf6 2 1 3
31416 Nd7 2 0 5
31417 Qb6 2 1 2
31420 O-O-O 3 0 3
31422 Bg6 3 0 2
31423 Qa3 2 1 3
31426 O-O 4 0 1
31427 Nd4 2 0 3
31430 Bg4 4 0 2
31431 Qg5 5 1 5
31432 Bxf1 2 1 3
31433 exd4 3 0 2
31436 Qg6 6 0 1
31438 Qg5 2 0 3
31439 Bxf1 3 0 3
31440 c6 5 0 1
31441 O-O 5 0 0
31443 bxc6 4 0 8
31444 Ke6 1 1 3
31446 bxc6 6 0 8
31447 Ke6 6 1 2
31447 Ke8 2 0 3
31449 Qxd7 3 0 2
31453 Be7 2 2 1
31454 Bxc6 4 0 5
31456 Bxc6 4 1 0
31458 Qxe2 5 0 3
31459 Bb6 1 2 2
31461 Bb6 2 0 3
31465 cxd5 5 0 0
31469 O-O 1 0 4
31473 O-O 20 1 27
31473 d6 6 0 6
31476 O-O 14 1 10
31476 d6 6 0 1
31477 O-O 3 0 5
31479 O-O 4 0 3
31481 Qxe2 3 0 6
31483 Bg4 1 0 6
31482 Qxe2 9 1 20
31485 Bxf3 4 1 4
31489 Nf6 2 2 6
31490 Bc5 4 0 7
31490 Nf6 4 0 2
31492 Bg6 1 0 6
31494 Nf6 5 0 4
31495 Qd7 1 0 4
31498 Kxd8 7 0 0
31499 bxc6 6 2 3
31500 Nf6 2 1 4
31501 exd4 1 0 4
31505 Bb6 2 0 4
31506 Nxd4 3 0 2
31509 dxc3 4 1 6
31508 Bb4 5 2 5
31508 Bb6 5 0 3
31512 Bxd2 27 1 24
31512 Nxe4 12 1 14
31513 Nxe4 15 1 17
31513 O-O 2 0 3
31517 Bxd2 7 1 5
31516 Bg4 7 1 3
31516 Bxc3 5 0 1
31516 Nf6 4 0 1
31518 Bg4 3 0 4
31521 Bxd2 5 0 3
31524 Kxf7 3 0 7
31525 Ng4 2 0 3
31526 Qf6 5 0 7
31530 Qe7 1 0 4
31531 Qxe4 1 0 4
31532 Nf3 0 0 14
31534 Qa5 3 1 2
31535 d5 3 0 4
31535 Nxe4 4 0 2
31537 Qh4 2 0 5
31536 Qh4 3 0 5
31538 Ke8 5 0 1
31540 Qxd7 6 0 12
31541 Bd6 4 0 3
31542 bxc6 28 4 46
31543 Nxd5 3 0 3
31546 Nxd6 0 0 6
31548 bxc4 6 0 2
31549 Qxc7 1 0 4
31550 Qc6 1 1 10
31551 Ke6 24 0 14
31551 Ke8 25 2 5
31551 Qf6 7 0 6
31551 Ke7 6 0 1
31551 Kg8 5 0 0
31552 fxe6 2 0 5
31554 Nd4 3 0 3
31556 Qxc6 0 0 7
31559 d5 1 0 4
31561 bxc6 6 0 1
31562 d6 0 2 5
31563 Ba7 4 1 0
31564 Bb6 2 1 2
31572 Qe7 3 0 3
31573 Nf6 2 1 3
31574 Qe7 3 0 2
31578 Nxd4 7 0 1
31580 Ng6 2 0 3
31586 Bxd4 1 1 4
31587 dxe5 2 0 4
31592 d6 2 1 6
31598 Ke8 4 0 3
31600 Bb6 1 1 3
31602 dxc6 3 0 2
31603 Qxc5 4 0 1
31604 Nf6 5 0 1
31606 Be6 1 0 4
31608 O-O 4 0 2
31609 Nf6 3 0 7
31610 O-O 5 0 1
31611 O-O 5 2 0
31613 Bb4 2 1 2
31615 Bxf6 3 0 2
31617 g6 3 1 1
31619 Bc5 4 1 2
31621 Be7 8 0 9
31622 Bf6 2 0 3
31624 Bxe7 9 1 3
31627 Be7 3 0 4
31626 dxe5 3 3 2
31630 Be7 6 1 3
31632 dxe5 2 1 2
31635 dxc6 6 0 1
31636 Nf6 3 0 2
31640 Qxe2 3 0 2
31641 Bxe7 3 1 9
31643 Nd7 4 0 2
31645 Qxe2 6 0 4
31646 Bxe7 8 1 6
31647 O-O 2 3 2
31649 Bg4 5 0 0
31650 Be6 4 0 2
31653 Nd4 3 0 4
31659 h6 4 0 2
31658 Rxf8 3 0 4
31658 Qxf8 3 0 2
31660 Kxd8 3 0 2
31664 Be7 3 0 2
31666 b6 8 0 3
31667 Nxf6 4 0 2
31668 Rxg8 4 0 1
31669 f6 1 1 3
31671 Nf6 2 1 2
31672 Be7 3 0 2
31673 Nc6 4 0 4
31675 a6 2 1 2
31677 Nc6 2 0 4
31680 g6 4 1 1
31681 Nf6 3 0 4
31684 Kh6 9 0 2
31690 Bxf6 1 0 5
31692 O-O 2 1 3
31693 Re8 3 0 3
31694 O-O 2 0 3
31700 Kxf7 3 0 4
31704 Kxf7 3 1 3
31712 d6 3 0 3
31714 Nd7 2 0 8
31716 O-O 1 0 5
31725 Be7 2 1 6
31725 Nc6 2 0 3
31729 Ne4 0 0 5
31731 Bb7 0 0 6
31733 Qb6 5 0 2
31739 Bb4 2 0 6
31740 Qxc3 1 0 7
31741 Nge7 7 0 6
31742 Bb4 2 0 3
31749 Nge7 6 0 4
31753 h6 2 0 3
31759 Qd5 3 0 2
31758 Qd5 12 0 3
31760 Qd5 4 0 2
31761 Qd5 4 0 1
31766 Nxd4 5 0 2
31769 Ne2 5 0 0
31770 d5 2 0 4
31772 Ne2 5 1 4
31773 Ne2 5 0 3
31774 Bc4 1 0 6
31776 Ne2 5 1 3
31779 Qxd5 6 0 1
31782 Qxb5 8 0 1
31783 Qf3 8 1 2
31783 Qb7 5 0 1
31785 Bxe7 2 0 3
31786 f4 7 0 1
31788 O-O 0 0 5
31789 c3 3 0 7
31792 Bd3 3 0 2
31794 Nc3 2 0 4
31797 e5 3 0 2
31798 O-O 6 0 1
31800 exd5 2 1 3
31803 Na3 5 0 4
31805 Qxf6 3 0 2
31805 Qc7 4 0 1
31807 Nd5 5 0 7
31809 O-O 2 0 3
31811 O-O 2 0 4
31813 Qd2 3 0 2
31814 Bd4 1 0 5
31817 exf5 3 0 6
31818 Bd3 2 1 4
31820 O-O 3 0 2
31821 exf5 2 0 4
31824 exf5 5 0 2
31825 O-O 3 1 1
31826 f3 9 0 7
31826 Bd3 5 0 3
31826 Qd2 4 1 2
31828 Qd2 1 0 4
31830 O-O 0 1 5
31831 O-O-O 2 0 3
31832 Qf3 5 1 4
31834 Be3 4 0 2
31836 Be3 3 1 1
31840 O-O 4 0 1
31844 Qd2 5 0 6
31847 Bg5 5 0 4
31848 O-O 5 0 2
31850 e5 4 0 1
31851 Bc4 3 0 2
31853 Qe2 4 0 1
31857 Nf3 3 0 3
31859 Be3 1 0 5
31860 Qxb6 2 1 2
31864 O-O-O 4 0 1
31866 a3 4 0 2
31867 g3 3 0 3
31869 Nxd4 3 0 2
31872 Bxf1 3 0 2
31873 h3 5 0 1
31875 Be2 2 0 6
31877 Ba4 3 0 6
31877 Be2 3 0 2
31879 Bxd5 2 0 3
31882 e5 3 0 5
31884 Kxe2 5 0 3
31889 c3 13 0 22
31889 a4 4 1 3
31890 h3 1 0 5
31890 c3 5 0 1
31891 c3 4 1 7
31891 h3 8 0 3
31892 h3 5 0 1
31893 Re1 2 0 4
31895 Kxe2 3 0 6
31897 Kxe2 9 1 20
31898 Qxf3 4 1 4
31899 Bg5 1 2 2
31903 Nc3 2 0 3
31905 Nxe5 6 0 0
31906 O-O 5 2 2
31911 Bxf7 2 1 5
31912 Bd2 4 2 2
31913 O-O 4 0 1
31914 Nbxd2 27 1 19
31914 Qxd2 0 0 5
31915 Bxb4 12 1 13
31916 O-O 11 1 14
31918 Nbxd2 5 0 4
31920 bxc3 5 0 1
31923 Nbxd2 4 0 2
31924 Bg5 2 0 4
31926 Nxc7 1 0 5
31928 Be2 1 0 4
31931 exd5 3 0 4
31933 g3 2 0 4
31934 Qf3 2 0 3
31935 Nxh8 5 0 1
31936 Nc3 3 0 6
31936 O-O 3 0 4
31938 Ba4 11 2 29
31938 Be2 9 1 5
31938 Qf3 4 1 6
31938 Bd3 4 0 5
31941 dxe5 3 0 2
31943 Nxh8 0 0 5
31944 Nc3 23 0 7
31947 Bxd5 6 0 1
31945 Bxd5 25 2 5
31948 Bxd5 5 0 0
31946 Bxd5 7 0 6
31951 O-O 0 0 7
31954 e5 0 1 4
31960 Qxd4 7 0 1
31961 e5 2 0 3
31962 Qxd4 1 1 4
31965 Qxc5 3 0 3
31966 O-O 1 1 3
31975 Bd2 2 1 2
31976 e5 3 0 2
31978 O-O 3 1 2
31979 Bg5 5 0 7
31981 Bc4 4 0 1
31981 Nc3 4 0 1
31983 Qxd8 3 3 1
31984 O-O-O 4 0 1
31988 Bxe2 3 0 2
31989 d4 1 0 4
31990 Re1 4 0 1
31991 Bxe2 6 0 4
31992 Bg5 6 1 3
31995 Ng5 4 0 2
31996 Qd1 3 0 4
32002 Nc3 7 0 1
32008 Be3 2 0 3
32010 O-O-O 1 0 4
32013 d4 5 0 2
32018 Qb3 3 0 4
32019 Qxd8 3 1 3
32020 Nd3 3 0 2
32022 O-O 1 0 4
32023 O-O-O 2 1 6
32024 Qd2 2 0 3
32025 Re1 0 0 5
32026 h4 0 0 5
32028 Nc3 2 0 4
32029 Rc1 0 0 5
32030 Bd3 4 0 1
32030 b4 1 0 4
32032 b4 4 0 3
32034 Nc3 3 0 2
32035 Nf3 10 0 3
32038 Be7 5 0 2
32040 Ne7 2 0 4
32041 c5 5 1 4
32043 c5 1 0 6
32044 Nc6 4 0 2
32045 Be6 5 0 1
32049 Qxe7 2 0 3
32050 O-O 6 0 1
32052 O-O 3 0 5
32054 e6 1 0 4
32056 O-O 6 0 1
32057 cxd5 2 1 2
32058 b5 4 0 4
32059 Nxf6 3 0 2
32061 Nf6 2 0 7
32062 O-O 2 0 3
32065 Bxd4 1 0 5
32066 Be7 2 0 6
32067 O-O 0 1 4
32069 Be7 2 0 4
32073 Be7 5 0 3
32074 Be7 4 1 1
32072 Be7 8 0 7
32078 Qc7 4 1 4
32080 O-O 3 1 1
32081 a6 4 0 1
32082 Nc6 3 0 6
32088 e6 2 0 3
32090 axb6 2 1 2
32092 Bxf3 4 0 2
32093 Bxf1 3 0 3
32096 cxd5 5 0 1
32101 dxe5 1 0 4
32104 b4 4 1 3
32103 d5 8 0 19
32103 d6 3 0 2
32107 d5 3 0 7
32108 d6 4 0 2
32112 Bg4 6 1 16
32112 Nf6 2 0 3
32113 Bxe5 4 1 4
32117 Nf6 4 1 2
32118 Kxf7 2 1 5
32119 Bxd2 2 2 2
32121 d6 13 1 5
32121 O-O 5 0 9
32121 d5 7 0 5
32123 Nxb4 12 1 13
32124 Bxc3 4 1 8
32124 Nxc3 6 0 6
32125 Bg4 4 0 4
32129 Kd7 1 0 5
32131 Bg4 3 0 4
32132 Nxg3 2 0 3
32135 Nxd5 2 0 6
32136 Nxd5 2 0 3
32137 h6 2 1 13
32137 Bc5 1 0 5
32137 Nd5 3 0 2
32140 h6 2 0 3
32138 h6 2 1 4
32142 Qxg2 0 0 5
32143 Nb4 11 0 3
32143 Nd4 4 0 3
32143 Ne7 6 0 1
32145 Nd4 9 0 0
32145 Qf6 3 1 3
32147 Be6 5 0 5
32148 Bb7 0 0 7
32150 Qf6 4 0 1
32154 O-O 1 1 3
32158 O-O 1 0 5
32158 d6 3 0 2
32161 Kxd8 3 3 1
32166 Be7 6 0 4
32167 O-O 6 1 1
32172 Nxd4 1 0 4
32173 g5 3 0 2
32174 d5 1 0 4
32175 Bb4 3 1 3
32178 Be6 1 1 3
32180 f5 0 0 5
32186 Nf5 4 0 3
32188 Bf5 10 0 3
32189 Nc3 5 0 2
32191 O-O 4 1 2
32192 Ne2 1 0 6
32193 Be3 4 0 1
32194 Qxe4 5 0 1
32196 Nf3 6 0 1
32199 Bg5 6 0 1
32201 Nd5 2 0 4
32203 Bg5 1 0 6
32211 Qd2 6 0 4
32212 O-O-O 4 0 3
32213 f3 3 1 1
32215 O-O-O 3 0 3
32216 Bd3 2 0 3
32217 Nd2 2 1 2
32218 gxf3 3 0 2
32219 Bxf1 2 0 3
32220 Nxd5 5 0 1
32222 d4 2 1 3
32223 exd5 8 0 16
32225 exd5 2 0 7
32226 c3 4 0 2
32227 Re1 6 0 7
32227 h3 0 0 5
32231 Qd5 2 1 5
32234 e5 4 0 6
32235 exd5 6 0 5
32233 O-O 7 0 2
32233 e5 4 0 1
32236 Bxf7 9 1 11
32237 d5 2 0 5
32237 bxc3 2 1 3
32238 bxc3 5 0 5
32239 Qb3 3 0 2
32241 Be2 3 0 2
32243 Nxd5 1 0 4
32245 Nf3 2 0 11
32249 Nf3 2 1 4
32252 Bxd5 4 0 3
32254 Qf7 8 0 0
32255 Bxc6 2 1 2
32256 Bxe6 2 0 4
32258 Be3 4 0 1
32262 Bxf7 3 3 1
32263 Nc3 5 0 1
32264 Nc3 4 1 0
32265 Qxd4 1 0 4
32267 Qxb4 1 0 4
32268 Qd2 3 1 3
32269 Bb5 1 1 3
32271 Be3 3 0 3
32272 Qd1 5 0 2
32273 O-O 4 0 2
32274 Nc6 4 0 2
32275 Nc6 1 0 6
32278 Nbd7 6 0 1
32280 Be7 2 0 3
32281 Be7 1 0 6
32282 O-O 4 0 4
32283 Nbd7 3 0 3
32287 e6 2 1 2
32288 Nc6 3 0 2
32289 O-O-O 2 0 3
32290 Nxd5 5 0 1
32292 Nxd5 4 0 8
32292 e4 4 0 8
32293 e4 2 0 5
32295 O-O-O 3 0 7
32297 Ke8 2 1 5
32298 Ng4 4 0 2
32299 Nxd5 5 0 5
32300 Bg4 5 0 1
32302 Kxf7 8 1 9
32305 Bxc3 5 0 5
32307 Bxe2 3 0 2
32308 Qxd5 1 0 4
32309 e4 0 0 11
32310 e4 2 1 3
32314 Kxe6 2 0 4
32317 c6 4 0 1
32319 Nd7 1 0 4
32321 Bxd2 3 1 3
32323 Nxe3 3 0 3
32325 Bf4 4 0 2
32326 Be3 3 0 2
32327 O-O 1 0 6
32331 O-O-O 2 0 3
32333 Ngf3 2 1 2
32336 exd5 5 0 1
32337 Nxe5 4 0 8
32338 dxc6 3 0 7
32340 Kf1 2 0 5
32341 Qxc5 2 1 5
32345 Qb3 7 1 7
32346 Qb3 2 0 3
32347 Qxe2 3 0 2
32349 Ne5 0 0 6
32351 Qb3 2 0 3
32352 O-O-O 4 0 1
32353 Nd5 1 0 4
32354 Nxd2 3 1 3
32355 fxe3 3 0 3
32361 f5 5 0 1
32362 Nxe5 4 0 8
32363 exf3 3 0 7
32364 Bxf3 1 0 4
32366 d5 6 1 7
32368 Nd4 3 0 2
32369 Qd4 0 0 6
32370 Kd7 2 0 3
32373 Re8 2 1 3
